block	4076	id	4076
block	4076	resistence	0.3
block	4076	enableStats	true
block	4076	needsRandomTick	false
block	4076	bounds	0.000000-1.000000,0.000000-1.000000,0.000000-1.000000
block	4076	stepSound	step.stone
block	4076	particleGravity	1.0
block	4076	material	glass
block	4076	isLiquid	false
block	4076	isSolid	true
block	4076	canBlockGrass	true
block	4076	blocksMovement	true
block	4076	canBurn	false
block	4076	isReplaceable	false
block	4076	isOpaque	false
block	4076	isToolNotRequired	true
block	4076	slipperiness	0.6
block	4076	unlocalizedName	tile.lightsOff
block	4076	isNormalCube	false
block	4076	renderAsNormalBlock	false
block	4076	renderType	0
block	4076	localizedName	tile.lightsOff.name
block	4076	hardness	0.3
block	4076	hasTileEntity	true
block	4076	opaqueCube	false
block	4076	canCollideCheck	true
block	4076	isCollidable	true
block	4076	quantityDropped	1
block	4076	damageDropped	0
block	4076	canProvidePower	false
block	4076	mobilityFlag	0
block	4076	hasComparatorInputOverride	false
block	4077	id	4077
block	4077	resistence	0.3
block	4077	enableStats	true
block	4077	needsRandomTick	false
block	4077	bounds	0.000000-1.000000,0.000000-1.000000,0.000000-1.000000
block	4077	stepSound	step.stone
block	4077	particleGravity	1.0
block	4077	material	glass
block	4077	isLiquid	false
block	4077	isSolid	true
block	4077	canBlockGrass	true
block	4077	blocksMovement	true
block	4077	canBurn	false
block	4077	isReplaceable	false
block	4077	isOpaque	false
block	4077	isToolNotRequired	true
block	4077	slipperiness	0.6
block	4077	unlocalizedName	tile.lightsOn
block	4077	isNormalCube	false
block	4077	renderAsNormalBlock	false
block	4077	renderType	0
block	4077	localizedName	tile.lightsOn.name
block	4077	hardness	0.3
block	4077	hasTileEntity	true
block	4077	opaqueCube	false
block	4077	canCollideCheck	true
block	4077	isCollidable	true
block	4077	quantityDropped	1
block	4077	damageDropped	0
block	4077	canProvidePower	false
block	4077	mobilityFlag	0
block	4077	hasComparatorInputOverride	false
block	4078	id	4078
block	4078	resistence	2.0
block	4078	enableStats	true
block	4078	needsRandomTick	false
block	4078	bounds	0.000000-1.000000,0.000000-1.000000,0.000000-1.000000
block	4078	stepSound	step.stone
block	4078	particleGravity	1.0
block	4078	material	rock
block	4078	isLiquid	false
block	4078	isSolid	true
block	4078	canBlockGrass	true
block	4078	blocksMovement	true
block	4078	canBurn	false
block	4078	isReplaceable	false
block	4078	isOpaque	true
block	4078	isToolNotRequired	false
block	4078	slipperiness	0.6
block	4078	unlocalizedName	tile.miscOne
block	4078	isNormalCube	false
block	4078	renderAsNormalBlock	false
block	4078	renderType	0
block	4078	localizedName	tile.miscOne.name
block	4078	hardness	2.0
block	4078	hasTileEntity	true
block	4078	opaqueCube	false
block	4078	canCollideCheck	true
block	4078	isCollidable	true
block	4078	quantityDropped	1
block	4078	damageDropped	0
block	4078	canProvidePower	false
block	4078	mobilityFlag	0
block	4078	hasComparatorInputOverride	false
block	4079	id	4079
block	4079	resistence	1.2
block	4079	enableStats	true
block	4079	needsRandomTick	false
block	4079	bounds	0.000000-1.000000,0.000000-1.000000,0.000000-1.000000
block	4079	stepSound	step.stone
block	4079	particleGravity	1.0
block	4079	material	wood
block	4079	isLiquid	false
block	4079	isSolid	true
block	4079	canBlockGrass	true
block	4079	blocksMovement	true
block	4079	canBurn	true
block	4079	isReplaceable	false
block	4079	isOpaque	true
block	4079	isToolNotRequired	true
block	4079	slipperiness	0.6
block	4079	unlocalizedName	tile.sofaCorner
block	4079	isNormalCube	false
block	4079	renderAsNormalBlock	false
block	4079	renderType	0
block	4079	localizedName	tile.sofaCorner.name
block	4079	hardness	1.2
block	4079	hasTileEntity	true
block	4079	opaqueCube	false
block	4079	canCollideCheck	true
block	4079	isCollidable	true
block	4079	quantityDropped	1
block	4079	damageDropped	0
block	4079	canProvidePower	false
block	4079	mobilityFlag	0
block	4079	hasComparatorInputOverride	false
block	4080	id	4080
block	4080	resistence	1.2
block	4080	enableStats	true
block	4080	needsRandomTick	false
block	4080	bounds	0.000000-1.000000,0.000000-1.000000,0.000000-1.000000
block	4080	stepSound	step.stone
block	4080	particleGravity	1.0
block	4080	material	wood
block	4080	isLiquid	false
block	4080	isSolid	true
block	4080	canBlockGrass	true
block	4080	blocksMovement	true
block	4080	canBurn	true
block	4080	isReplaceable	false
block	4080	isOpaque	true
block	4080	isToolNotRequired	true
block	4080	slipperiness	0.6
block	4080	unlocalizedName	tile.sofaCenter
block	4080	isNormalCube	false
block	4080	renderAsNormalBlock	false
block	4080	renderType	0
block	4080	localizedName	tile.sofaCenter.name
block	4080	hardness	1.2
block	4080	hasTileEntity	true
block	4080	opaqueCube	false
block	4080	canCollideCheck	true
block	4080	isCollidable	true
block	4080	quantityDropped	1
block	4080	damageDropped	0
block	4080	canProvidePower	false
block	4080	mobilityFlag	0
block	4080	hasComparatorInputOverride	false
block	4081	id	4081
block	4081	resistence	1.2
block	4081	enableStats	true
block	4081	needsRandomTick	false
block	4081	bounds	0.000000-1.000000,0.000000-1.000000,0.000000-1.000000
block	4081	stepSound	step.stone
block	4081	particleGravity	1.0
block	4081	material	wood
block	4081	isLiquid	false
block	4081	isSolid	true
block	4081	canBlockGrass	true
block	4081	blocksMovement	true
block	4081	canBurn	true
block	4081	isReplaceable	false
block	4081	isOpaque	true
block	4081	isToolNotRequired	true
block	4081	slipperiness	0.6
block	4081	unlocalizedName	tile.sofaRight
block	4081	isNormalCube	false
block	4081	renderAsNormalBlock	false
block	4081	renderType	0
block	4081	localizedName	tile.sofaRight.name
block	4081	hardness	1.2
block	4081	hasTileEntity	true
block	4081	opaqueCube	false
block	4081	canCollideCheck	true
block	4081	isCollidable	true
block	4081	quantityDropped	1
block	4081	damageDropped	0
block	4081	canProvidePower	false
block	4081	mobilityFlag	0
block	4081	hasComparatorInputOverride	false
block	4082	id	4082
block	4082	resistence	1.2
block	4082	enableStats	true
block	4082	needsRandomTick	false
block	4082	bounds	0.000000-1.000000,0.000000-1.000000,0.000000-1.000000
block	4082	stepSound	step.stone
block	4082	particleGravity	1.0
block	4082	material	wood
block	4082	isLiquid	false
block	4082	isSolid	true
block	4082	canBlockGrass	true
block	4082	blocksMovement	true
block	4082	canBurn	true
block	4082	isReplaceable	false
block	4082	isOpaque	true
block	4082	isToolNotRequired	true
block	4082	slipperiness	0.6
block	4082	unlocalizedName	tile.sofaLeft
block	4082	isNormalCube	false
block	4082	renderAsNormalBlock	false
block	4082	renderType	0
block	4082	localizedName	tile.sofaLeft.name
block	4082	hardness	1.2
block	4082	hasTileEntity	true
block	4082	opaqueCube	false
block	4082	canCollideCheck	true
block	4082	isCollidable	true
block	4082	quantityDropped	1
block	4082	damageDropped	0
block	4082	canProvidePower	false
block	4082	mobilityFlag	0
block	4082	hasComparatorInputOverride	false
block	4083	id	4083
block	4083	resistence	1.2
block	4083	enableStats	true
block	4083	needsRandomTick	false
block	4083	bounds	0.000000-1.000000,0.000000-1.000000,0.000000-1.000000
block	4083	stepSound	step.stone
block	4083	particleGravity	1.0
block	4083	material	wood
block	4083	isLiquid	false
block	4083	isSolid	true
block	4083	canBlockGrass	true
block	4083	blocksMovement	true
block	4083	canBurn	true
block	4083	isReplaceable	false
block	4083	isOpaque	true
block	4083	isToolNotRequired	true
block	4083	slipperiness	0.6
block	4083	unlocalizedName	tile.armChair
block	4083	isNormalCube	false
block	4083	renderAsNormalBlock	false
block	4083	renderType	0
block	4083	localizedName	tile.armChair.name
block	4083	hardness	1.2
block	4083	hasTileEntity	true
block	4083	opaqueCube	false
block	4083	canCollideCheck	true
block	4083	isCollidable	true
block	4083	quantityDropped	1
block	4083	damageDropped	0
block	4083	canProvidePower	false
block	4083	mobilityFlag	0
block	4083	hasComparatorInputOverride	false
block	4084	id	4084
block	4084	resistence	0.8
block	4084	enableStats	true
block	4084	needsRandomTick	false
block	4084	bounds	0.000000-1.000000,0.000000-1.000000,0.000000-1.000000
block	4084	stepSound	step.stone
block	4084	particleGravity	1.0
block	4084	material	cloth
block	4084	isLiquid	false
block	4084	isSolid	true
block	4084	canBlockGrass	true
block	4084	blocksMovement	true
block	4084	canBurn	true
block	4084	isReplaceable	false
block	4084	isOpaque	true
block	4084	isToolNotRequired	true
block	4084	slipperiness	0.6
block	4084	unlocalizedName	tile.MobHeadsFour
block	4084	isNormalCube	false
block	4084	renderAsNormalBlock	false
block	4084	renderType	0
block	4084	localizedName	tile.MobHeadsFour.name
block	4084	hardness	0.8
block	4084	hasTileEntity	true
block	4084	opaqueCube	false
block	4084	canCollideCheck	true
block	4084	isCollidable	true
block	4084	quantityDropped	1
block	4084	damageDropped	0
block	4084	canProvidePower	false
block	4084	mobilityFlag	0
block	4084	hasComparatorInputOverride	false
block	4085	id	4085
block	4085	resistence	0.8
block	4085	enableStats	true
block	4085	needsRandomTick	false
block	4085	bounds	0.000000-1.000000,0.000000-1.000000,0.000000-1.000000
block	4085	stepSound	step.stone
block	4085	particleGravity	1.0
block	4085	material	cloth
block	4085	isLiquid	false
block	4085	isSolid	true
block	4085	canBlockGrass	true
block	4085	blocksMovement	true
block	4085	canBurn	true
block	4085	isReplaceable	false
block	4085	isOpaque	true
block	4085	isToolNotRequired	true
block	4085	slipperiness	0.6
block	4085	unlocalizedName	tile.MobHeadsThree
block	4085	isNormalCube	false
block	4085	renderAsNormalBlock	false
block	4085	renderType	0
block	4085	localizedName	tile.MobHeadsThree.name
block	4085	hardness	0.8
block	4085	hasTileEntity	true
block	4085	opaqueCube	false
block	4085	canCollideCheck	true
block	4085	isCollidable	true
block	4085	quantityDropped	1
block	4085	damageDropped	0
block	4085	canProvidePower	false
block	4085	mobilityFlag	0
block	4085	hasComparatorInputOverride	false
block	4086	id	4086
block	4086	resistence	0.8
block	4086	enableStats	true
block	4086	needsRandomTick	false
block	4086	bounds	0.000000-1.000000,0.000000-1.000000,0.000000-1.000000
block	4086	stepSound	step.stone
block	4086	particleGravity	1.0
block	4086	material	cloth
block	4086	isLiquid	false
block	4086	isSolid	true
block	4086	canBlockGrass	true
block	4086	blocksMovement	true
block	4086	canBurn	true
block	4086	isReplaceable	false
block	4086	isOpaque	true
block	4086	isToolNotRequired	true
block	4086	slipperiness	0.6
block	4086	unlocalizedName	tile.MobHeadsTwo
block	4086	isNormalCube	false
block	4086	renderAsNormalBlock	false
block	4086	renderType	0
block	4086	localizedName	tile.MobHeadsTwo.name
block	4086	hardness	0.8
block	4086	hasTileEntity	true
block	4086	opaqueCube	false
block	4086	canCollideCheck	true
block	4086	isCollidable	true
block	4086	quantityDropped	1
block	4086	damageDropped	0
block	4086	canProvidePower	false
block	4086	mobilityFlag	0
block	4086	hasComparatorInputOverride	false
block	4087	id	4087
block	4087	resistence	0.8
block	4087	enableStats	true
block	4087	needsRandomTick	false
block	4087	bounds	0.000000-1.000000,0.000000-1.000000,0.000000-1.000000
block	4087	stepSound	step.stone
block	4087	particleGravity	1.0
block	4087	material	cloth
block	4087	isLiquid	false
block	4087	isSolid	true
block	4087	canBlockGrass	true
block	4087	blocksMovement	true
block	4087	canBurn	true
block	4087	isReplaceable	false
block	4087	isOpaque	true
block	4087	isToolNotRequired	true
block	4087	slipperiness	0.6
block	4087	unlocalizedName	tile.MobHeadsOne
block	4087	isNormalCube	false
block	4087	renderAsNormalBlock	false
block	4087	renderType	0
block	4087	localizedName	tile.MobHeadsOne.name
block	4087	hardness	0.8
block	4087	hasTileEntity	true
block	4087	opaqueCube	false
block	4087	canCollideCheck	true
block	4087	isCollidable	true
block	4087	quantityDropped	1
block	4087	damageDropped	0
block	4087	canProvidePower	false
block	4087	mobilityFlag	0
block	4087	hasComparatorInputOverride	false
block	4088	id	4088
block	4088	resistence	1.2
block	4088	enableStats	true
block	4088	needsRandomTick	false
block	4088	bounds	0.000000-1.000000,0.000000-1.000000,0.000000-1.000000
block	4088	stepSound	step.stone
block	4088	particleGravity	1.0
block	4088	material	rock
block	4088	isLiquid	false
block	4088	isSolid	true
block	4088	canBlockGrass	true
block	4088	blocksMovement	true
block	4088	canBurn	false
block	4088	isReplaceable	false
block	4088	isOpaque	true
block	4088	isToolNotRequired	false
block	4088	slipperiness	0.6
block	4088	unlocalizedName	tile.roofingBlocksOne
block	4088	isNormalCube	true
block	4088	renderAsNormalBlock	true
block	4088	renderType	0
block	4088	localizedName	tile.roofingBlocksOne.name
block	4088	hardness	1.2
block	4088	hasTileEntity	true
block	4088	opaqueCube	false
block	4088	canCollideCheck	true
block	4088	isCollidable	true
block	4088	quantityDropped	1
block	4088	damageDropped	0
block	4088	canProvidePower	false
block	4088	mobilityFlag	0
block	4088	hasComparatorInputOverride	false
block	4089	id	4089
block	4089	resistence	3.0
block	4089	enableStats	true
block	4089	needsRandomTick	false
block	4089	bounds	0.000000-1.000000,0.000000-1.000000,0.000000-1.000000
block	4089	stepSound	step.stone
block	4089	particleGravity	1.0
block	4089	material	glass
block	4089	isLiquid	false
block	4089	isSolid	true
block	4089	canBlockGrass	true
block	4089	blocksMovement	true
block	4089	canBurn	false
block	4089	isReplaceable	false
block	4089	isOpaque	false
block	4089	isToolNotRequired	true
block	4089	slipperiness	0.6
block	4089	unlocalizedName	tile.ceramicBlockOne
block	4089	isNormalCube	false
block	4089	renderAsNormalBlock	false
block	4089	renderType	0
block	4089	localizedName	tile.ceramicBlockOne.name
block	4089	hardness	3.0
block	4089	hasTileEntity	true
block	4089	opaqueCube	false
block	4089	canCollideCheck	true
block	4089	isCollidable	true
block	4089	quantityDropped	1
block	4089	damageDropped	0
block	4089	canProvidePower	false
block	4089	mobilityFlag	0
block	4089	hasComparatorInputOverride	false
block	4090	id	4090
block	4090	resistence	3.0
block	4090	enableStats	true
block	4090	needsRandomTick	false
block	4090	bounds	0.000000-1.000000,0.000000-1.000000,0.000000-1.000000
block	4090	stepSound	step.stone
block	4090	particleGravity	1.0
block	4090	material	iron
block	4090	isLiquid	false
block	4090	isSolid	true
block	4090	canBlockGrass	true
block	4090	blocksMovement	true
block	4090	canBurn	false
block	4090	isReplaceable	false
block	4090	isOpaque	true
block	4090	isToolNotRequired	false
block	4090	slipperiness	0.6
block	4090	unlocalizedName	tile.ironBlocksTwo
block	4090	isNormalCube	false
block	4090	renderAsNormalBlock	false
block	4090	renderType	0
block	4090	localizedName	tile.ironBlocksTwo.name
block	4090	hardness	3.0
block	4090	hasTileEntity	true
block	4090	opaqueCube	false
block	4090	canCollideCheck	true
block	4090	isCollidable	true
block	4090	quantityDropped	1
block	4090	damageDropped	0
block	4090	canProvidePower	false
block	4090	mobilityFlag	0
block	4090	hasComparatorInputOverride	false
block	4091	id	4091
block	4091	resistence	3.0
block	4091	enableStats	true
block	4091	needsRandomTick	false
block	4091	bounds	0.000000-1.000000,0.000000-1.000000,0.000000-1.000000
block	4091	stepSound	step.stone
block	4091	particleGravity	1.0
block	4091	material	iron
block	4091	isLiquid	false
block	4091	isSolid	true
block	4091	canBlockGrass	true
block	4091	blocksMovement	true
block	4091	canBurn	false
block	4091	isReplaceable	false
block	4091	isOpaque	true
block	4091	isToolNotRequired	false
block	4091	slipperiness	0.6
block	4091	unlocalizedName	tile.ironBlockOne
block	4091	isNormalCube	false
block	4091	renderAsNormalBlock	false
block	4091	renderType	0
block	4091	localizedName	tile.ironBlockOne.name
block	4091	hardness	3.0
block	4091	hasTileEntity	true
block	4091	opaqueCube	false
block	4091	canCollideCheck	true
block	4091	isCollidable	true
block	4091	quantityDropped	1
block	4091	damageDropped	0
block	4091	canProvidePower	false
block	4091	mobilityFlag	0
block	4091	hasComparatorInputOverride	false
block	4092	id	4092
block	4092	resistence	3.0
block	4092	enableStats	true
block	4092	needsRandomTick	false
block	4092	bounds	0.000000-1.000000,0.000000-0.800000,0.000000-1.000000
block	4092	stepSound	step.stone
block	4092	particleGravity	1.0
block	4092	material	iron
block	4092	isLiquid	false
block	4092	isSolid	true
block	4092	canBlockGrass	true
block	4092	blocksMovement	true
block	4092	canBurn	false
block	4092	isReplaceable	false
block	4092	isOpaque	true
block	4092	isToolNotRequired	false
block	4092	slipperiness	0.6
block	4092	unlocalizedName	tile.bathBlock
block	4092	isNormalCube	false
block	4092	renderAsNormalBlock	false
block	4092	renderType	0
block	4092	localizedName	Bath
block	4092	hardness	3.0
block	4092	hasTileEntity	true
block	4092	opaqueCube	false
block	4092	canCollideCheck	true
block	4092	isCollidable	true
block	4092	quantityDropped	1
block	4092	damageDropped	0
block	4092	canProvidePower	false
block	4092	mobilityFlag	0
block	4092	hasComparatorInputOverride	false
block	4093	id	4093
block	4093	resistence	2.0
block	4093	enableStats	true
block	4093	needsRandomTick	false
block	4093	bounds	0.000000-1.000000,0.000000-1.000000,0.000000-1.000000
block	4093	stepSound	step.wood
block	4093	particleGravity	1.0
block	4093	material	wood
block	4093	isLiquid	false
block	4093	isSolid	true
block	4093	canBlockGrass	true
block	4093	blocksMovement	true
block	4093	canBurn	true
block	4093	isReplaceable	false
block	4093	isOpaque	true
block	4093	isToolNotRequired	true
block	4093	slipperiness	0.6
block	4093	unlocalizedName	tile.woodBlocksThree
block	4093	isNormalCube	false
block	4093	renderAsNormalBlock	false
block	4093	renderType	0
block	4093	localizedName	tile.woodBlocksThree.name
block	4093	hardness	2.0
block	4093	hasTileEntity	true
block	4093	opaqueCube	false
block	4093	canCollideCheck	true
block	4093	isCollidable	true
block	4093	quantityDropped	1
block	4093	damageDropped	0
block	4093	canProvidePower	false
block	4093	mobilityFlag	0
block	4093	hasComparatorInputOverride	false
block	4094	id	4094
block	4094	resistence	2.0
block	4094	enableStats	true
block	4094	needsRandomTick	false
block	4094	bounds	0.000000-1.000000,0.000000-1.000000,0.000000-1.000000
block	4094	stepSound	step.wood
block	4094	particleGravity	1.0
block	4094	material	wood
block	4094	isLiquid	false
block	4094	isSolid	true
block	4094	canBlockGrass	true
block	4094	blocksMovement	true
block	4094	canBurn	true
block	4094	isReplaceable	false
block	4094	isOpaque	true
block	4094	isToolNotRequired	true
block	4094	slipperiness	0.6
block	4094	unlocalizedName	tile.woodBlocksTwo
block	4094	isNormalCube	false
block	4094	renderAsNormalBlock	false
block	4094	renderType	0
block	4094	localizedName	tile.woodBlocksTwo.name
block	4094	hardness	2.0
block	4094	hasTileEntity	true
block	4094	opaqueCube	false
block	4094	canCollideCheck	true
block	4094	isCollidable	true
block	4094	quantityDropped	1
block	4094	damageDropped	0
block	4094	canProvidePower	false
block	4094	mobilityFlag	0
block	4094	hasComparatorInputOverride	false
block	4095	id	4095
block	4095	resistence	2.0
block	4095	enableStats	true
block	4095	needsRandomTick	false
block	4095	bounds	0.000000-1.000000,0.000000-1.000000,0.000000-1.000000
block	4095	stepSound	step.wood
block	4095	particleGravity	1.0
block	4095	material	wood
block	4095	isLiquid	false
block	4095	isSolid	true
block	4095	canBlockGrass	true
block	4095	blocksMovement	true
block	4095	canBurn	true
block	4095	isReplaceable	false
block	4095	isOpaque	true
block	4095	isToolNotRequired	true
block	4095	slipperiness	0.6
block	4095	unlocalizedName	tile.woodBlocks
block	4095	isNormalCube	false
block	4095	renderAsNormalBlock	false
block	4095	renderType	0
block	4095	localizedName	tile.woodBlocks.name
block	4095	hardness	2.0
block	4095	hasTileEntity	true
block	4095	opaqueCube	false
block	4095	canCollideCheck	true
block	4095	isCollidable	true
block	4095	quantityDropped	1
block	4095	damageDropped	0
block	4095	canProvidePower	false
block	4095	mobilityFlag	0
block	4095	hasComparatorInputOverride	false
item	4076	id	4076
item	4076	gid	jammyfurniture/tile.lightsOff
item	4076	itemStackLimit	64
item	4076	hasSubtypes	true
item	4076	maxDamage	0
item	4076	isDamageable	false
item	4076	localizedName	tile.lightsOff.light
item	4076	unlocalizedName	tile.lightsOff
item	4076	hasContainerItem	false
item	4076	statName	tile.lightsOff.name
item	4076	isMap	false
item	4076	itemUseAction	none
item	4076	maxItemUseDuration	0
item	4076	potionEffect	null
item	4076	isPotionIngredient	false
item	4076	itemDisplayName	
item	4076	isItemTool	false
item	4076	enchantability	0
item	4076	isRepairable	false
item	4076	isItemBlock	true
item	4077	id	4077
item	4077	gid	jammyfurniture/tile.lightsOn
item	4077	itemStackLimit	64
item	4077	hasSubtypes	true
item	4077	maxDamage	0
item	4077	isDamageable	false
item	4077	localizedName	tile.lightsOn.light
item	4077	unlocalizedName	tile.lightsOn
item	4077	hasContainerItem	false
item	4077	statName	tile.lightsOn.name
item	4077	isMap	false
item	4077	itemUseAction	none
item	4077	maxItemUseDuration	0
item	4077	potionEffect	null
item	4077	isPotionIngredient	false
item	4077	itemDisplayName	Light
item	4077	isItemTool	false
item	4077	enchantability	0
item	4077	isRepairable	false
item	4077	isItemBlock	true
item	4078	id	4078
item	4078	gid	jammyfurniture/tile.miscOne
item	4078	itemStackLimit	64
item	4078	hasSubtypes	true
item	4078	maxDamage	0
item	4078	isDamageable	false
item	4078	localizedName	tile.miscOne.Chimney
item	4078	unlocalizedName	tile.miscOne
item	4078	hasContainerItem	false
item	4078	statName	tile.miscOne.name
item	4078	isMap	false
item	4078	itemUseAction	none
item	4078	maxItemUseDuration	0
item	4078	potionEffect	null
item	4078	isPotionIngredient	false
item	4078	itemDisplayName	Chimney
item	4078	isItemTool	false
item	4078	enchantability	0
item	4078	isRepairable	false
item	4078	isItemBlock	true
item	4079	id	4079
item	4079	gid	jammyfurniture/tile.sofaCorner
item	4079	itemStackLimit	64
item	4079	hasSubtypes	true
item	4079	maxDamage	0
item	4079	isDamageable	false
item	4079	localizedName	tile.sofaCorner.SofaCornerRed
item	4079	unlocalizedName	tile.sofaCorner
item	4079	hasContainerItem	false
item	4079	statName	tile.sofaCorner.name
item	4079	isMap	false
item	4079	itemUseAction	none
item	4079	maxItemUseDuration	0
item	4079	potionEffect	null
item	4079	isPotionIngredient	false
item	4079	itemDisplayName	Sofa Part (Corner)
item	4079	isItemTool	false
item	4079	enchantability	0
item	4079	isRepairable	false
item	4079	isItemBlock	true
item	4080	id	4080
item	4080	gid	jammyfurniture/tile.sofaCenter
item	4080	itemStackLimit	64
item	4080	hasSubtypes	true
item	4080	maxDamage	0
item	4080	isDamageable	false
item	4080	localizedName	tile.sofaCenter.SofaCenterRed
item	4080	unlocalizedName	tile.sofaCenter
item	4080	hasContainerItem	false
item	4080	statName	tile.sofaCenter.name
item	4080	isMap	false
item	4080	itemUseAction	none
item	4080	maxItemUseDuration	0
item	4080	potionEffect	null
item	4080	isPotionIngredient	false
item	4080	itemDisplayName	Sofa Part (Center)
item	4080	isItemTool	false
item	4080	enchantability	0
item	4080	isRepairable	false
item	4080	isItemBlock	true
item	4081	id	4081
item	4081	gid	jammyfurniture/tile.sofaRight
item	4081	itemStackLimit	64
item	4081	hasSubtypes	true
item	4081	maxDamage	0
item	4081	isDamageable	false
item	4081	localizedName	tile.sofaRight.SofaRightRed
item	4081	unlocalizedName	tile.sofaRight
item	4081	hasContainerItem	false
item	4081	statName	tile.sofaRight.name
item	4081	isMap	false
item	4081	itemUseAction	none
item	4081	maxItemUseDuration	0
item	4081	potionEffect	null
item	4081	isPotionIngredient	false
item	4081	itemDisplayName	Sofa Part (Right)
item	4081	isItemTool	false
item	4081	enchantability	0
item	4081	isRepairable	false
item	4081	isItemBlock	true
item	4082	id	4082
item	4082	gid	jammyfurniture/tile.sofaLeft
item	4082	itemStackLimit	64
item	4082	hasSubtypes	true
item	4082	maxDamage	0
item	4082	isDamageable	false
item	4082	localizedName	tile.sofaLeft.SofaLeftRed
item	4082	unlocalizedName	tile.sofaLeft
item	4082	hasContainerItem	false
item	4082	statName	tile.sofaLeft.name
item	4082	isMap	false
item	4082	itemUseAction	none
item	4082	maxItemUseDuration	0
item	4082	potionEffect	null
item	4082	isPotionIngredient	false
item	4082	itemDisplayName	Sofa Part (Left)
item	4082	isItemTool	false
item	4082	enchantability	0
item	4082	isRepairable	false
item	4082	isItemBlock	true
item	4083	id	4083
item	4083	gid	jammyfurniture/tile.armChair
item	4083	itemStackLimit	64
item	4083	hasSubtypes	true
item	4083	maxDamage	0
item	4083	isDamageable	false
item	4083	localizedName	tile.armChair.ArmChairRed
item	4083	unlocalizedName	tile.armChair
item	4083	hasContainerItem	false
item	4083	statName	tile.armChair.name
item	4083	isMap	false
item	4083	itemUseAction	none
item	4083	maxItemUseDuration	0
item	4083	potionEffect	null
item	4083	isPotionIngredient	false
item	4083	itemDisplayName	Arm Chair
item	4083	isItemTool	false
item	4083	enchantability	0
item	4083	isRepairable	false
item	4083	isItemBlock	true
item	4084	id	4084
item	4084	gid	jammyfurniture/tile.MobHeadsFour
item	4084	itemStackLimit	64
item	4084	hasSubtypes	true
item	4084	maxDamage	0
item	4084	isDamageable	false
item	4084	localizedName	tile.MobHeadsFour.EndermanHead
item	4084	unlocalizedName	tile.MobHeadsFour
item	4084	hasContainerItem	false
item	4084	statName	tile.MobHeadsFour.name
item	4084	isMap	false
item	4084	itemUseAction	none
item	4084	maxItemUseDuration	0
item	4084	potionEffect	null
item	4084	isPotionIngredient	false
item	4084	itemDisplayName	Enderman Head
item	4084	isItemTool	false
item	4084	enchantability	0
item	4084	isRepairable	false
item	4084	isItemBlock	true
item	4085	id	4085
item	4085	gid	jammyfurniture/tile.MobHeadsThree
item	4085	itemStackLimit	64
item	4085	hasSubtypes	true
item	4085	maxDamage	0
item	4085	isDamageable	false
item	4085	localizedName	tile.MobHeadsThree.SteveHead
item	4085	unlocalizedName	tile.MobHeadsThree
item	4085	hasContainerItem	false
item	4085	statName	tile.MobHeadsThree.name
item	4085	isMap	false
item	4085	itemUseAction	none
item	4085	maxItemUseDuration	0
item	4085	potionEffect	null
item	4085	isPotionIngredient	false
item	4085	itemDisplayName	Steve Head
item	4085	isItemTool	false
item	4085	enchantability	0
item	4085	isRepairable	false
item	4085	isItemBlock	true
item	4086	id	4086
item	4086	gid	jammyfurniture/tile.MobHeadsTwo
item	4086	itemStackLimit	64
item	4086	hasSubtypes	true
item	4086	maxDamage	0
item	4086	isDamageable	false
item	4086	localizedName	tile.MobHeadsTwo.PigHead
item	4086	unlocalizedName	tile.MobHeadsTwo
item	4086	hasContainerItem	false
item	4086	statName	tile.MobHeadsTwo.name
item	4086	isMap	false
item	4086	itemUseAction	none
item	4086	maxItemUseDuration	0
item	4086	potionEffect	null
item	4086	isPotionIngredient	false
item	4086	itemDisplayName	Pig Head
item	4086	isItemTool	false
item	4086	enchantability	0
item	4086	isRepairable	false
item	4086	isItemBlock	true
item	4087	id	4087
item	4087	gid	jammyfurniture/tile.MobHeadsOne
item	4087	itemStackLimit	64
item	4087	hasSubtypes	true
item	4087	maxDamage	0
item	4087	isDamageable	false
item	4087	localizedName	tile.MobHeadsOne.ChickenHead
item	4087	unlocalizedName	tile.MobHeadsOne
item	4087	hasContainerItem	false
item	4087	statName	tile.MobHeadsOne.name
item	4087	isMap	false
item	4087	itemUseAction	none
item	4087	maxItemUseDuration	0
item	4087	potionEffect	null
item	4087	isPotionIngredient	false
item	4087	itemDisplayName	Chicken Head
item	4087	isItemTool	false
item	4087	enchantability	0
item	4087	isRepairable	false
item	4087	isItemBlock	true
item	4088	id	4088
item	4088	gid	jammyfurniture/tile.roofingBlocksOne
item	4088	itemStackLimit	64
item	4088	hasSubtypes	true
item	4088	maxDamage	0
item	4088	isDamageable	false
item	4088	localizedName	tile.roofingBlocksOne.RoofingNormal
item	4088	unlocalizedName	tile.roofingBlocksOne
item	4088	hasContainerItem	false
item	4088	statName	tile.roofingBlocksOne.name
item	4088	isMap	false
item	4088	itemUseAction	none
item	4088	maxItemUseDuration	0
item	4088	potionEffect	null
item	4088	isPotionIngredient	false
item	4088	itemDisplayName	Roofing
item	4088	isItemTool	false
item	4088	enchantability	0
item	4088	isRepairable	false
item	4088	isItemBlock	true
item	4089	id	4089
item	4089	gid	jammyfurniture/tile.ceramicBlockOne
item	4089	itemStackLimit	64
item	4089	hasSubtypes	true
item	4089	maxDamage	0
item	4089	isDamageable	false
item	4089	localizedName	tile.ceramicBlockOne.BathroomCupboard
item	4089	unlocalizedName	tile.ceramicBlockOne
item	4089	hasContainerItem	false
item	4089	statName	tile.ceramicBlockOne.name
item	4089	isMap	false
item	4089	itemUseAction	none
item	4089	maxItemUseDuration	0
item	4089	potionEffect	null
item	4089	isPotionIngredient	false
item	4089	itemDisplayName	Bathroom Cupboard
item	4089	isItemTool	false
item	4089	enchantability	0
item	4089	isRepairable	false
item	4089	isItemBlock	true
item	4090	id	4090
item	4090	gid	jammyfurniture/tile.ironBlocksTwo
item	4090	itemStackLimit	64
item	4090	hasSubtypes	true
item	4090	maxDamage	0
item	4090	isDamageable	false
item	4090	localizedName	tile.ironBlocksTwo.Dishwasher
item	4090	unlocalizedName	tile.ironBlocksTwo
item	4090	hasContainerItem	false
item	4090	statName	tile.ironBlocksTwo.name
item	4090	isMap	false
item	4090	itemUseAction	none
item	4090	maxItemUseDuration	0
item	4090	potionEffect	null
item	4090	isPotionIngredient	false
item	4090	itemDisplayName	Dishwasher
item	4090	isItemTool	false
item	4090	enchantability	0
item	4090	isRepairable	false
item	4090	isItemBlock	true
item	4091	id	4091
item	4091	gid	jammyfurniture/tile.ironBlockOne
item	4091	itemStackLimit	64
item	4091	hasSubtypes	true
item	4091	maxDamage	0
item	4091	isDamageable	false
item	4091	localizedName	tile.ironBlockOne.Fridge
item	4091	unlocalizedName	tile.ironBlockOne
item	4091	hasContainerItem	false
item	4091	statName	tile.ironBlockOne.name
item	4091	isMap	false
item	4091	itemUseAction	none
item	4091	maxItemUseDuration	0
item	4091	potionEffect	null
item	4091	isPotionIngredient	false
item	4091	itemDisplayName	Fridge
item	4091	isItemTool	false
item	4091	enchantability	0
item	4091	isRepairable	false
item	4091	isItemBlock	true
item	4092	id	4092
item	4092	gid	jammyfurniture/tile.bathBlock
item	4092	itemStackLimit	64
item	4092	hasSubtypes	false
item	4092	maxDamage	0
item	4092	isDamageable	false
item	4092	localizedName	tile.bathBlock
item	4092	unlocalizedName	tile.bathBlock
item	4092	hasContainerItem	false
item	4092	statName	Bath
item	4092	isMap	false
item	4092	itemUseAction	none
item	4092	maxItemUseDuration	0
item	4092	potionEffect	null
item	4092	isPotionIngredient	false
item	4092	itemDisplayName	Bath
item	4092	isItemTool	false
item	4092	enchantability	0
item	4092	isRepairable	false
item	4092	isItemBlock	true
item	4093	id	4093
item	4093	gid	jammyfurniture/tile.woodBlocksThree
item	4093	itemStackLimit	64
item	4093	hasSubtypes	true
item	4093	maxDamage	0
item	4093	isDamageable	false
item	4093	localizedName	tile.woodBlocksThree.Chair
item	4093	unlocalizedName	tile.woodBlocksThree
item	4093	hasContainerItem	false
item	4093	statName	tile.woodBlocksThree.name
item	4093	isMap	false
item	4093	itemUseAction	none
item	4093	maxItemUseDuration	0
item	4093	potionEffect	null
item	4093	isPotionIngredient	false
item	4093	itemDisplayName	Chair
item	4093	isItemTool	false
item	4093	enchantability	0
item	4093	isRepairable	false
item	4093	isItemBlock	true
item	4094	id	4094
item	4094	gid	jammyfurniture/tile.woodBlocksTwo
item	4094	itemStackLimit	64
item	4094	hasSubtypes	true
item	4094	maxDamage	0
item	4094	isDamageable	false
item	4094	localizedName	tile.woodBlocksTwo.KitchenCupboard
item	4094	unlocalizedName	tile.woodBlocksTwo
item	4094	hasContainerItem	false
item	4094	statName	tile.woodBlocksTwo.name
item	4094	isMap	false
item	4094	itemUseAction	none
item	4094	maxItemUseDuration	0
item	4094	potionEffect	null
item	4094	isPotionIngredient	false
item	4094	itemDisplayName	Kitchen Cupboard
item	4094	isItemTool	false
item	4094	enchantability	0
item	4094	isRepairable	false
item	4094	isItemBlock	true
item	4095	id	4095
item	4095	gid	jammyfurniture/tile.woodBlocks
item	4095	itemStackLimit	64
item	4095	hasSubtypes	true
item	4095	maxDamage	0
item	4095	isDamageable	false
item	4095	localizedName	tile.woodBlocks.ClockBase
item	4095	unlocalizedName	tile.woodBlocks
item	4095	hasContainerItem	false
item	4095	statName	tile.woodBlocks.name
item	4095	isMap	false
item	4095	itemUseAction	none
item	4095	maxItemUseDuration	0
item	4095	potionEffect	null
item	4095	isPotionIngredient	false
item	4095	itemDisplayName	Clock Base
item	4095	isItemTool	false
item	4095	enchantability	0
item	4095	isRepairable	false
item	4095	isItemBlock	true
item	5256	id	5256
item	5256	gid	jammyfurniture/item.itemLightBulb
item	5256	itemStackLimit	64
item	5256	hasSubtypes	false
item	5256	maxDamage	0
item	5256	isDamageable	false
item	5256	localizedName	item.itemLightBulb
item	5256	unlocalizedName	item.itemLightBulb
item	5256	hasContainerItem	false
item	5256	statName	Light Bulb
item	5256	isMap	false
item	5256	itemUseAction	none
item	5256	maxItemUseDuration	0
item	5256	potionEffect	null
item	5256	isPotionIngredient	false
item	5256	itemDisplayName	Light Bulb
item	5256	isItemTool	false
item	5256	enchantability	0
item	5256	isRepairable	false
item	5256	isItemBlock	false
item	5257	id	5257
item	5257	gid	jammyfurniture/item.mantlePieceUnf
item	5257	itemStackLimit	64
item	5257	hasSubtypes	false
item	5257	maxDamage	0
item	5257	isDamageable	false
item	5257	localizedName	item.mantlePieceUnf
item	5257	unlocalizedName	item.mantlePieceUnf
item	5257	hasContainerItem	false
item	5257	statName	Mantle Piece (Unf)
item	5257	isMap	false
item	5257	itemUseAction	none
item	5257	maxItemUseDuration	0
item	5257	potionEffect	null
item	5257	isPotionIngredient	false
item	5257	itemDisplayName	Mantle Piece (Unf)
item	5257	isItemTool	false
item	5257	enchantability	0
item	5257	isRepairable	false
item	5257	isItemBlock	false
item	5258	id	5258
item	5258	gid	jammyfurniture/item.ceramicPanelUnf
item	5258	itemStackLimit	64
item	5258	hasSubtypes	false
item	5258	maxDamage	0
item	5258	isDamageable	false
item	5258	localizedName	item.ceramicPanelUnf
item	5258	unlocalizedName	item.ceramicPanelUnf
item	5258	hasContainerItem	false
item	5258	statName	Ceramic Panel (Unf)
item	5258	isMap	false
item	5258	itemUseAction	none
item	5258	maxItemUseDuration	0
item	5258	potionEffect	null
item	5258	isPotionIngredient	false
item	5258	itemDisplayName	Ceramic Panel (Unf)
item	5258	isItemTool	false
item	5258	enchantability	0
item	5258	isRepairable	false
item	5258	isItemBlock	false
item	5259	id	5259
item	5259	gid	jammyfurniture/item.itemCeramicPanel
item	5259	itemStackLimit	64
item	5259	hasSubtypes	false
item	5259	maxDamage	0
item	5259	isDamageable	false
item	5259	localizedName	item.itemCeramicPanel
item	5259	unlocalizedName	item.itemCeramicPanel
item	5259	hasContainerItem	false
item	5259	statName	Ceramic Panel
item	5259	isMap	false
item	5259	itemUseAction	none
item	5259	maxItemUseDuration	0
item	5259	potionEffect	null
item	5259	isPotionIngredient	false
item	5259	itemDisplayName	Ceramic Panel
item	5259	isItemTool	false
item	5259	enchantability	0
item	5259	isRepairable	false
item	5259	isItemBlock	false
item	5260	id	5260
item	5260	gid	jammyfurniture/item.itemWMDrum
item	5260	itemStackLimit	64
item	5260	hasSubtypes	false
item	5260	maxDamage	0
item	5260	isDamageable	false
item	5260	localizedName	item.itemWMDrum
item	5260	unlocalizedName	item.itemWMDrum
item	5260	hasContainerItem	false
item	5260	statName	Washing Machine Drum
item	5260	isMap	false
item	5260	itemUseAction	none
item	5260	maxItemUseDuration	0
item	5260	potionEffect	null
item	5260	isPotionIngredient	false
item	5260	itemDisplayName	Washing Machine Drum
item	5260	isItemTool	false
item	5260	enchantability	0
item	5260	isRepairable	false
item	5260	isItemBlock	false
item	5261	id	5261
item	5261	gid	jammyfurniture/item.itemBlindPart
item	5261	itemStackLimit	64
item	5261	hasSubtypes	false
item	5261	maxDamage	0
item	5261	isDamageable	false
item	5261	localizedName	item.itemBlindPart
item	5261	unlocalizedName	item.itemBlindPart
item	5261	hasContainerItem	false
item	5261	statName	Blind Part
item	5261	isMap	false
item	5261	itemUseAction	none
item	5261	maxItemUseDuration	0
item	5261	potionEffect	null
item	5261	isPotionIngredient	false
item	5261	itemDisplayName	Blind Part
item	5261	isItemTool	false
item	5261	enchantability	0
item	5261	isRepairable	false
item	5261	isItemBlock	false
recipes/smelting	jammyfurniture/item.mantlePieceUnf	input	5257
recipes/smelting	jammyfurniture/item.mantlePieceUnf	output	4078:4
recipes/smelting	jammyfurniture/item.ceramicPanelUnf	input	5258
recipes/smelting	jammyfurniture/item.ceramicPanelUnf	output	5259:0
oredict	56:0	name	oreDiamond
oredict	21:0	name	oreLapis
oredict	15:0	name	oreIron
oredict	129:0	name	oreEmerald
oredict	14:0	name	oreGold
oredict	73:0	name	oreRedstone
recipes/crafting/shaped	W=3;null;Minecraft/tile.wood:32767;null;Minecraft/tile.wood:32767;Minecraft/tile.wood:32767;Minecraft/tile.wood:32767;Minecraft/tile.wood:32767;Minecraft/tile.wood:32767;Minecraft/tile.wood:32767	output	4095:0
recipes/crafting/shaped	W=3;null;Minecraft/tile.wood:32767;Minecraft/tile.wood:32767;Minecraft/item.ingotIron:0;Minecraft/tile.wood:32767;Minecraft/tile.wood:32767;null;Minecraft/tile.wood:32767;Minecraft/tile.wood:32767	output	4095:4
recipes/crafting/shaped	W=3;null;Minecraft/tile.wood:32767;null;Minecraft/tile.wood:32767;Minecraft/item.clock:0;Minecraft/tile.wood:32767;Minecraft/tile.wood:32767;Minecraft/tile.wood:32767;Minecraft/tile.wood:32767	output	4095:5
recipes/crafting/shaped	W=3;jammyfurniture/item.itemBlindPart:0;jammyfurniture/item.itemBlindPart:0;jammyfurniture/item.itemBlindPart:0;jammyfurniture/item.itemBlindPart:0;jammyfurniture/item.itemBlindPart:0;jammyfurniture/item.itemBlindPart:0	output	4095:9
recipes/crafting/shapeless	Minecraft/tile.workbench:0	ingredient.0	58:0
recipes/crafting/shapeless	Minecraft/tile.workbench:0	output	4095:13
recipes/crafting/shapeless	Minecraft/tile.woodSlab:0	ingredient.0	126:0
recipes/crafting/shapeless	Minecraft/tile.woodSlab:0	output	4095:14
recipes/crafting/shaped	W=3;Minecraft/tile.wood:32767;Minecraft/tile.wood:32767;Minecraft/tile.wood:32767;Minecraft/item.stick:0;null;Minecraft/item.stick:0;Minecraft/item.stick:0;null;Minecraft/item.stick:0	output	4095:15
recipes/crafting/shaped	W=3;Minecraft/tile.wood:32767;Minecraft/tile.wood:32767;Minecraft/tile.wood:32767;Minecraft/item.ingotIron:0;null;Minecraft/tile.wood:32767;Minecraft/tile.wood:32767;Minecraft/tile.wood:32767;Minecraft/tile.wood:32767	output	4094:0
recipes/crafting/shaped	W=3;jammyfurniture/tile.woodBlocks:14;jammyfurniture/tile.woodBlocks:14;jammyfurniture/tile.woodBlocks:14;Minecraft/item.ingotIron:0;null;Minecraft/tile.wood:32767;Minecraft/tile.wood:32767;Minecraft/tile.wood:32767;Minecraft/tile.wood:32767	output	4094:4
recipes/crafting/shaped	W=3;Minecraft/tile.log:32767;Minecraft/item.ingotIron:0;Minecraft/tile.log:32767;Minecraft/tile.log:32767;Minecraft/tile.glass:32767;Minecraft/tile.log:32767;Minecraft/tile.log:32767;Minecraft/tile.log:32767;Minecraft/tile.button:32767	output	4094:8
recipes/crafting/shaped	W=3;Minecraft/tile.wood:32767;Minecraft/tile.cloth:14;Minecraft/tile.wood:32767;Minecraft/tile.wood:32767;Minecraft/tile.wood:32767;Minecraft/tile.wood:32767	output	4094:12
recipes/crafting/shaped	W=3;Minecraft/tile.wood:32767;Minecraft/tile.cloth:3;Minecraft/tile.wood:32767;Minecraft/tile.wood:32767;Minecraft/tile.wood:32767;Minecraft/tile.wood:32767	output	4094:13
recipes/crafting/shaped	W=3;Minecraft/tile.wood:32767;Minecraft/tile.cloth:5;Minecraft/tile.wood:32767;Minecraft/tile.wood:32767;Minecraft/tile.wood:32767;Minecraft/tile.wood:32767	output	4094:14
recipes/crafting/shaped	W=3;Minecraft/tile.wood:32767;Minecraft/tile.cloth:7;Minecraft/tile.wood:32767;Minecraft/tile.wood:32767;Minecraft/tile.wood:32767;Minecraft/tile.wood:32767	output	4094:15
recipes/crafting/shaped	W=3;Minecraft/tile.wood:32767;null;null;Minecraft/tile.wood:32767;Minecraft/tile.wood:32767;null;Minecraft/item.stick:0;Minecraft/item.stick:0;null	output	4093:0
recipes/crafting/shaped	W=3;Minecraft/item.ingotIron:0;null;null;Minecraft/tile.wood:32767;Minecraft/tile.wood:32767;Minecraft/tile.button:32767;Minecraft/tile.wood:32767;Minecraft/tile.wood:32767;Minecraft/tile.wood:32767	output	4093:4
recipes/crafting/shaped	W=3;Minecraft/tile.blockIron:32767;null;Minecraft/tile.blockIron:32767;Minecraft/tile.blockIron:32767;Minecraft/tile.blockIron:32767;Minecraft/tile.blockIron:32767	output	4092:0
recipes/crafting/shaped	W=3;Minecraft/item.ingotIron:0;Minecraft/item.ingotIron:0;Minecraft/item.ingotIron:0;Minecraft/item.ingotIron:0;jammyfurniture/item.itemLightBulb:0;Minecraft/item.ingotIron:0;Minecraft/item.ingotIron:0;Minecraft/item.ingotIron:0;Minecraft/item.ingotIron:0	output	4091:0
recipes/crafting/shaped	W=3;Minecraft/item.ingotIron:0;Minecraft/item.ingotIron:0;Minecraft/item.ingotIron:0;Minecraft/item.ingotIron:0;Minecraft/tile.snow:32767;Minecraft/item.ingotIron:0;Minecraft/item.ingotIron:0;Minecraft/item.ingotIron:0;Minecraft/item.ingotIron:0	output	4091:4
recipes/crafting/shaped	W=3;Minecraft/item.ingotIron:0;null;Minecraft/item.ingotIron:0;Minecraft/item.ingotIron:0;Minecraft/tile.furnace:32767;Minecraft/item.ingotIron:0;Minecraft/item.ingotIron:0;Minecraft/item.ingotIron:0;Minecraft/item.ingotIron:0	output	4091:8
recipes/crafting/shaped	W=3;null;Minecraft/item.ingotIron:0;null;Minecraft/item.ingotIron:0;Minecraft/item.bucketLava:0;Minecraft/item.ingotIron:0;Minecraft/item.ingotIron:0;Minecraft/item.ingotIron:0;Minecraft/item.ingotIron:0	output	4091:12
recipes/crafting/shaped	W=3;Minecraft/item.ingotIron:0;Minecraft/tile.thinGlass:32767;Minecraft/item.ingotIron:0;Minecraft/item.ingotIron:0;null;Minecraft/item.ingotIron:0	output	4091:13
recipes/crafting/shaped	W=3;Minecraft/tile.button:32767;Minecraft/tile.button:32767;Minecraft/item.ingotIron:0;Minecraft/item.ingotIron:0;null;Minecraft/item.ingotIron:0;Minecraft/item.ingotIron:0;Minecraft/item.ingotIron:0;Minecraft/item.ingotIron:0	output	4090:0
recipes/crafting/shaped	W=3;Minecraft/tile.button:32767;Minecraft/tile.button:32767;Minecraft/tile.button:32767;Minecraft/item.ingotIron:0;jammyfurniture/item.itemWMDrum:0;Minecraft/item.ingotIron:0;Minecraft/item.ingotIron:0;Minecraft/item.ingotIron:0;Minecraft/item.ingotIron:0	output	4090:4
recipes/crafting/shaped	W=3;jammyfurniture/item.itemCeramicPanel:0;jammyfurniture/item.itemCeramicPanel:0;jammyfurniture/item.itemCeramicPanel:0;Minecraft/item.ingotIron:0;null;jammyfurniture/item.itemCeramicPanel:0;jammyfurniture/item.itemCeramicPanel:0;jammyfurniture/item.itemCeramicPanel:0;jammyfurniture/item.itemCeramicPanel:0	output	4089:0
recipes/crafting/shaped	W=3;jammyfurniture/item.itemCeramicPanel:0;Minecraft/item.ingotIron:0;jammyfurniture/item.itemCeramicPanel:0;null;jammyfurniture/item.itemCeramicPanel:0;null;null;jammyfurniture/item.itemCeramicPanel:0;null	output	4089:4
recipes/crafting/shaped	W=3;null;Minecraft/item.ingotIron:0;null;jammyfurniture/item.itemCeramicPanel:0;null;jammyfurniture/item.itemCeramicPanel:0;jammyfurniture/item.itemCeramicPanel:0;jammyfurniture/item.itemCeramicPanel:0;jammyfurniture/item.itemCeramicPanel:0	output	4089:8
recipes/crafting/shaped	W=3;jammyfurniture/item.itemCeramicPanel:0;Minecraft/item.ingotIron:0;null;jammyfurniture/item.itemCeramicPanel:0;null;jammyfurniture/item.itemCeramicPanel:0;jammyfurniture/item.itemCeramicPanel:0;jammyfurniture/item.itemCeramicPanel:0;jammyfurniture/item.itemCeramicPanel:0	output	4089:12
recipes/crafting/shaped	W=3;null;null;jammyfurniture/tile.roofingBlocksOne:12;null;jammyfurniture/tile.roofingBlocksOne:12;jammyfurniture/tile.roofingBlocksOne:12;jammyfurniture/tile.roofingBlocksOne:12;jammyfurniture/tile.roofingBlocksOne:12;jammyfurniture/tile.roofingBlocksOne:12	output	4088:0
recipes/crafting/shaped	W=3;null;jammyfurniture/tile.roofingBlocksOne:12;null;null;jammyfurniture/tile.roofingBlocksOne:12;null;jammyfurniture/tile.roofingBlocksOne:12;jammyfurniture/tile.roofingBlocksOne:12;jammyfurniture/tile.roofingBlocksOne:12	output	4088:4
recipes/crafting/shaped	W=3;jammyfurniture/tile.roofingBlocksOne:12;null;jammyfurniture/tile.roofingBlocksOne:12;jammyfurniture/tile.roofingBlocksOne:12;jammyfurniture/tile.roofingBlocksOne:12;jammyfurniture/tile.roofingBlocksOne:12;jammyfurniture/tile.roofingBlocksOne:12;jammyfurniture/tile.roofingBlocksOne:12;jammyfurniture/tile.roofingBlocksOne:12	output	4088:8
recipes/crafting/shaped	W=1;Minecraft/tile.stone:32767;Minecraft/item.dyePowder:0	output	4088:12
recipes/crafting/shaped	W=3;Minecraft/tile.cloth:0;Minecraft/tile.cloth:0;Minecraft/tile.cloth:0;Minecraft/tile.cloth:0;Minecraft/item.egg:0;Minecraft/tile.cloth:0;Minecraft/tile.cloth:0;Minecraft/item.redstone:0;Minecraft/tile.cloth:0	output	4087:0
recipes/crafting/shaped	W=3;Minecraft/tile.cloth:12;Minecraft/tile.cloth:12;Minecraft/tile.cloth:12;Minecraft/tile.cloth:12;Minecraft/item.leather:0;Minecraft/tile.cloth:12;Minecraft/tile.cloth:12;Minecraft/item.redstone:0;Minecraft/tile.cloth:12	output	4087:4
recipes/crafting/shaped	W=3;Minecraft/tile.cloth:5;Minecraft/tile.cloth:5;Minecraft/tile.cloth:5;Minecraft/tile.cloth:5;Minecraft/item.sulphur:0;Minecraft/tile.cloth:5;Minecraft/tile.cloth:5;Minecraft/item.redstone:0;Minecraft/tile.cloth:5	output	4087:8
recipes/crafting/shaped	W=3;Minecraft/tile.cloth:15;Minecraft/tile.cloth:15;Minecraft/tile.cloth:15;Minecraft/tile.cloth:15;Minecraft/item.eyeOfEnder:0;Minecraft/tile.cloth:15;Minecraft/tile.cloth:15;Minecraft/item.redstone:0;Minecraft/tile.cloth:15	output	4087:12
recipes/crafting/shaped	W=3;Minecraft/tile.cloth:6;Minecraft/tile.cloth:6;Minecraft/tile.cloth:6;Minecraft/tile.cloth:6;Minecraft/item.porkchopRaw:0;Minecraft/tile.cloth:6;Minecraft/tile.cloth:6;Minecraft/item.redstone:0;Minecraft/tile.cloth:6	output	4086:0
recipes/crafting/shaped	W=3;Minecraft/tile.cloth:0;Minecraft/tile.cloth:0;Minecraft/tile.cloth:0;Minecraft/tile.cloth:0;Minecraft/tile.cloth:0;Minecraft/tile.cloth:0;Minecraft/tile.cloth:0;Minecraft/item.redstone:0;Minecraft/tile.cloth:0	output	4086:4
recipes/crafting/shaped	W=3;Minecraft/tile.cloth:8;Minecraft/tile.cloth:8;Minecraft/tile.cloth:8;Minecraft/tile.cloth:8;Minecraft/item.bone:0;Minecraft/tile.cloth:8;Minecraft/tile.cloth:8;Minecraft/item.redstone:0;Minecraft/tile.cloth:8	output	4086:8
recipes/crafting/shaped	W=3;Minecraft/tile.cloth:15;Minecraft/tile.cloth:15;Minecraft/tile.cloth:15;Minecraft/tile.cloth:15;Minecraft/item.spiderEye:0;Minecraft/tile.cloth:15;Minecraft/tile.cloth:15;Minecraft/item.redstone:0;Minecraft/tile.cloth:15	output	4086:12
recipes/crafting/shaped	W=3;Minecraft/tile.cloth:12;Minecraft/tile.cloth:12;Minecraft/tile.cloth:12;Minecraft/tile.cloth:6;Minecraft/item.pickaxeWood:0;Minecraft/tile.cloth:6;Minecraft/tile.cloth:6;Minecraft/item.redstone:0;Minecraft/tile.cloth:6	output	4085:0
recipes/crafting/shaped	W=3;Minecraft/tile.cloth:0;Minecraft/tile.cloth:0;Minecraft/tile.cloth:0;Minecraft/tile.cloth:0;Minecraft/item.bone:0;Minecraft/tile.cloth:0;Minecraft/tile.cloth:0;Minecraft/item.redstone:0;Minecraft/tile.cloth:0	output	4085:4
recipes/crafting/shaped	W=3;Minecraft/tile.cloth:13;Minecraft/tile.cloth:13;Minecraft/tile.cloth:13;Minecraft/tile.cloth:13;Minecraft/item.rottenFlesh:0;Minecraft/tile.cloth:13;Minecraft/tile.cloth:13;Minecraft/item.redstone:0;Minecraft/tile.cloth:13	output	4085:8
recipes/crafting/shaped	W=3;Minecraft/tile.cloth:15;Minecraft/tile.cloth:15;Minecraft/tile.cloth:15;Minecraft/tile.cloth:15;Minecraft/item.dyePowder:0;Minecraft/tile.cloth:15;Minecraft/tile.cloth:15;Minecraft/item.redstone:0;Minecraft/tile.cloth:15	output	4085:12
recipes/crafting/shaped	W=3;Minecraft/tile.cloth:15;Minecraft/tile.cloth:15;Minecraft/tile.cloth:15;Minecraft/tile.cloth:15;Minecraft/item.enderPearl:0;Minecraft/tile.cloth:15;Minecraft/tile.cloth:15;Minecraft/item.redstone:0;Minecraft/tile.cloth:15	output	4084:0
recipes/crafting/shaped	W=3;Minecraft/tile.cloth:5;Minecraft/tile.cloth:5;Minecraft/tile.cloth:5;Minecraft/tile.cloth:5;Minecraft/item.slimeball:0;Minecraft/tile.cloth:5;Minecraft/tile.cloth:5;Minecraft/item.redstone:0;Minecraft/tile.cloth:5	output	4084:4
recipes/crafting/shaped	W=3;Minecraft/tile.cloth:1;Minecraft/tile.cloth:1;Minecraft/tile.cloth:1;Minecraft/tile.cloth:1;Minecraft/item.blazeRod:0;Minecraft/tile.cloth:1;Minecraft/tile.cloth:1;Minecraft/item.redstone:0;Minecraft/tile.cloth:1	output	4084:8
recipes/crafting/shaped	W=3;Minecraft/tile.cloth:6;Minecraft/tile.cloth:13;Minecraft/tile.cloth:13;Minecraft/tile.cloth:6;Minecraft/item.eyeOfEnder:0;Minecraft/tile.cloth:13;Minecraft/tile.cloth:6;Minecraft/item.redstone:0;Minecraft/tile.cloth:6	output	4084:12
recipes/crafting/shaped	W=3;Minecraft/tile.wood:32767;null;Minecraft/tile.wood:32767;Minecraft/tile.wood:32767;Minecraft/tile.cloth:14;Minecraft/tile.wood:32767;Minecraft/item.stick:0;null;Minecraft/item.stick:0	output	4083:0
recipes/crafting/shaped	W=3;Minecraft/tile.wood:32767;null;Minecraft/tile.wood:32767;Minecraft/tile.wood:32767;Minecraft/tile.cloth:3;Minecraft/tile.wood:32767;Minecraft/item.stick:0;null;Minecraft/item.stick:0	output	4083:4
recipes/crafting/shaped	W=3;Minecraft/tile.wood:32767;null;Minecraft/tile.wood:32767;Minecraft/tile.wood:32767;Minecraft/tile.cloth:5;Minecraft/tile.wood:32767;Minecraft/item.stick:0;null;Minecraft/item.stick:0	output	4083:8
recipes/crafting/shaped	W=3;Minecraft/tile.wood:32767;null;Minecraft/tile.wood:32767;Minecraft/tile.wood:32767;Minecraft/tile.cloth:7;Minecraft/tile.wood:32767;Minecraft/item.stick:0;null;Minecraft/item.stick:0	output	4083:12
recipes/crafting/shaped	W=3;Minecraft/tile.wood:32767;null;null;Minecraft/tile.wood:32767;Minecraft/tile.cloth:14;null;Minecraft/item.stick:0;Minecraft/item.stick:0;null	output	4082:0
recipes/crafting/shaped	W=3;Minecraft/tile.wood:32767;null;null;Minecraft/tile.wood:32767;Minecraft/tile.cloth:3;null;Minecraft/item.stick:0;Minecraft/item.stick:0;null	output	4082:4
recipes/crafting/shaped	W=3;Minecraft/tile.wood:32767;null;null;Minecraft/tile.wood:32767;Minecraft/tile.cloth:5;null;Minecraft/item.stick:0;Minecraft/item.stick:0;null	output	4082:8
recipes/crafting/shaped	W=3;Minecraft/tile.wood:32767;null;null;Minecraft/tile.wood:32767;Minecraft/tile.cloth:7;null;Minecraft/item.stick:0;Minecraft/item.stick:0;null	output	4082:12
recipes/crafting/shaped	W=3;null;Minecraft/tile.wood:32767;null;Minecraft/tile.cloth:14;Minecraft/tile.wood:32767;null;Minecraft/item.stick:0;Minecraft/item.stick:0;null	output	4081:0
recipes/crafting/shaped	W=3;null;Minecraft/tile.wood:32767;null;Minecraft/tile.cloth:3;Minecraft/tile.wood:32767;null;Minecraft/item.stick:0;Minecraft/item.stick:0;null	output	4081:4
recipes/crafting/shaped	W=3;null;Minecraft/tile.wood:32767;null;Minecraft/tile.cloth:5;Minecraft/tile.wood:32767;null;Minecraft/item.stick:0;Minecraft/item.stick:0;null	output	4081:8
recipes/crafting/shaped	W=3;null;Minecraft/tile.wood:32767;null;Minecraft/tile.cloth:7;Minecraft/tile.wood:32767;null;Minecraft/item.stick:0;Minecraft/item.stick:0;null	output	4081:12
recipes/crafting/shaped	W=3;null;null;null;Minecraft/tile.cloth:14;Minecraft/tile.cloth:14;Minecraft/tile.cloth:14;Minecraft/item.stick:0;null;Minecraft/item.stick:0	output	4080:0
recipes/crafting/shaped	W=3;null;null;null;Minecraft/tile.cloth:3;Minecraft/tile.cloth:3;Minecraft/tile.cloth:3;Minecraft/item.stick:0;null;Minecraft/item.stick:0	output	4080:4
recipes/crafting/shaped	W=3;null;null;null;Minecraft/tile.cloth:5;Minecraft/tile.cloth:5;Minecraft/tile.cloth:5;Minecraft/item.stick:0;null;Minecraft/item.stick:0	output	4080:8
recipes/crafting/shaped	W=3;null;null;null;Minecraft/tile.cloth:7;Minecraft/tile.cloth:7;Minecraft/tile.cloth:7;Minecraft/item.stick:0;null;Minecraft/item.stick:0	output	4080:12
recipes/crafting/shaped	W=3;null;Minecraft/tile.cloth:14;null;Minecraft/tile.cloth:14;Minecraft/tile.cloth:14;Minecraft/tile.cloth:14;Minecraft/item.stick:0;null;Minecraft/item.stick:0	output	4079:0
recipes/crafting/shaped	W=3;null;Minecraft/tile.cloth:3;null;Minecraft/tile.cloth:3;Minecraft/tile.cloth:3;Minecraft/tile.cloth:3;Minecraft/item.stick:0;null;Minecraft/item.stick:0	output	4079:4
recipes/crafting/shaped	W=3;null;Minecraft/tile.cloth:5;null;Minecraft/tile.cloth:5;Minecraft/tile.cloth:5;Minecraft/tile.cloth:5;Minecraft/item.stick:0;null;Minecraft/item.stick:0	output	4079:8
recipes/crafting/shaped	W=3;null;Minecraft/tile.cloth:7;null;Minecraft/tile.cloth:7;Minecraft/tile.cloth:7;Minecraft/tile.cloth:7;Minecraft/item.stick:0;null;Minecraft/item.stick:0	output	4079:12
recipes/crafting/shaped	W=3;Minecraft/item.clay:0;Minecraft/tile.brick:32767;Minecraft/item.clay:0;Minecraft/tile.brick:32767;Minecraft/tile.brick:32767;Minecraft/tile.brick:32767;Minecraft/tile.brick:32767;Minecraft/tile.brick:32767;Minecraft/tile.brick:32767	output	4078:0
recipes/crafting/shaped	W=3;Minecraft/tile.cloth:14;Minecraft/tile.cloth:3;Minecraft/tile.cloth:1;Minecraft/item.yellowDust:0;Minecraft/tile.cloth:5;Minecraft/item.redstone:0;Minecraft/tile.stone:32767;Minecraft/tile.log:32767;Minecraft/tile.stone:32767	output	4078:8
recipes/crafting/shaped	W=3;null;Minecraft/item.string:0;null;Minecraft/tile.cloth:32767;jammyfurniture/item.itemLightBulb:0;Minecraft/tile.cloth:32767	output	4077:0
recipes/crafting/shaped	W=3;null;Minecraft/item.ingotIron:0;null;Minecraft/tile.thinGlass:32767;jammyfurniture/item.itemLightBulb:0;Minecraft/tile.thinGlass:32767;null;Minecraft/item.ingotIron:0;Minecraft/item.ingotIron:0	output	4077:4
recipes/crafting/shaped	W=3;Minecraft/tile.cloth:32767;jammyfurniture/item.itemLightBulb:0;Minecraft/tile.cloth:32767;Minecraft/tile.cloth:32767;Minecraft/item.stick:0;Minecraft/tile.cloth:32767;Minecraft/item.stick:0;Minecraft/item.stick:0;Minecraft/item.stick:0	output	4077:8
recipes/crafting/shaped	W=3;null;Minecraft/tile.thinGlass:32767;null;Minecraft/tile.thinGlass:32767;Minecraft/tile.torch:32767;Minecraft/tile.thinGlass:32767;null;Minecraft/tile.thinGlass:32767;null	output	5256:0
recipes/crafting/shaped	W=3;Minecraft/item.clay:0;Minecraft/item.clay:0;Minecraft/item.clay:0;Minecraft/item.clay:0;null;Minecraft/item.clay:0;Minecraft/item.clay:0;null;Minecraft/item.clay:0	output	5257:0
recipes/crafting/shaped	W=3;Minecraft/item.clay:0;Minecraft/item.clay:0;Minecraft/item.clay:0;Minecraft/item.clay:0;Minecraft/item.clay:0;Minecraft/item.clay:0	output	5258:0
recipes/crafting/shaped	W=3;null;Minecraft/item.ingotIron:0;null;Minecraft/item.ingotIron:0;null;Minecraft/item.ingotIron:0;null;Minecraft/item.ingotIron:0;null	output	5260:0
recipes/crafting/shaped	W=3;Minecraft/tile.woodSlab:32767;Minecraft/tile.woodSlab:32767;Minecraft/tile.woodSlab:32767	output	5261:0
