block	1900	id	1900
block	1900	resistence	3.0
block	1900	enableStats	true
block	1900	needsRandomTick	false
block	1900	bounds	0.000000-1.000000,0.000000-1.000000,0.000000-1.000000
block	1900	stepSound	step.stone
block	1900	particleGravity	1.0
block	1900	material	rock
block	1900	isLiquid	false
block	1900	isSolid	true
block	1900	canBlockGrass	true
block	1900	blocksMovement	true
block	1900	canBurn	false
block	1900	isReplaceable	false
block	1900	isOpaque	true
block	1900	isToolNotRequired	false
block	1900	slipperiness	0.6
block	1900	unlocalizedName	tile.powerOre
block	1900	isNormalCube	false
block	1900	renderAsNormalBlock	false
block	1900	renderType	0
block	1900	localizedName	tile.powerOre.name
block	1900	hardness	3.0
block	1900	hasTileEntity	false
block	1900	opaqueCube	true
block	1900	canCollideCheck	true
block	1900	isCollidable	true
block	1900	quantityDropped	4
block	1900	damageDropped	0
block	1900	canProvidePower	false
block	1900	mobilityFlag	0
block	1900	hasComparatorInputOverride	false
block	1901	id	1901
block	1901	resistence	2.0
block	1901	enableStats	true
block	1901	needsRandomTick	false
block	1901	bounds	0.000000-1.000000,0.000000-1.000000,0.000000-1.000000
block	1901	stepSound	step.stone
block	1901	particleGravity	1.0
block	1901	material	rock
block	1901	isLiquid	false
block	1901	isSolid	true
block	1901	canBlockGrass	true
block	1901	blocksMovement	true
block	1901	canBurn	false
block	1901	isReplaceable	false
block	1901	isOpaque	true
block	1901	isToolNotRequired	false
block	1901	slipperiness	0.6
block	1901	unlocalizedName	tile.forceStairs
block	1901	isNormalCube	false
block	1901	renderAsNormalBlock	false
block	1901	renderType	10
block	1901	localizedName	tile.forceStairs.name
block	1901	hardness	2.0
block	1901	hasTileEntity	true
block	1901	opaqueCube	false
block	1901	canCollideCheck	true
block	1901	isCollidable	true
block	1901	quantityDropped	1
block	1901	damageDropped	0
block	1901	canProvidePower	false
block	1901	mobilityFlag	0
block	1901	hasComparatorInputOverride	false
block	1902	id	1902
block	1902	resistence	30.0
block	1902	enableStats	true
block	1902	needsRandomTick	false
block	1902	bounds	0.100000-0.900000,0.000000-0.700000,0.100000-0.900000
block	1902	stepSound	step.stone
block	1902	particleGravity	1.0
block	1902	material	iron
block	1902	isLiquid	false
block	1902	isSolid	true
block	1902	canBlockGrass	true
block	1902	blocksMovement	true
block	1902	canBurn	false
block	1902	isReplaceable	false
block	1902	isOpaque	true
block	1902	isToolNotRequired	false
block	1902	slipperiness	0.6
block	1902	unlocalizedName	block.forceInfuser
block	1902	isNormalCube	false
block	1902	renderAsNormalBlock	false
block	1902	renderType	-1
block	1902	localizedName	block.forceInfuser.name
block	1902	hardness	30.0
block	1902	hasTileEntity	true
block	1902	opaqueCube	false
block	1902	canCollideCheck	true
block	1902	isCollidable	true
block	1902	quantityDropped	1
block	1902	damageDropped	0
block	1902	canProvidePower	false
block	1902	mobilityFlag	0
block	1902	hasComparatorInputOverride	false
block	1903	id	1903
block	1903	resistence	2.0
block	1903	enableStats	true
block	1903	needsRandomTick	false
block	1903	bounds	0.000000-1.000000,0.000000-1.000000,0.000000-1.000000
block	1903	stepSound	step.stone
block	1903	particleGravity	1.0
block	1903	material	rock
block	1903	isLiquid	false
block	1903	isSolid	true
block	1903	canBlockGrass	true
block	1903	blocksMovement	true
block	1903	canBurn	false
block	1903	isReplaceable	false
block	1903	isOpaque	true
block	1903	isToolNotRequired	false
block	1903	slipperiness	0.6
block	1903	unlocalizedName	tile.forceBrick
block	1903	isNormalCube	true
block	1903	renderAsNormalBlock	true
block	1903	renderType	0
block	1903	localizedName	tile.forceBrick.name
block	1903	hardness	2.0
block	1903	hasTileEntity	false
block	1903	opaqueCube	true
block	1903	canCollideCheck	true
block	1903	isCollidable	true
block	1903	quantityDropped	1
block	1903	damageDropped	0
block	1903	canProvidePower	false
block	1903	mobilityFlag	0
block	1903	hasComparatorInputOverride	false
block	1904	id	1904
block	1904	resistence	2.5
block	1904	enableStats	true
block	1904	needsRandomTick	false
block	1904	bounds	0.000000-1.000000,0.000000-1.000000,0.000000-1.000000
block	1904	stepSound	step.wood
block	1904	particleGravity	1.0
block	1904	material	wood
block	1904	isLiquid	false
block	1904	isSolid	true
block	1904	canBlockGrass	true
block	1904	blocksMovement	true
block	1904	canBurn	true
block	1904	isReplaceable	false
block	1904	isOpaque	true
block	1904	isToolNotRequired	true
block	1904	slipperiness	0.6
block	1904	unlocalizedName	tile.forceLog
block	1904	isNormalCube	true
block	1904	renderAsNormalBlock	true
block	1904	renderType	31
block	1904	localizedName	tile.forceLog.name
block	1904	hardness	2.5
block	1904	hasTileEntity	false
block	1904	opaqueCube	true
block	1904	canCollideCheck	true
block	1904	isCollidable	true
block	1904	quantityDropped	1
block	1904	damageDropped	0
block	1904	canProvidePower	false
block	1904	mobilityFlag	0
block	1904	hasComparatorInputOverride	false
block	1905	id	1905
block	1905	resistence	0.2
block	1905	enableStats	true
block	1905	needsRandomTick	true
block	1905	bounds	0.000000-1.000000,0.000000-1.000000,0.000000-1.000000
block	1905	stepSound	step.grass
block	1905	particleGravity	1.0
block	1905	material	leaves
block	1905	isLiquid	false
block	1905	isSolid	true
block	1905	canBlockGrass	true
block	1905	blocksMovement	true
block	1905	canBurn	true
block	1905	isReplaceable	false
block	1905	isOpaque	false
block	1905	isToolNotRequired	true
block	1905	slipperiness	0.6
block	1905	unlocalizedName	tile.forceLeaves
block	1905	isNormalCube	false
block	1905	renderAsNormalBlock	true
block	1905	renderType	0
block	1905	localizedName	tile.forceLeaves.name
block	1905	hardness	0.2
block	1905	hasTileEntity	false
block	1905	opaqueCube	false
block	1905	canCollideCheck	true
block	1905	isCollidable	true
block	1905	quantityDropped	0
block	1905	damageDropped	0
block	1905	canProvidePower	false
block	1905	mobilityFlag	1
block	1905	hasComparatorInputOverride	false
block	1906	id	1906
block	1906	resistence	0.0
block	1906	enableStats	true
block	1906	needsRandomTick	true
block	1906	bounds	0.100000-0.900000,0.000000-0.800000,0.100000-0.900000
block	1906	stepSound	step.grass
block	1906	particleGravity	1.0
block	1906	material	plants
block	1906	isLiquid	false
block	1906	isSolid	false
block	1906	canBlockGrass	false
block	1906	blocksMovement	false
block	1906	canBurn	false
block	1906	isReplaceable	false
block	1906	isOpaque	false
block	1906	isToolNotRequired	true
block	1906	slipperiness	0.6
block	1906	unlocalizedName	tile.forceSapling
block	1906	isNormalCube	false
block	1906	renderAsNormalBlock	false
block	1906	renderType	1
block	1906	localizedName	tile.forceSapling.name
block	1906	hardness	0.0
block	1906	hasTileEntity	false
block	1906	opaqueCube	false
block	1906	canCollideCheck	true
block	1906	isCollidable	true
block	1906	quantityDropped	1
block	1906	damageDropped	0
block	1906	canProvidePower	false
block	1906	mobilityFlag	1
block	1906	hasComparatorInputOverride	false
block	1907	id	1907
block	1907	resistence	3.0
block	1907	enableStats	true
block	1907	needsRandomTick	false
block	1907	bounds	0.000000-1.000000,0.000000-1.000000,0.000000-1.000000
block	1907	stepSound	step.stone
block	1907	particleGravity	1.0
block	1907	material	iron
block	1907	isLiquid	false
block	1907	isSolid	true
block	1907	canBlockGrass	true
block	1907	blocksMovement	true
block	1907	canBurn	false
block	1907	isReplaceable	false
block	1907	isOpaque	true
block	1907	isToolNotRequired	false
block	1907	slipperiness	0.6
block	1907	unlocalizedName	tile.forceEngine
block	1907	isNormalCube	false
block	1907	renderAsNormalBlock	false
block	1907	renderType	-1
block	1907	localizedName	tile.forceEngine.name
block	1907	hardness	3.0
block	1907	hasTileEntity	true
block	1907	opaqueCube	false
block	1907	canCollideCheck	true
block	1907	isCollidable	true
block	1907	quantityDropped	1
block	1907	damageDropped	0
block	1907	canProvidePower	false
block	1907	mobilityFlag	0
block	1907	hasComparatorInputOverride	false
block	1908	id	1908
block	1908	resistence	2.0
block	1908	enableStats	true
block	1908	needsRandomTick	false
block	1908	bounds	0.000000-1.000000,0.000000-0.500000,0.000000-1.000000
block	1908	stepSound	step.stone
block	1908	particleGravity	1.0
block	1908	material	rock
block	1908	isLiquid	false
block	1908	isSolid	true
block	1908	canBlockGrass	true
block	1908	blocksMovement	true
block	1908	canBurn	false
block	1908	isReplaceable	false
block	1908	isOpaque	true
block	1908	isToolNotRequired	false
block	1908	slipperiness	0.6
block	1908	unlocalizedName	tile.forceSlab
block	1908	isNormalCube	false
block	1908	renderAsNormalBlock	false
block	1908	renderType	0
block	1908	localizedName	tile.forceSlab.name
block	1908	hardness	2.0
block	1908	hasTileEntity	true
block	1908	opaqueCube	false
block	1908	canCollideCheck	true
block	1908	isCollidable	true
block	1908	quantityDropped	1
block	1908	damageDropped	0
block	1908	canProvidePower	false
block	1908	mobilityFlag	0
block	1908	hasComparatorInputOverride	false
item	1900	id	1900
item	1900	gid	DartCraft/tile.powerOre
item	1900	itemStackLimit	64
item	1900	hasSubtypes	true
item	1900	maxDamage	0
item	1900	isDamageable	false
item	1900	localizedName	powerOre
item	1900	unlocalizedName	tile.powerOre
item	1900	hasContainerItem	false
item	1900	statName	tile.powerOre.name
item	1900	isMap	false
item	1900	itemUseAction	none
item	1900	maxItemUseDuration	0
item	1900	potionEffect	null
item	1900	isPotionIngredient	false
item	1900	itemDisplayName	
item	1900	isItemTool	false
item	1900	enchantability	0
item	1900	isRepairable	false
item	1900	isItemBlock	true
item	1901	id	1901
item	1901	gid	DartCraft/tile.forceStairs
item	1901	itemStackLimit	64
item	1901	hasSubtypes	true
item	1901	maxDamage	0
item	1901	isDamageable	false
item	1901	localizedName	Black Force Stairs
item	1901	unlocalizedName	tile.forceStairs
item	1901	hasContainerItem	false
item	1901	statName	tile.forceStairs.name
item	1901	isMap	false
item	1901	itemUseAction	none
item	1901	maxItemUseDuration	0
item	1901	potionEffect	null
item	1901	isPotionIngredient	false
item	1901	itemDisplayName	
item	1901	isItemTool	false
item	1901	enchantability	0
item	1901	isRepairable	false
item	1901	isItemBlock	true
item	1902	id	1902
item	1902	gid	DartCraft/block.forceInfuser
item	1902	itemStackLimit	64
item	1902	hasSubtypes	false
item	1902	maxDamage	0
item	1902	isDamageable	false
item	1902	localizedName	block.forceInfuser
item	1902	unlocalizedName	block.forceInfuser
item	1902	hasContainerItem	false
item	1902	statName	block.forceInfuser.name
item	1902	isMap	false
item	1902	itemUseAction	none
item	1902	maxItemUseDuration	0
item	1902	potionEffect	null
item	1902	isPotionIngredient	false
item	1902	itemDisplayName	
item	1902	isItemTool	false
item	1902	enchantability	0
item	1902	isRepairable	false
item	1902	isItemBlock	true
item	1903	id	1903
item	1903	gid	DartCraft/tile.forceBrick
item	1903	itemStackLimit	64
item	1903	hasSubtypes	true
item	1903	maxDamage	0
item	1903	isDamageable	false
item	1903	localizedName	Black Force Brick
item	1903	unlocalizedName	tile.forceBrick
item	1903	hasContainerItem	false
item	1903	statName	tile.forceBrick.name
item	1903	isMap	false
item	1903	itemUseAction	none
item	1903	maxItemUseDuration	0
item	1903	potionEffect	null
item	1903	isPotionIngredient	false
item	1903	itemDisplayName	
item	1903	isItemTool	false
item	1903	enchantability	0
item	1903	isRepairable	false
item	1903	isItemBlock	true
item	1904	id	1904
item	1904	gid	DartCraft/tile.forceLog
item	1904	itemStackLimit	64
item	1904	hasSubtypes	true
item	1904	maxDamage	0
item	1904	isDamageable	false
item	1904	localizedName	forceLog
item	1904	unlocalizedName	tile.forceLog
item	1904	hasContainerItem	false
item	1904	statName	tile.forceLog.name
item	1904	isMap	false
item	1904	itemUseAction	none
item	1904	maxItemUseDuration	0
item	1904	potionEffect	null
item	1904	isPotionIngredient	false
item	1904	itemDisplayName	
item	1904	isItemTool	false
item	1904	enchantability	0
item	1904	isRepairable	false
item	1904	isItemBlock	true
item	1905	id	1905
item	1905	gid	DartCraft/tile.forceLeaves
item	1905	itemStackLimit	64
item	1905	hasSubtypes	false
item	1905	maxDamage	0
item	1905	isDamageable	false
item	1905	localizedName	tile.forceLeaves
item	1905	unlocalizedName	tile.forceLeaves
item	1905	hasContainerItem	false
item	1905	statName	tile.forceLeaves.name
item	1905	isMap	false
item	1905	itemUseAction	none
item	1905	maxItemUseDuration	0
item	1905	potionEffect	null
item	1905	isPotionIngredient	false
item	1905	itemDisplayName	
item	1905	isItemTool	false
item	1905	enchantability	0
item	1905	isRepairable	false
item	1905	isItemBlock	true
item	1906	id	1906
item	1906	gid	DartCraft/tile.forceSapling
item	1906	itemStackLimit	64
item	1906	hasSubtypes	false
item	1906	maxDamage	0
item	1906	isDamageable	false
item	1906	localizedName	tile.forceSapling
item	1906	unlocalizedName	tile.forceSapling
item	1906	hasContainerItem	false
item	1906	statName	tile.forceSapling.name
item	1906	isMap	false
item	1906	itemUseAction	none
item	1906	maxItemUseDuration	0
item	1906	potionEffect	null
item	1906	isPotionIngredient	false
item	1906	itemDisplayName	
item	1906	isItemTool	false
item	1906	enchantability	0
item	1906	isRepairable	false
item	1906	isItemBlock	true
item	1907	id	1907
item	1907	gid	DartCraft/tile.forceEngine
item	1907	itemStackLimit	64
item	1907	hasSubtypes	false
item	1907	maxDamage	0
item	1907	isDamageable	false
item	1907	localizedName	tile.forceEngine
item	1907	unlocalizedName	tile.forceEngine
item	1907	hasContainerItem	false
item	1907	statName	tile.forceEngine.name
item	1907	isMap	false
item	1907	itemUseAction	none
item	1907	maxItemUseDuration	0
item	1907	potionEffect	null
item	1907	isPotionIngredient	false
item	1907	itemDisplayName	
item	1907	isItemTool	false
item	1907	enchantability	0
item	1907	isRepairable	false
item	1907	isItemBlock	true
item	1908	id	1908
item	1908	gid	DartCraft/tile.forceSlab
item	1908	itemStackLimit	64
item	1908	hasSubtypes	true
item	1908	maxDamage	0
item	1908	isDamageable	false
item	1908	localizedName	Black Force Slab
item	1908	unlocalizedName	tile.forceSlab
item	1908	hasContainerItem	false
item	1908	statName	tile.forceSlab.name
item	1908	isMap	false
item	1908	itemUseAction	none
item	1908	maxItemUseDuration	0
item	1908	potionEffect	null
item	1908	isPotionIngredient	false
item	1908	itemDisplayName	
item	1908	isItemTool	false
item	1908	enchantability	0
item	1908	isRepairable	false
item	1908	isItemBlock	true
item	6256	id	6256
item	6256	gid	DartCraft/item.gemForce
item	6256	itemStackLimit	64
item	6256	hasSubtypes	false
item	6256	maxDamage	0
item	6256	isDamageable	false
item	6256	localizedName	item.gemForce
item	6256	unlocalizedName	item.gemForce
item	6256	hasContainerItem	false
item	6256	statName	item.gemForce.name
item	6256	isMap	false
item	6256	itemUseAction	none
item	6256	maxItemUseDuration	0
item	6256	potionEffect	null
item	6256	isPotionIngredient	false
item	6256	itemDisplayName	
item	6256	isItemTool	false
item	6256	enchantability	0
item	6256	isRepairable	false
item	6256	isItemBlock	false
item	6257	id	6257
item	6257	gid	DartCraft/item.ingotForce
item	6257	itemStackLimit	64
item	6257	hasSubtypes	false
item	6257	maxDamage	0
item	6257	isDamageable	false
item	6257	localizedName	item.ingotForce
item	6257	unlocalizedName	item.ingotForce
item	6257	hasContainerItem	false
item	6257	statName	item.ingotForce.name
item	6257	isMap	false
item	6257	itemUseAction	none
item	6257	maxItemUseDuration	0
item	6257	potionEffect	null
item	6257	isPotionIngredient	false
item	6257	itemDisplayName	
item	6257	isItemTool	false
item	6257	enchantability	0
item	6257	isRepairable	false
item	6257	isItemBlock	false
item	6258	id	6258
item	6258	gid	DartCraft/item.goldenPower
item	6258	itemStackLimit	64
item	6258	hasSubtypes	false
item	6258	maxDamage	0
item	6258	isDamageable	false
item	6258	localizedName	item.goldenPower
item	6258	unlocalizedName	item.goldenPower
item	6258	hasContainerItem	false
item	6258	statName	item.goldenPower.name
item	6258	isMap	false
item	6258	itemUseAction	none
item	6258	maxItemUseDuration	0
item	6258	potionEffect	null
item	6258	isPotionIngredient	false
item	6258	itemDisplayName	
item	6258	isItemTool	false
item	6258	enchantability	0
item	6258	isRepairable	false
item	6258	isItemBlock	false
item	6259	id	6259
item	6259	gid	DartCraft/item.forceShard
item	6259	itemStackLimit	64
item	6259	hasSubtypes	false
item	6259	maxDamage	0
item	6259	isDamageable	false
item	6259	localizedName	item.forceShard
item	6259	unlocalizedName	item.forceShard
item	6259	hasContainerItem	false
item	6259	statName	item.forceShard.name
item	6259	isMap	false
item	6259	itemUseAction	none
item	6259	maxItemUseDuration	0
item	6259	potionEffect	null
item	6259	isPotionIngredient	false
item	6259	itemDisplayName	
item	6259	isItemTool	false
item	6259	enchantability	0
item	6259	isRepairable	false
item	6259	isItemBlock	false
item	6260	id	6260
item	6260	gid	DartCraft/item.clipboard
item	6260	itemStackLimit	1
item	6260	hasSubtypes	false
item	6260	maxDamage	0
item	6260	isDamageable	false
item	6260	localizedName	item.clipboard
item	6260	unlocalizedName	item.clipboard
item	6260	hasContainerItem	false
item	6260	statName	item.clipboard.name
item	6260	isMap	false
item	6260	itemUseAction	none
item	6260	maxItemUseDuration	0
item	6260	potionEffect	null
item	6260	isPotionIngredient	false
item	6260	itemDisplayName	
item	6260	isItemTool	false
item	6260	enchantability	0
item	6260	isRepairable	false
item	6260	isItemBlock	false
item	6261	id	6261
item	6261	gid	DartCraft/item.forceCap
item	6261	itemStackLimit	1
item	6261	hasSubtypes	false
item	6261	maxDamage	275
item	6261	isDamageable	true
item	6261	localizedName	item.forceCap
item	6261	unlocalizedName	item.forceCap
item	6261	hasContainerItem	false
item	6261	statName	item.forceCap.name
item	6261	isMap	false
item	6261	itemUseAction	none
item	6261	maxItemUseDuration	0
item	6261	potionEffect	null
item	6261	isPotionIngredient	false
item	6261	itemDisplayName	
item	6261	isItemTool	true
item	6261	enchantability	0
item	6261	isRepairable	true
item	6261	isItemBlock	false
item	6262	id	6262
item	6262	gid	DartCraft/item.forceTunic
item	6262	itemStackLimit	1
item	6262	hasSubtypes	false
item	6262	maxDamage	400
item	6262	isDamageable	true
item	6262	localizedName	item.forceTunic
item	6262	unlocalizedName	item.forceTunic
item	6262	hasContainerItem	false
item	6262	statName	item.forceTunic.name
item	6262	isMap	false
item	6262	itemUseAction	none
item	6262	maxItemUseDuration	0
item	6262	potionEffect	null
item	6262	isPotionIngredient	false
item	6262	itemDisplayName	
item	6262	isItemTool	true
item	6262	enchantability	0
item	6262	isRepairable	true
item	6262	isItemBlock	false
item	6263	id	6263
item	6263	gid	DartCraft/item.forcePants
item	6263	itemStackLimit	1
item	6263	hasSubtypes	false
item	6263	maxDamage	375
item	6263	isDamageable	true
item	6263	localizedName	item.forcePants
item	6263	unlocalizedName	item.forcePants
item	6263	hasContainerItem	false
item	6263	statName	item.forcePants.name
item	6263	isMap	false
item	6263	itemUseAction	none
item	6263	maxItemUseDuration	0
item	6263	potionEffect	null
item	6263	isPotionIngredient	false
item	6263	itemDisplayName	
item	6263	isItemTool	true
item	6263	enchantability	0
item	6263	isRepairable	true
item	6263	isItemBlock	false
item	6264	id	6264
item	6264	gid	DartCraft/item.forceBoots
item	6264	itemStackLimit	1
item	6264	hasSubtypes	false
item	6264	maxDamage	325
item	6264	isDamageable	true
item	6264	localizedName	item.forceBoots
item	6264	unlocalizedName	item.forceBoots
item	6264	hasContainerItem	false
item	6264	statName	item.forceBoots.name
item	6264	isMap	false
item	6264	itemUseAction	none
item	6264	maxItemUseDuration	0
item	6264	potionEffect	null
item	6264	isPotionIngredient	false
item	6264	itemDisplayName	
item	6264	isItemTool	true
item	6264	enchantability	0
item	6264	isRepairable	true
item	6264	isItemBlock	false
item	6265	id	6265
item	6265	gid	DartCraft/item.forceArrow
item	6265	itemStackLimit	64
item	6265	hasSubtypes	false
item	6265	maxDamage	0
item	6265	isDamageable	false
item	6265	localizedName	item.forceArrow
item	6265	unlocalizedName	item.forceArrow
item	6265	hasContainerItem	false
item	6265	statName	item.forceArrow.name
item	6265	isMap	false
item	6265	itemUseAction	none
item	6265	maxItemUseDuration	0
item	6265	potionEffect	null
item	6265	isPotionIngredient	false
item	6265	itemDisplayName	
item	6265	isItemTool	false
item	6265	enchantability	0
item	6265	isRepairable	false
item	6265	isItemBlock	false
item	6266	id	6266
item	6266	gid	DartCraft/item.fortuneCookie
item	6266	itemStackLimit	16
item	6266	hasSubtypes	false
item	6266	maxDamage	0
item	6266	isDamageable	false
item	6266	localizedName	item.fortuneCookie
item	6266	unlocalizedName	item.fortuneCookie
item	6266	hasContainerItem	false
item	6266	statName	item.fortuneCookie.name
item	6266	isMap	false
item	6266	itemUseAction	eat
item	6266	maxItemUseDuration	32
item	6266	potionEffect	null
item	6266	isPotionIngredient	false
item	6266	itemDisplayName	
item	6266	isItemTool	false
item	6266	enchantability	0
item	6266	isRepairable	false
item	6266	isItemBlock	false
item	6267	id	6267
item	6267	gid	DartCraft/item.fortune
item	6267	itemStackLimit	64
item	6267	hasSubtypes	false
item	6267	maxDamage	0
item	6267	isDamageable	false
item	6267	localizedName	item.fortune
item	6267	unlocalizedName	item.fortune
item	6267	hasContainerItem	false
item	6267	statName	item.fortune.name
item	6267	isMap	false
item	6267	itemUseAction	none
item	6267	maxItemUseDuration	0
item	6267	potionEffect	null
item	6267	isPotionIngredient	false
item	6267	itemDisplayName	
item	6267	isItemTool	false
item	6267	enchantability	0
item	6267	isRepairable	false
item	6267	isItemBlock	false
item	6268	id	6268
item	6268	gid	DartCraft/item.forcePack
item	6268	itemStackLimit	1
item	6268	hasSubtypes	true
item	6268	maxDamage	0
item	6268	isDamageable	false
item	6268	localizedName	item.forcePack
item	6268	unlocalizedName	item.forcePack
item	6268	hasContainerItem	false
item	6268	statName	item.forcePack.name
item	6268	isMap	false
item	6268	itemUseAction	none
item	6268	maxItemUseDuration	0
item	6268	potionEffect	null
item	6268	isPotionIngredient	false
item	6268	itemDisplayName	
item	6268	isItemTool	false
item	6268	enchantability	0
item	6268	isRepairable	false
item	6268	isItemBlock	false
item	6269	id	6269
item	6269	gid	DartCraft/item.forceTome
item	6269	itemStackLimit	1
item	6269	hasSubtypes	false
item	6269	maxDamage	0
item	6269	isDamageable	false
item	6269	localizedName	item.forceTome
item	6269	unlocalizedName	item.forceTome
item	6269	hasContainerItem	false
item	6269	statName	item.forceTome.name
item	6269	isMap	false
item	6269	itemUseAction	none
item	6269	maxItemUseDuration	0
item	6269	potionEffect	null
item	6269	isPotionIngredient	false
item	6269	itemDisplayName	
item	6269	isItemTool	false
item	6269	enchantability	0
item	6269	isRepairable	false
item	6269	isItemBlock	false
item	6270	id	6270
item	6270	gid	DartCraft/item.forceSword
item	6270	itemStackLimit	1
item	6270	hasSubtypes	false
item	6270	maxDamage	512
item	6270	isDamageable	true
item	6270	localizedName	item.forceSword
item	6270	unlocalizedName	item.forceSword
item	6270	hasContainerItem	false
item	6270	statName	item.forceSword.name
item	6270	isMap	false
item	6270	itemUseAction	block
item	6270	maxItemUseDuration	72000
item	6270	potionEffect	null
item	6270	isPotionIngredient	false
item	6270	itemDisplayName	
item	6270	isItemTool	true
item	6270	enchantability	50
item	6270	isRepairable	true
item	6270	isItemBlock	false
item	6271	id	6271
item	6271	gid	DartCraft/item.forceRod
item	6271	itemStackLimit	1
item	6271	hasSubtypes	false
item	6271	maxDamage	50
item	6271	isDamageable	true
item	6271	localizedName	item.forceRod
item	6271	unlocalizedName	item.forceRod
item	6271	hasContainerItem	false
item	6271	statName	item.forceRod.name
item	6271	isMap	false
item	6271	itemUseAction	none
item	6271	maxItemUseDuration	0
item	6271	potionEffect	null
item	6271	isPotionIngredient	false
item	6271	itemDisplayName	
item	6271	isItemTool	true
item	6271	enchantability	0
item	6271	isRepairable	false
item	6271	isItemBlock	false
item	6272	id	6272
item	6272	gid	DartCraft/item.powerSaw
item	6272	itemStackLimit	1
item	6272	hasSubtypes	false
item	6272	maxDamage	27
item	6272	isDamageable	true
item	6272	localizedName	item.powerSaw
item	6272	unlocalizedName	item.powerSaw
item	6272	hasContainerItem	false
item	6272	statName	item.powerSaw.name
item	6272	isMap	false
item	6272	itemUseAction	block
item	6272	maxItemUseDuration	72000
item	6272	potionEffect	null
item	6272	isPotionIngredient	false
item	6272	itemDisplayName	
item	6272	isItemTool	true
item	6272	enchantability	0
item	6272	isRepairable	false
item	6272	isItemBlock	false
item	6273	id	6273
item	6273	gid	DartCraft/item.powerDrill
item	6273	itemStackLimit	1
item	6273	hasSubtypes	false
item	6273	maxDamage	27
item	6273	isDamageable	true
item	6273	localizedName	item.powerDrill
item	6273	unlocalizedName	item.powerDrill
item	6273	hasContainerItem	false
item	6273	statName	item.powerDrill.name
item	6273	isMap	false
item	6273	itemUseAction	none
item	6273	maxItemUseDuration	0
item	6273	potionEffect	null
item	6273	isPotionIngredient	false
item	6273	itemDisplayName	
item	6273	isItemTool	true
item	6273	enchantability	0
item	6273	isRepairable	false
item	6273	isItemBlock	false
item	6274	id	6274
item	6274	gid	DartCraft/item.forcePickaxe
item	6274	itemStackLimit	1
item	6274	hasSubtypes	false
item	6274	maxDamage	512
item	6274	isDamageable	true
item	6274	localizedName	item.forcePickaxe
item	6274	unlocalizedName	item.forcePickaxe
item	6274	hasContainerItem	false
item	6274	statName	item.forcePickaxe.name
item	6274	isMap	false
item	6274	itemUseAction	none
item	6274	maxItemUseDuration	0
item	6274	potionEffect	null
item	6274	isPotionIngredient	false
item	6274	itemDisplayName	
item	6274	isItemTool	true
item	6274	enchantability	50
item	6274	isRepairable	true
item	6274	isItemBlock	false
item	6275	id	6275
item	6275	gid	DartCraft/item.upgradeCore
item	6275	itemStackLimit	16
item	6275	hasSubtypes	false
item	6275	maxDamage	0
item	6275	isDamageable	false
item	6275	localizedName	item.upgradeCore
item	6275	unlocalizedName	item.upgradeCore
item	6275	hasContainerItem	false
item	6275	statName	item.upgradeCore.name
item	6275	isMap	false
item	6275	itemUseAction	none
item	6275	maxItemUseDuration	0
item	6275	potionEffect	null
item	6275	isPotionIngredient	false
item	6275	itemDisplayName	
item	6275	isItemTool	false
item	6275	enchantability	0
item	6275	isRepairable	false
item	6275	isItemBlock	false
item	6276	id	6276
item	6276	gid	DartCraft/item.nuggetForce
item	6276	itemStackLimit	64
item	6276	hasSubtypes	false
item	6276	maxDamage	0
item	6276	isDamageable	false
item	6276	localizedName	item.nuggetForce
item	6276	unlocalizedName	item.nuggetForce
item	6276	hasContainerItem	false
item	6276	statName	item.nuggetForce.name
item	6276	isMap	false
item	6276	itemUseAction	none
item	6276	maxItemUseDuration	0
item	6276	potionEffect	null
item	6276	isPotionIngredient	false
item	6276	itemDisplayName	
item	6276	isItemTool	false
item	6276	enchantability	0
item	6276	isRepairable	false
item	6276	isItemBlock	false
item	6277	id	6277
item	6277	gid	DartCraft/item.forceSpade
item	6277	itemStackLimit	1
item	6277	hasSubtypes	false
item	6277	maxDamage	512
item	6277	isDamageable	true
item	6277	localizedName	item.forceSpade
item	6277	unlocalizedName	item.forceSpade
item	6277	hasContainerItem	false
item	6277	statName	item.forceSpade.name
item	6277	isMap	false
item	6277	itemUseAction	none
item	6277	maxItemUseDuration	0
item	6277	potionEffect	null
item	6277	isPotionIngredient	false
item	6277	itemDisplayName	
item	6277	isItemTool	true
item	6277	enchantability	50
item	6277	isRepairable	true
item	6277	isItemBlock	false
item	6278	id	6278
item	6278	gid	DartCraft/item.forceStick
item	6278	itemStackLimit	64
item	6278	hasSubtypes	false
item	6278	maxDamage	0
item	6278	isDamageable	false
item	6278	localizedName	item.forceStick
item	6278	unlocalizedName	item.forceStick
item	6278	hasContainerItem	false
item	6278	statName	item.forceStick.name
item	6278	isMap	false
item	6278	itemUseAction	none
item	6278	maxItemUseDuration	0
item	6278	potionEffect	null
item	6278	isPotionIngredient	false
item	6278	itemDisplayName	
item	6278	isItemTool	false
item	6278	enchantability	0
item	6278	isRepairable	false
item	6278	isItemBlock	false
item	6279	id	6279
item	6279	gid	DartCraft/item.forceAxe
item	6279	itemStackLimit	1
item	6279	hasSubtypes	false
item	6279	maxDamage	512
item	6279	isDamageable	true
item	6279	localizedName	item.forceAxe
item	6279	unlocalizedName	item.forceAxe
item	6279	hasContainerItem	false
item	6279	statName	item.forceAxe.name
item	6279	isMap	false
item	6279	itemUseAction	none
item	6279	maxItemUseDuration	0
item	6279	potionEffect	null
item	6279	isPotionIngredient	false
item	6279	itemDisplayName	
item	6279	isItemTool	true
item	6279	enchantability	50
item	6279	isRepairable	true
item	6279	isItemBlock	false
item	6280	id	6280
item	6280	gid	DartCraft/item.forceGear
item	6280	itemStackLimit	64
item	6280	hasSubtypes	false
item	6280	maxDamage	0
item	6280	isDamageable	false
item	6280	localizedName	item.forceGear
item	6280	unlocalizedName	item.forceGear
item	6280	hasContainerItem	false
item	6280	statName	item.forceGear.name
item	6280	isMap	false
item	6280	itemUseAction	none
item	6280	maxItemUseDuration	0
item	6280	potionEffect	null
item	6280	isPotionIngredient	false
item	6280	itemDisplayName	
item	6280	isItemTool	false
item	6280	enchantability	0
item	6280	isRepairable	false
item	6280	isItemBlock	false
item	6281	id	6281
item	6281	gid	DartCraft/item.forceBow
item	6281	itemStackLimit	1
item	6281	hasSubtypes	false
item	6281	maxDamage	332
item	6281	isDamageable	true
item	6281	localizedName	item.forceBow
item	6281	unlocalizedName	item.forceBow
item	6281	hasContainerItem	false
item	6281	statName	item.forceBow.name
item	6281	isMap	false
item	6281	itemUseAction	bow
item	6281	maxItemUseDuration	72000
item	6281	potionEffect	null
item	6281	isPotionIngredient	false
item	6281	itemDisplayName	
item	6281	isItemTool	true
item	6281	enchantability	50
item	6281	isRepairable	true
item	6281	isItemBlock	false
item	6282	id	6282
item	6282	gid	DartCraft/item.forceShears
item	6282	itemStackLimit	1
item	6282	hasSubtypes	false
item	6282	maxDamage	332
item	6282	isDamageable	true
item	6282	localizedName	item.forceShears
item	6282	unlocalizedName	item.forceShears
item	6282	hasContainerItem	false
item	6282	statName	item.forceShears.name
item	6282	isMap	false
item	6282	itemUseAction	none
item	6282	maxItemUseDuration	0
item	6282	potionEffect	null
item	6282	isPotionIngredient	false
item	6282	itemDisplayName	
item	6282	isItemTool	true
item	6282	enchantability	50
item	6282	isRepairable	true
item	6282	isItemBlock	false
item	6283	id	6283
item	6283	gid	DartCraft/item.cratedForceGems
item	6283	itemStackLimit	64
item	6283	hasSubtypes	false
item	6283	maxDamage	0
item	6283	isDamageable	false
item	6283	localizedName	item.cratedForceGems
item	6283	unlocalizedName	item.cratedForceGems
item	6283	hasContainerItem	false
item	6283	statName	item.cratedForceGems.name
item	6283	isMap	false
item	6283	itemUseAction	none
item	6283	maxItemUseDuration	0
item	6283	potionEffect	null
item	6283	isPotionIngredient	false
item	6283	itemDisplayName	
item	6283	isItemTool	false
item	6283	enchantability	0
item	6283	isRepairable	false
item	6283	isItemBlock	false
item	6284	id	6284
item	6284	gid	DartCraft/item.enderPack
item	6284	itemStackLimit	1
item	6284	hasSubtypes	false
item	6284	maxDamage	0
item	6284	isDamageable	false
item	6284	localizedName	item.enderPack
item	6284	unlocalizedName	item.enderPack
item	6284	hasContainerItem	false
item	6284	statName	item.enderPack.name
item	6284	isMap	false
item	6284	itemUseAction	none
item	6284	maxItemUseDuration	0
item	6284	potionEffect	null
item	6284	isPotionIngredient	false
item	6284	itemDisplayName	
item	6284	isItemTool	false
item	6284	enchantability	0
item	6284	isRepairable	false
item	6284	isItemBlock	false
item	6285	id	6285
item	6285	gid	DartCraft/item.rawLambchop
item	6285	itemStackLimit	64
item	6285	hasSubtypes	false
item	6285	maxDamage	0
item	6285	isDamageable	false
item	6285	localizedName	item.rawLambchop
item	6285	unlocalizedName	item.rawLambchop
item	6285	hasContainerItem	false
item	6285	statName	item.rawLambchop.name
item	6285	isMap	false
item	6285	itemUseAction	eat
item	6285	maxItemUseDuration	32
item	6285	potionEffect	null
item	6285	isPotionIngredient	false
item	6285	itemDisplayName	
item	6285	isItemTool	false
item	6285	enchantability	0
item	6285	isRepairable	false
item	6285	isItemBlock	false
item	6286	id	6286
item	6286	gid	DartCraft/item.cookedLambchop
item	6286	itemStackLimit	64
item	6286	hasSubtypes	false
item	6286	maxDamage	0
item	6286	isDamageable	false
item	6286	localizedName	item.cookedLambchop
item	6286	unlocalizedName	item.cookedLambchop
item	6286	hasContainerItem	false
item	6286	statName	item.cookedLambchop.name
item	6286	isMap	false
item	6286	itemUseAction	eat
item	6286	maxItemUseDuration	32
item	6286	potionEffect	null
item	6286	isPotionIngredient	false
item	6286	itemDisplayName	
item	6286	isItemTool	false
item	6286	enchantability	0
item	6286	isRepairable	false
item	6286	isItemBlock	false
item	6287	id	6287
item	6287	gid	DartCraft/item.liquidForce
item	6287	itemStackLimit	64
item	6287	hasSubtypes	false
item	6287	maxDamage	0
item	6287	isDamageable	false
item	6287	localizedName	item.liquidForce
item	6287	unlocalizedName	item.liquidForce
item	6287	hasContainerItem	false
item	6287	statName	item.liquidForce.name
item	6287	isMap	false
item	6287	itemUseAction	none
item	6287	maxItemUseDuration	0
item	6287	potionEffect	null
item	6287	isPotionIngredient	false
item	6287	itemDisplayName	
item	6287	isItemTool	false
item	6287	enchantability	0
item	6287	isRepairable	false
item	6287	isItemBlock	false
item	6288	id	6288
item	6288	gid	DartCraft/item.forceBucket
item	6288	itemStackLimit	1
item	6288	hasSubtypes	false
item	6288	maxDamage	0
item	6288	isDamageable	false
item	6288	localizedName	item.forceBucket
item	6288	unlocalizedName	item.forceBucket
item	6288	hasContainerItem	true
item	6288	statName	item.forceBucket.name
item	6288	isMap	false
item	6288	itemUseAction	none
item	6288	maxItemUseDuration	0
item	6288	potionEffect	null
item	6288	isPotionIngredient	false
item	6288	itemDisplayName	
item	6288	isItemTool	false
item	6288	enchantability	0
item	6288	isRepairable	false
item	6288	isItemBlock	false
item	6291	id	6291
item	6291	gid	DartCraft/item.forceBelt
item	6291	itemStackLimit	1
item	6291	hasSubtypes	false
item	6291	maxDamage	0
item	6291	isDamageable	false
item	6291	localizedName	item.forceBelt
item	6291	unlocalizedName	item.forceBelt
item	6291	hasContainerItem	false
item	6291	statName	item.forceBelt.name
item	6291	isMap	false
item	6291	itemUseAction	none
item	6291	maxItemUseDuration	0
item	6291	potionEffect	null
item	6291	isPotionIngredient	false
item	6291	itemDisplayName	
item	6291	isItemTool	false
item	6291	enchantability	0
item	6291	isRepairable	false
item	6291	isItemBlock	false
item	6292	id	6292
item	6292	gid	DartCraft/item.entityBottle
item	6292	itemStackLimit	64
item	6292	hasSubtypes	false
item	6292	maxDamage	0
item	6292	isDamageable	false
item	6292	localizedName	item.entityBottle
item	6292	unlocalizedName	item.entityBottle
item	6292	hasContainerItem	false
item	6292	statName	item.entityBottle.name
item	6292	isMap	false
item	6292	itemUseAction	none
item	6292	maxItemUseDuration	0
item	6292	potionEffect	null
item	6292	isPotionIngredient	false
item	6292	itemDisplayName	
item	6292	isItemTool	false
item	6292	enchantability	0
item	6292	isRepairable	false
item	6292	isItemBlock	false
item	6293	id	6293
item	6293	gid	DartCraft/item.forceFlask
item	6293	itemStackLimit	64
item	6293	hasSubtypes	false
item	6293	maxDamage	0
item	6293	isDamageable	false
item	6293	localizedName	item.forceFlask
item	6293	unlocalizedName	item.forceFlask
item	6293	hasContainerItem	false
item	6293	statName	item.forceFlask.name
item	6293	isMap	false
item	6293	itemUseAction	none
item	6293	maxItemUseDuration	0
item	6293	potionEffect	null
item	6293	isPotionIngredient	false
item	6293	itemDisplayName	
item	6293	isItemTool	false
item	6293	enchantability	0
item	6293	isRepairable	false
item	6293	isItemBlock	false
item	6295	id	6295
item	6295	gid	DartCraft/item.forceMitts
item	6295	itemStackLimit	1
item	6295	hasSubtypes	false
item	6295	maxDamage	256
item	6295	isDamageable	true
item	6295	localizedName	item.forceMitts
item	6295	unlocalizedName	item.forceMitts
item	6295	hasContainerItem	false
item	6295	statName	item.forceMitts.name
item	6295	isMap	false
item	6295	itemUseAction	none
item	6295	maxItemUseDuration	0
item	6295	potionEffect	null
item	6295	isPotionIngredient	false
item	6295	itemDisplayName	
item	6295	isItemTool	true
item	6295	enchantability	0
item	6295	isRepairable	true
item	6295	isItemBlock	false
item	6296	id	6296
item	6296	gid	DartCraft/item.memberCard
item	6296	itemStackLimit	1
item	6296	hasSubtypes	false
item	6296	maxDamage	0
item	6296	isDamageable	false
item	6296	localizedName	item.memberCard
item	6296	unlocalizedName	item.memberCard
item	6296	hasContainerItem	false
item	6296	statName	item.memberCard.name
item	6296	isMap	false
item	6296	itemUseAction	none
item	6296	maxItemUseDuration	0
item	6296	potionEffect	null
item	6296	isPotionIngredient	false
item	6296	itemDisplayName	
item	6296	isItemTool	false
item	6296	enchantability	0
item	6296	isRepairable	false
item	6296	isItemBlock	false
item	6297	id	6297
item	6297	gid	DartCraft/item.lootBag
item	6297	itemStackLimit	1
item	6297	hasSubtypes	true
item	6297	maxDamage	0
item	6297	isDamageable	false
item	6297	localizedName	item.lootBag
item	6297	unlocalizedName	item.lootBag
item	6297	hasContainerItem	false
item	6297	statName	item.lootBag.name
item	6297	isMap	false
item	6297	itemUseAction	none
item	6297	maxItemUseDuration	0
item	6297	potionEffect	null
item	6297	isPotionIngredient	false
item	6297	itemDisplayName	
item	6297	isItemTool	false
item	6297	enchantability	0
item	6297	isRepairable	false
item	6297	isItemBlock	false
item	6299	id	6299
item	6299	gid	DartCraft/item.itemTear
item	6299	itemStackLimit	64
item	6299	hasSubtypes	false
item	6299	maxDamage	0
item	6299	isDamageable	false
item	6299	localizedName	item.itemTear
item	6299	unlocalizedName	item.itemTear
item	6299	hasContainerItem	false
item	6299	statName	item.itemTear.name
item	6299	isMap	false
item	6299	itemUseAction	none
item	6299	maxItemUseDuration	0
item	6299	potionEffect	+0-1-2-3&4-4+13
item	6299	isPotionIngredient	true
item	6299	itemDisplayName	
item	6299	isItemTool	false
item	6299	enchantability	0
item	6299	isRepairable	false
item	6299	isItemBlock	false
item	6300	id	6300
item	6300	gid	DartCraft/item.itemClaw
item	6300	itemStackLimit	64
item	6300	hasSubtypes	false
item	6300	maxDamage	0
item	6300	isDamageable	false
item	6300	localizedName	item.itemClaw
item	6300	unlocalizedName	item.itemClaw
item	6300	hasContainerItem	false
item	6300	statName	item.itemClaw.name
item	6300	isMap	false
item	6300	itemUseAction	none
item	6300	maxItemUseDuration	0
item	6300	potionEffect	null
item	6300	isPotionIngredient	false
item	6300	itemDisplayName	
item	6300	isItemTool	false
item	6300	enchantability	0
item	6300	isRepairable	false
item	6300	isItemBlock	false
item	6301	id	6301
item	6301	gid	DartCraft/item.inertCore
item	6301	itemStackLimit	64
item	6301	hasSubtypes	false
item	6301	maxDamage	0
item	6301	isDamageable	false
item	6301	localizedName	item.inertCore
item	6301	unlocalizedName	item.inertCore
item	6301	hasContainerItem	false
item	6301	statName	item.inertCore.name
item	6301	isMap	false
item	6301	itemUseAction	none
item	6301	maxItemUseDuration	0
item	6301	potionEffect	null
item	6301	isPotionIngredient	false
item	6301	itemDisplayName	
item	6301	isItemTool	false
item	6301	enchantability	0
item	6301	isRepairable	false
item	6301	isItemBlock	false
entity	3	name	coldCow
entity	3	class	bluedart.entity.EntityColdCow
entity	4	name	coldChicken
entity	4	class	bluedart.entity.EntityColdChicken
entity	5	name	enderTot
entity	5	class	bluedart.entity.EntityEnderTot
recipes/smelting	DartCraft/item.rawLambchop	input	6285
recipes/smelting	DartCraft/item.rawLambchop	output	6286:0
recipes/smelting	DartCraft/tile.forceLog:0	input	1904:0
recipes/smelting	DartCraft/tile.forceLog:0	output	6258:0
oredict	6300:0	name	itemClaw
oredict	1906:0	name	treeSapling
oredict	21:0	name	oreLapis
oredict	1904:0	name	logWood
oredict	73:0	name	oreRedstone
oredict	6257:0	name	ingotForce
oredict	6299:0	name	itemTear
oredict	370:0	name	itemTear
oredict	56:0	name	oreDiamond
oredict	15:0	name	oreIron
oredict	1904:1	name	plankWood
oredict	6256:0	name	gemForce
oredict	129:0	name	oreEmerald
oredict	1905:0	name	treeLeaves
oredict	14:0	name	oreGold
recipes/crafting/shaped	W=3;DartCraft/tile.forceLog:1;Minecraft/tile.wood:32767;DartCraft/tile.forceLog:1;Minecraft/tile.wood:32767;DartCraft/tile.forceLog:1;Minecraft/tile.wood:32767;null;Minecraft/item.stick:0;null;null;Minecraft/item.stick:0;null	output	270:0
recipes/crafting/shaped	W=3;DartCraft/tile.forceLog:1;Minecraft/tile.wood:32767;DartCraft/tile.forceLog:1;Minecraft/tile.wood:32767;DartCraft/tile.forceLog:1;Minecraft/tile.wood:32767;DartCraft/tile.forceLog:1;Minecraft/tile.wood:32767;null;DartCraft/tile.forceLog:1;Minecraft/tile.wood:32767;DartCraft/tile.forceLog:1;Minecraft/tile.wood:32767;DartCraft/tile.forceLog:1;Minecraft/tile.wood:32767;DartCraft/tile.forceLog:1;Minecraft/tile.wood:32767	output	54:0
recipes/crafting/shaped	W=3;DartCraft/tile.forceLog:1;Minecraft/tile.wood:32767;DartCraft/tile.forceLog:1;Minecraft/tile.wood:32767;DartCraft/tile.forceLog:1;Minecraft/tile.wood:32767;DartCraft/tile.forceLog:1;Minecraft/tile.wood:32767;Minecraft/item.diamond:0;DartCraft/tile.forceLog:1;Minecraft/tile.wood:32767;DartCraft/tile.forceLog:1;Minecraft/tile.wood:32767;DartCraft/tile.forceLog:1;Minecraft/tile.wood:32767;DartCraft/tile.forceLog:1;Minecraft/tile.wood:32767	output	84:0
recipes/crafting/shaped	W=3;DartCraft/tile.forceLog:1;Minecraft/tile.wood:32767;DartCraft/tile.forceLog:1;Minecraft/tile.wood:32767;DartCraft/tile.forceLog:1;Minecraft/tile.wood:32767;DartCraft/tile.forceLog:1;Minecraft/tile.wood:32767;Minecraft/item.redstone:0;DartCraft/tile.forceLog:1;Minecraft/tile.wood:32767;DartCraft/tile.forceLog:1;Minecraft/tile.wood:32767;DartCraft/tile.forceLog:1;Minecraft/tile.wood:32767;DartCraft/tile.forceLog:1;Minecraft/tile.wood:32767	output	25:0
recipes/crafting/shaped	W=3;DartCraft/tile.forceLog:1;Minecraft/tile.wood:32767;DartCraft/tile.forceLog:1;Minecraft/tile.wood:32767;DartCraft/tile.forceLog:1;Minecraft/tile.wood:32767;Minecraft/item.book:0;Minecraft/item.book:0;Minecraft/item.book:0;DartCraft/tile.forceLog:1;Minecraft/tile.wood:32767;DartCraft/tile.forceLog:1;Minecraft/tile.wood:32767;DartCraft/tile.forceLog:1;Minecraft/tile.wood:32767	output	47:0
recipes/crafting/shaped	W=3;DartCraft/tile.forceLog:1;Minecraft/tile.wood:32767;DartCraft/tile.forceLog:1;Minecraft/tile.wood:32767;DartCraft/tile.forceLog:1;Minecraft/tile.wood:32767;DartCraft/tile.forceLog:1;Minecraft/tile.wood:32767;DartCraft/tile.forceLog:1;Minecraft/tile.wood:32767;DartCraft/tile.forceLog:1;Minecraft/tile.wood:32767;null;Minecraft/item.stick:0;null	output	323:0
recipes/crafting/shaped	W=3;DartCraft/tile.forceLog:1;Minecraft/tile.wood:32767;DartCraft/tile.forceLog:1;Minecraft/tile.wood:32767;DartCraft/tile.forceLog:1;Minecraft/tile.wood:32767;Minecraft/tile.stonebrick:32767;Minecraft/item.ingotIron:0;Minecraft/tile.stonebrick:32767;Minecraft/tile.stonebrick:32767;Minecraft/item.redstone:0;Minecraft/tile.stonebrick:32767	output	33:0
recipes/crafting/shaped	W=2;DartCraft/tile.forceLog:1;Minecraft/tile.wood:32767;DartCraft/tile.forceLog:1;Minecraft/tile.wood:32767;DartCraft/tile.forceLog:1;Minecraft/tile.wood:32767;Minecraft/item.stick:0;null;Minecraft/item.stick:0	output	271:0
recipes/crafting/shaped	W=2;DartCraft/tile.forceLog:1;Minecraft/tile.wood:32767;DartCraft/tile.forceLog:1;Minecraft/tile.wood:32767;null;Minecraft/item.stick:0;null;Minecraft/item.stick:0	output	290:0
recipes/crafting/shaped	W=3;Minecraft/item.stick:0;DartCraft/tile.forceLog:1;Minecraft/tile.wood:32767;Minecraft/item.stick:0;Minecraft/item.stick:0;DartCraft/tile.forceLog:1;Minecraft/tile.wood:32767;Minecraft/item.stick:0	output	107:0
recipes/crafting/shaped	W=2;DartCraft/tile.forceLog:1;Minecraft/tile.wood:32767;DartCraft/tile.forceLog:1;Minecraft/tile.wood:32767;DartCraft/tile.forceLog:1;Minecraft/tile.wood:32767;DartCraft/tile.forceLog:1;Minecraft/tile.wood:32767;DartCraft/tile.forceLog:1;Minecraft/tile.wood:32767;DartCraft/tile.forceLog:1;Minecraft/tile.wood:32767	output	324:0
recipes/crafting/shaped	W=3;DartCraft/tile.forceLog:1;Minecraft/tile.wood:32767;DartCraft/tile.forceLog:1;Minecraft/tile.wood:32767;DartCraft/tile.forceLog:1;Minecraft/tile.wood:32767;DartCraft/tile.forceLog:1;Minecraft/tile.wood:32767;DartCraft/tile.forceLog:1;Minecraft/tile.wood:32767;DartCraft/tile.forceLog:1;Minecraft/tile.wood:32767	output	96:0
recipes/crafting/shaped	W=3;DartCraft/tile.forceLog:1;Minecraft/tile.wood:32767;null;DartCraft/tile.forceLog:1;Minecraft/tile.wood:32767;null;DartCraft/tile.forceLog:1;Minecraft/tile.wood:32767;null	output	281:0
recipes/crafting/shaped	W=3;DartCraft/tile.forceLog:1;Minecraft/tile.wood:32767;null;DartCraft/tile.forceLog:1;Minecraft/tile.wood:32767;DartCraft/tile.forceLog:1;Minecraft/tile.wood:32767;DartCraft/tile.forceLog:1;Minecraft/tile.wood:32767;DartCraft/tile.forceLog:1;Minecraft/tile.wood:32767	output	333:0
recipes/crafting/shaped	W=3;Minecraft/tile.cloth:32767;Minecraft/tile.cloth:32767;Minecraft/tile.cloth:32767;DartCraft/tile.forceLog:1;Minecraft/tile.wood:32767;DartCraft/tile.forceLog:1;Minecraft/tile.wood:32767;DartCraft/tile.forceLog:1;Minecraft/tile.wood:32767	output	355:0
recipes/crafting/shaped	W=2;DartCraft/tile.forceLog:1;Minecraft/tile.wood:32767;DartCraft/tile.forceLog:1;Minecraft/tile.wood:32767;DartCraft/tile.forceLog:1;Minecraft/tile.wood:32767;DartCraft/tile.forceLog:1;Minecraft/tile.wood:32767	output	58:0
recipes/crafting/shaped	W=1;DartCraft/tile.forceLog:1;Minecraft/tile.wood:32767;Minecraft/item.stick:0;Minecraft/item.stick:0	output	269:0
recipes/crafting/shaped	W=1;DartCraft/tile.forceLog:1;Minecraft/tile.wood:32767;DartCraft/tile.forceLog:1;Minecraft/tile.wood:32767;Minecraft/item.stick:0	output	268:0
recipes/crafting/shaped	W=1;Minecraft/item.ingotIron:0;Minecraft/item.stick:0;DartCraft/tile.forceLog:1;Minecraft/tile.wood:32767	output	131:0
recipes/crafting/shaped	W=1;DartCraft/tile.forceLog:1;Minecraft/tile.wood:32767;DartCraft/tile.forceLog:1;Minecraft/tile.wood:32767	output	280:0
recipes/crafting/shaped	W=2;DartCraft/tile.forceLog:1;Minecraft/tile.wood:32767;DartCraft/tile.forceLog:1;Minecraft/tile.wood:32767	output	72:0
recipes/crafting/shaped	W=1;DartCraft/tile.forceLog:1;Minecraft/tile.wood:32767	output	143:0
recipes/crafting/shaped	W=3;Minecraft/item.string:0;null;Minecraft/item.string:0;null;Minecraft/item.string:0;null;Minecraft/item.string:0;null;Minecraft/item.string:0	output	30:0
recipes/crafting/shaped	W=1;Minecraft/item.yellowDust:0;Minecraft/item.redstone:0;Minecraft/item.potion:0	output	384:0
recipes/crafting/shaped	W=1;DartCraft/item.goldenPower:0;Minecraft/item.stick:0	output	50:0
recipes/crafting/shapeless	DartCraft/item.gemForce:0;Minecraft/item.ingotIron:0;Minecraft/item.ingotIron:0	ingredient.0	6256:0
recipes/crafting/shapeless	DartCraft/item.gemForce:0;Minecraft/item.ingotIron:0;Minecraft/item.ingotIron:0	ingredient.1	265:0
recipes/crafting/shapeless	DartCraft/item.gemForce:0;Minecraft/item.ingotIron:0;Minecraft/item.ingotIron:0	ingredient.2	265:0
recipes/crafting/shapeless	DartCraft/item.gemForce:0;Minecraft/item.ingotIron:0;Minecraft/item.ingotIron:0	output	6257:0
recipes/crafting/shapeless	DartCraft/item.gemForce:0;Minecraft/item.ingotGold:0;Minecraft/item.ingotGold:0	ingredient.0	6256:0
recipes/crafting/shapeless	DartCraft/item.gemForce:0;Minecraft/item.ingotGold:0;Minecraft/item.ingotGold:0	ingredient.1	266:0
recipes/crafting/shapeless	DartCraft/item.gemForce:0;Minecraft/item.ingotGold:0;Minecraft/item.ingotGold:0	ingredient.2	266:0
recipes/crafting/shapeless	DartCraft/item.gemForce:0;Minecraft/item.ingotGold:0;Minecraft/item.ingotGold:0	output	6257:0
recipes/crafting/shapeless	DartCraft/item.ingotForce:0	ingredient.0	6257:0
recipes/crafting/shapeless	DartCraft/item.ingotForce:0	output	6276:0
recipes/crafting/shaped	W=3;DartCraft/item.nuggetForce:0;DartCraft/item.nuggetForce:0;DartCraft/item.nuggetForce:0;DartCraft/item.nuggetForce:0;DartCraft/item.nuggetForce:0;DartCraft/item.nuggetForce:0;DartCraft/item.nuggetForce:0;DartCraft/item.nuggetForce:0;DartCraft/item.nuggetForce:0	output	6257:0
recipes/crafting/shaped	W=3;Minecraft/tile.wood:32767;Minecraft/item.ingotIron:0;Minecraft/tile.wood:32767;Minecraft/tile.wood:32767;Minecraft/item.paper:0;Minecraft/tile.wood:32767;Minecraft/tile.wood:32767;Minecraft/item.paper:0;Minecraft/tile.wood:32767	output	6260:0
recipes/crafting/shaped	W=1;DartCraft/item.ingotForce:0;DartCraft/item.ingotForce:0;DartCraft/item.forceStick:0	output	6270:0
recipes/crafting/shaped	W=3;Minecraft/tile.stonebrick:32767;Minecraft/item.leather:0;null;Minecraft/tile.stonebrick:32767;DartCraft/item.ingotForce:0;Minecraft/item.ingotIron:0;Minecraft/tile.stonebrick:32767;Minecraft/item.leather:0;Minecraft/item.leather:0	output	6295:0
recipes/crafting/shaped	W=3;DartCraft/item.ingotForce:0;DartCraft/item.ingotForce:0;DartCraft/item.ingotForce:0;null;DartCraft/item.forceStick:0;null;null;DartCraft/item.forceStick:0;null	output	6274:0
recipes/crafting/shaped	W=1;DartCraft/item.ingotForce:0;DartCraft/item.forceStick:0;DartCraft/item.forceStick:0	output	6277:0
recipes/crafting/shaped	W=2;DartCraft/item.ingotForce:0;DartCraft/item.ingotForce:0;DartCraft/item.ingotForce:0;DartCraft/item.forceStick:0;null;DartCraft/item.forceStick:0	output	6279:0
recipes/crafting/shaped	W=2;DartCraft/item.ingotForce:0;null;null;DartCraft/item.ingotForce:0	output	6282:0
recipes/crafting/shaped	W=3;null;DartCraft/item.forceStick:0;Minecraft/item.string:0;DartCraft/item.forceStick:0;null;Minecraft/item.string:0;null;DartCraft/item.forceStick:0;Minecraft/item.string:0	output	6281:0
recipes/crafting/shaped	W=3;Minecraft/item.string:0;DartCraft/item.forceStick:0;null;Minecraft/item.string:0;null;DartCraft/item.forceStick:0;Minecraft/item.string:0;DartCraft/item.forceStick:0;null	output	6281:0
recipes/crafting/shaped	W=1;DartCraft/item.nuggetForce:0;DartCraft/item.forceStick:0;Minecraft/item.feather:0	output	6265:0
recipes/crafting/shapeless	Minecraft/item.cookie:0;Minecraft/item.paper:0	ingredient.0	357:0
recipes/crafting/shapeless	Minecraft/item.cookie:0;Minecraft/item.paper:0	ingredient.1	339:0
recipes/crafting/shapeless	Minecraft/item.cookie:0;Minecraft/item.paper:0	output	6266:0
recipes/crafting/shapeless	DartCraft/item.fortune:0	ingredient.0	6267:0
recipes/crafting/shapeless	DartCraft/item.fortune:0	output	339:0
recipes/crafting/shaped	W=3;DartCraft/item.ingotForce:0;Minecraft/item.leather:0;DartCraft/item.ingotForce:0;Minecraft/item.leather:0;Minecraft/tile.chest:32767;Minecraft/item.leather:0;DartCraft/item.ingotForce:0;Minecraft/item.leather:0;DartCraft/item.ingotForce:0	output	6268:0
recipes/crafting/shaped	W=3;Minecraft/item.leather:0;Minecraft/tile.cloth:32767;Minecraft/item.leather:0;DartCraft/item.ingotForce:0;Minecraft/item.ingotIron:0;DartCraft/item.ingotForce:0;Minecraft/item.leather:0;Minecraft/tile.cloth:32767;Minecraft/item.leather:0	output	6291:0
recipes/crafting/shaped	W=3;null;Minecraft/tile.glass:32767;null;Minecraft/tile.glass:32767;DartCraft/item.nuggetForce:0;Minecraft/tile.glass:32767;null;Minecraft/tile.glass:32767;null	output	6293:0
recipes/crafting/shaped	W=3;null;null;DartCraft/item.ingotForce:0;null;Minecraft/item.stick:0;null;DartCraft/item.nuggetForce:0;null;null	output	6271:48
recipes/crafting/shaped	W=3;null;null;DartCraft/item.ingotForce:0;null;DartCraft/item.forceStick:0;null;DartCraft/item.nuggetForce:0;null;null	output	6271:0
recipes/crafting/shapeless	DartCraft/tile.forceLog:0	ingredient.0	1904:0
recipes/crafting/shapeless	DartCraft/tile.forceLog:0	output	1904:1
recipes/crafting/shaped	W=1;DartCraft/tile.forceLog:0;DartCraft/tile.forceLog:0	output	6278:0
recipes/crafting/shaped	W=3;DartCraft/tile.forceBrick:0;DartCraft/tile.forceBrick:0;DartCraft/tile.forceBrick:0	output	1908:0
recipes/crafting/shaped	W=1;DartCraft/tile.forceSlab:0;DartCraft/tile.forceSlab:0	output	1903:0
recipes/crafting/shaped	W=3;DartCraft/tile.forceBrick:0;null;null;DartCraft/tile.forceBrick:0;DartCraft/tile.forceBrick:0;null;DartCraft/tile.forceBrick:0;DartCraft/tile.forceBrick:0;DartCraft/tile.forceBrick:0	output	1901:0
recipes/crafting/shaped	W=2;DartCraft/tile.forceStairs:0;DartCraft/tile.forceStairs:0;DartCraft/tile.forceStairs:0;DartCraft/tile.forceStairs:0	output	1903:0
recipes/crafting/shaped	W=3;DartCraft/tile.forceBrick:1;DartCraft/tile.forceBrick:1;DartCraft/tile.forceBrick:1	output	1908:1
recipes/crafting/shaped	W=1;DartCraft/tile.forceSlab:1;DartCraft/tile.forceSlab:1	output	1903:1
recipes/crafting/shaped	W=3;DartCraft/tile.forceBrick:1;null;null;DartCraft/tile.forceBrick:1;DartCraft/tile.forceBrick:1;null;DartCraft/tile.forceBrick:1;DartCraft/tile.forceBrick:1;DartCraft/tile.forceBrick:1	output	1901:1
recipes/crafting/shaped	W=2;DartCraft/tile.forceStairs:1;DartCraft/tile.forceStairs:1;DartCraft/tile.forceStairs:1;DartCraft/tile.forceStairs:1	output	1903:1
recipes/crafting/shaped	W=3;DartCraft/tile.forceBrick:2;DartCraft/tile.forceBrick:2;DartCraft/tile.forceBrick:2	output	1908:2
recipes/crafting/shaped	W=1;DartCraft/tile.forceSlab:2;DartCraft/tile.forceSlab:2	output	1903:2
recipes/crafting/shaped	W=3;DartCraft/tile.forceBrick:2;null;null;DartCraft/tile.forceBrick:2;DartCraft/tile.forceBrick:2;null;DartCraft/tile.forceBrick:2;DartCraft/tile.forceBrick:2;DartCraft/tile.forceBrick:2	output	1901:2
recipes/crafting/shaped	W=2;DartCraft/tile.forceStairs:2;DartCraft/tile.forceStairs:2;DartCraft/tile.forceStairs:2;DartCraft/tile.forceStairs:2	output	1903:2
recipes/crafting/shaped	W=3;DartCraft/tile.forceBrick:3;DartCraft/tile.forceBrick:3;DartCraft/tile.forceBrick:3	output	1908:3
recipes/crafting/shaped	W=1;DartCraft/tile.forceSlab:3;DartCraft/tile.forceSlab:3	output	1903:3
recipes/crafting/shaped	W=3;DartCraft/tile.forceBrick:3;null;null;DartCraft/tile.forceBrick:3;DartCraft/tile.forceBrick:3;null;DartCraft/tile.forceBrick:3;DartCraft/tile.forceBrick:3;DartCraft/tile.forceBrick:3	output	1901:3
recipes/crafting/shaped	W=2;DartCraft/tile.forceStairs:3;DartCraft/tile.forceStairs:3;DartCraft/tile.forceStairs:3;DartCraft/tile.forceStairs:3	output	1903:3
recipes/crafting/shaped	W=3;DartCraft/tile.forceBrick:4;DartCraft/tile.forceBrick:4;DartCraft/tile.forceBrick:4	output	1908:4
recipes/crafting/shaped	W=1;DartCraft/tile.forceSlab:4;DartCraft/tile.forceSlab:4	output	1903:4
recipes/crafting/shaped	W=3;DartCraft/tile.forceBrick:4;null;null;DartCraft/tile.forceBrick:4;DartCraft/tile.forceBrick:4;null;DartCraft/tile.forceBrick:4;DartCraft/tile.forceBrick:4;DartCraft/tile.forceBrick:4	output	1901:4
recipes/crafting/shaped	W=2;DartCraft/tile.forceStairs:4;DartCraft/tile.forceStairs:4;DartCraft/tile.forceStairs:4;DartCraft/tile.forceStairs:4	output	1903:4
recipes/crafting/shaped	W=3;DartCraft/tile.forceBrick:5;DartCraft/tile.forceBrick:5;DartCraft/tile.forceBrick:5	output	1908:5
recipes/crafting/shaped	W=1;DartCraft/tile.forceSlab:5;DartCraft/tile.forceSlab:5	output	1903:5
recipes/crafting/shaped	W=3;DartCraft/tile.forceBrick:5;null;null;DartCraft/tile.forceBrick:5;DartCraft/tile.forceBrick:5;null;DartCraft/tile.forceBrick:5;DartCraft/tile.forceBrick:5;DartCraft/tile.forceBrick:5	output	1901:5
recipes/crafting/shaped	W=2;DartCraft/tile.forceStairs:5;DartCraft/tile.forceStairs:5;DartCraft/tile.forceStairs:5;DartCraft/tile.forceStairs:5	output	1903:5
recipes/crafting/shaped	W=3;DartCraft/tile.forceBrick:6;DartCraft/tile.forceBrick:6;DartCraft/tile.forceBrick:6	output	1908:6
recipes/crafting/shaped	W=1;DartCraft/tile.forceSlab:6;DartCraft/tile.forceSlab:6	output	1903:6
recipes/crafting/shaped	W=3;DartCraft/tile.forceBrick:6;null;null;DartCraft/tile.forceBrick:6;DartCraft/tile.forceBrick:6;null;DartCraft/tile.forceBrick:6;DartCraft/tile.forceBrick:6;DartCraft/tile.forceBrick:6	output	1901:6
recipes/crafting/shaped	W=2;DartCraft/tile.forceStairs:6;DartCraft/tile.forceStairs:6;DartCraft/tile.forceStairs:6;DartCraft/tile.forceStairs:6	output	1903:6
recipes/crafting/shaped	W=3;DartCraft/tile.forceBrick:7;DartCraft/tile.forceBrick:7;DartCraft/tile.forceBrick:7	output	1908:7
recipes/crafting/shaped	W=1;DartCraft/tile.forceSlab:7;DartCraft/tile.forceSlab:7	output	1903:7
recipes/crafting/shaped	W=3;DartCraft/tile.forceBrick:7;null;null;DartCraft/tile.forceBrick:7;DartCraft/tile.forceBrick:7;null;DartCraft/tile.forceBrick:7;DartCraft/tile.forceBrick:7;DartCraft/tile.forceBrick:7	output	1901:7
recipes/crafting/shaped	W=2;DartCraft/tile.forceStairs:7;DartCraft/tile.forceStairs:7;DartCraft/tile.forceStairs:7;DartCraft/tile.forceStairs:7	output	1903:7
recipes/crafting/shaped	W=3;DartCraft/tile.forceBrick:8;DartCraft/tile.forceBrick:8;DartCraft/tile.forceBrick:8	output	1908:8
recipes/crafting/shaped	W=1;DartCraft/tile.forceSlab:8;DartCraft/tile.forceSlab:8	output	1903:8
recipes/crafting/shaped	W=3;DartCraft/tile.forceBrick:8;null;null;DartCraft/tile.forceBrick:8;DartCraft/tile.forceBrick:8;null;DartCraft/tile.forceBrick:8;DartCraft/tile.forceBrick:8;DartCraft/tile.forceBrick:8	output	1901:8
recipes/crafting/shaped	W=2;DartCraft/tile.forceStairs:8;DartCraft/tile.forceStairs:8;DartCraft/tile.forceStairs:8;DartCraft/tile.forceStairs:8	output	1903:8
recipes/crafting/shaped	W=3;DartCraft/tile.forceBrick:9;DartCraft/tile.forceBrick:9;DartCraft/tile.forceBrick:9	output	1908:9
recipes/crafting/shaped	W=1;DartCraft/tile.forceSlab:9;DartCraft/tile.forceSlab:9	output	1903:9
recipes/crafting/shaped	W=3;DartCraft/tile.forceBrick:9;null;null;DartCraft/tile.forceBrick:9;DartCraft/tile.forceBrick:9;null;DartCraft/tile.forceBrick:9;DartCraft/tile.forceBrick:9;DartCraft/tile.forceBrick:9	output	1901:9
recipes/crafting/shaped	W=2;DartCraft/tile.forceStairs:9;DartCraft/tile.forceStairs:9;DartCraft/tile.forceStairs:9;DartCraft/tile.forceStairs:9	output	1903:9
recipes/crafting/shaped	W=3;DartCraft/tile.forceBrick:10;DartCraft/tile.forceBrick:10;DartCraft/tile.forceBrick:10	output	1908:10
recipes/crafting/shaped	W=1;DartCraft/tile.forceSlab:10;DartCraft/tile.forceSlab:10	output	1903:10
recipes/crafting/shaped	W=3;DartCraft/tile.forceBrick:10;null;null;DartCraft/tile.forceBrick:10;DartCraft/tile.forceBrick:10;null;DartCraft/tile.forceBrick:10;DartCraft/tile.forceBrick:10;DartCraft/tile.forceBrick:10	output	1901:10
recipes/crafting/shaped	W=2;DartCraft/tile.forceStairs:10;DartCraft/tile.forceStairs:10;DartCraft/tile.forceStairs:10;DartCraft/tile.forceStairs:10	output	1903:10
recipes/crafting/shaped	W=3;DartCraft/tile.forceBrick:11;DartCraft/tile.forceBrick:11;DartCraft/tile.forceBrick:11	output	1908:11
recipes/crafting/shaped	W=1;DartCraft/tile.forceSlab:11;DartCraft/tile.forceSlab:11	output	1903:11
recipes/crafting/shaped	W=3;DartCraft/tile.forceBrick:11;null;null;DartCraft/tile.forceBrick:11;DartCraft/tile.forceBrick:11;null;DartCraft/tile.forceBrick:11;DartCraft/tile.forceBrick:11;DartCraft/tile.forceBrick:11	output	1901:11
recipes/crafting/shaped	W=2;DartCraft/tile.forceStairs:11;DartCraft/tile.forceStairs:11;DartCraft/tile.forceStairs:11;DartCraft/tile.forceStairs:11	output	1903:11
recipes/crafting/shaped	W=3;DartCraft/tile.forceBrick:12;DartCraft/tile.forceBrick:12;DartCraft/tile.forceBrick:12	output	1908:12
recipes/crafting/shaped	W=1;DartCraft/tile.forceSlab:12;DartCraft/tile.forceSlab:12	output	1903:12
recipes/crafting/shaped	W=3;DartCraft/tile.forceBrick:12;null;null;DartCraft/tile.forceBrick:12;DartCraft/tile.forceBrick:12;null;DartCraft/tile.forceBrick:12;DartCraft/tile.forceBrick:12;DartCraft/tile.forceBrick:12	output	1901:12
recipes/crafting/shaped	W=2;DartCraft/tile.forceStairs:12;DartCraft/tile.forceStairs:12;DartCraft/tile.forceStairs:12;DartCraft/tile.forceStairs:12	output	1903:12
recipes/crafting/shaped	W=3;DartCraft/tile.forceBrick:13;DartCraft/tile.forceBrick:13;DartCraft/tile.forceBrick:13	output	1908:13
recipes/crafting/shaped	W=1;DartCraft/tile.forceSlab:13;DartCraft/tile.forceSlab:13	output	1903:13
recipes/crafting/shaped	W=3;DartCraft/tile.forceBrick:13;null;null;DartCraft/tile.forceBrick:13;DartCraft/tile.forceBrick:13;null;DartCraft/tile.forceBrick:13;DartCraft/tile.forceBrick:13;DartCraft/tile.forceBrick:13	output	1901:13
recipes/crafting/shaped	W=2;DartCraft/tile.forceStairs:13;DartCraft/tile.forceStairs:13;DartCraft/tile.forceStairs:13;DartCraft/tile.forceStairs:13	output	1903:13
recipes/crafting/shaped	W=3;DartCraft/tile.forceBrick:14;DartCraft/tile.forceBrick:14;DartCraft/tile.forceBrick:14	output	1908:14
recipes/crafting/shaped	W=1;DartCraft/tile.forceSlab:14;DartCraft/tile.forceSlab:14	output	1903:14
recipes/crafting/shaped	W=3;DartCraft/tile.forceBrick:14;null;null;DartCraft/tile.forceBrick:14;DartCraft/tile.forceBrick:14;null;DartCraft/tile.forceBrick:14;DartCraft/tile.forceBrick:14;DartCraft/tile.forceBrick:14	output	1901:14
recipes/crafting/shaped	W=2;DartCraft/tile.forceStairs:14;DartCraft/tile.forceStairs:14;DartCraft/tile.forceStairs:14;DartCraft/tile.forceStairs:14	output	1903:14
recipes/crafting/shaped	W=3;DartCraft/tile.forceBrick:15;DartCraft/tile.forceBrick:15;DartCraft/tile.forceBrick:15	output	1908:15
recipes/crafting/shaped	W=1;DartCraft/tile.forceSlab:15;DartCraft/tile.forceSlab:15	output	1903:15
recipes/crafting/shaped	W=3;DartCraft/tile.forceBrick:15;null;null;DartCraft/tile.forceBrick:15;DartCraft/tile.forceBrick:15;null;DartCraft/tile.forceBrick:15;DartCraft/tile.forceBrick:15;DartCraft/tile.forceBrick:15	output	1901:15
recipes/crafting/shaped	W=2;DartCraft/tile.forceStairs:15;DartCraft/tile.forceStairs:15;DartCraft/tile.forceStairs:15;DartCraft/tile.forceStairs:15	output	1903:15
recipes/crafting/shaped	W=3;DartCraft/tile.forceLog:1;null;null;DartCraft/tile.forceLog:1;DartCraft/tile.forceLog:1;null;DartCraft/tile.forceLog:1;DartCraft/tile.forceLog:1;DartCraft/tile.forceLog:1	output	1901:16
recipes/crafting/shaped	W=2;DartCraft/tile.forceStairs:16;DartCraft/tile.forceStairs:16;DartCraft/tile.forceStairs:16;DartCraft/tile.forceStairs:16	output	1904:1
recipes/crafting/shaped	W=3;DartCraft/tile.forceLog:1;DartCraft/tile.forceLog:1;DartCraft/tile.forceLog:1	output	1908:16
recipes/crafting/shaped	W=1;DartCraft/tile.forceSlab:16;DartCraft/tile.forceSlab:16	output	1904:1
recipes/crafting/shapeless	DartCraft/item.gemForce:0;IC2/itemIngotBronze:0;IC2/itemIngotBronze:0	ingredient.0	6256:0
recipes/crafting/shapeless	DartCraft/item.gemForce:0;IC2/itemIngotBronze:0;IC2/itemIngotBronze:0	ingredient.1	30246:0;
recipes/crafting/shapeless	DartCraft/item.gemForce:0;IC2/itemIngotBronze:0;IC2/itemIngotBronze:0	ingredient.2	30246:0;
recipes/crafting/shapeless	DartCraft/item.gemForce:0;IC2/itemIngotBronze:0;IC2/itemIngotBronze:0	output	6257:0
recipes/crafting/shapeless	DartCraft/item.gemForce:0;IC2/itemIngotAdvIron:0;IC2/itemIngotAdvIron:0	ingredient.0	6256:0
recipes/crafting/shapeless	DartCraft/item.gemForce:0;IC2/itemIngotAdvIron:0;IC2/itemIngotAdvIron:0	ingredient.1	30249:0;
recipes/crafting/shapeless	DartCraft/item.gemForce:0;IC2/itemIngotAdvIron:0;IC2/itemIngotAdvIron:0	ingredient.2	30249:0;
recipes/crafting/shapeless	DartCraft/item.gemForce:0;IC2/itemIngotAdvIron:0;IC2/itemIngotAdvIron:0	output	6257:0
recipes/crafting/shapeless	;;DartCraft/item.gemForce:0	ingredient.0	6256:0
recipes/crafting/shapeless	;;DartCraft/item.gemForce:0	ingredient.1	
recipes/crafting/shapeless	;;DartCraft/item.gemForce:0	ingredient.2	
recipes/crafting/shapeless	;;DartCraft/item.gemForce:0	output	6257:0
recipes/crafting/shaped	W=3;Minecraft/item.paper:0;Minecraft/item.dyePowder:1;Minecraft/item.paper:0;Minecraft/item.paper:0;DartCraft/item.ingotForce:0;Minecraft/item.paper:0;Minecraft/item.paper:0;Minecraft/item.dyePowder:4;Minecraft/item.paper:0	output	6296:0
recipes/crafting/shaped	W=3;Minecraft/item.paper:0;Minecraft/item.paper:0;Minecraft/item.paper:0;Minecraft/item.dyePowder:1;DartCraft/item.ingotForce:0;Minecraft/item.dyePowder:4;Minecraft/item.paper:0;Minecraft/item.paper:0;Minecraft/item.paper:0	output	6296:0
recipes/crafting/shaped	W=3;Minecraft/tile.hellsand:32767;DartCraft/item.itemTear:0;Minecraft/item.ghastTear:0;Minecraft/tile.hellsand:32767;DartCraft/item.itemClaw:0;Minecraft/item.diamond:0;DartCraft/item.itemClaw:0;Minecraft/tile.hellsand:32767;DartCraft/item.itemTear:0;Minecraft/item.ghastTear:0;Minecraft/tile.hellsand:32767	output	6301:0
recipes/crafting/shaped	W=3;Minecraft/tile.hellsand:32767;DartCraft/item.itemTear:0;Minecraft/item.ghastTear:0;Minecraft/tile.hellsand:32767;DartCraft/item.itemClaw:0;;DartCraft/item.itemClaw:0;Minecraft/tile.hellsand:32767;DartCraft/item.itemTear:0;Minecraft/item.ghastTear:0;Minecraft/tile.hellsand:32767	output	6301:0
recipes/crafting/shaped	W=3;null;DartCraft/item.ingotForce:0;null;DartCraft/item.ingotForce:0;Minecraft/item.ingotIron:0;DartCraft/item.ingotForce:0;null;DartCraft/item.ingotForce:0;null	output	6280:0
recipes/crafting/shaped	W=3;DartCraft/item.ingotForce:0;DartCraft/item.ingotForce:0;DartCraft/item.ingotForce:0;null;Minecraft/tile.glass:32767;null;DartCraft/item.forceGear:0;Minecraft/tile.pistonBase:32767;DartCraft/item.forceGear:0	output	1907:0
recipes/crafting/shaped	W=3;DartCraft/tile.forceLog:1;Minecraft/tile.wood:32767;DartCraft/tile.forceLog:1;Minecraft/tile.wood:32767;DartCraft/tile.forceLog:1;Minecraft/tile.wood:32767;Minecraft/tile.stonebrick:32767;DartCraft/item.ingotForce:0;Minecraft/tile.stonebrick:32767;Minecraft/tile.stonebrick:32767;Minecraft/item.redstone:0;Minecraft/tile.stonebrick:32767	output	33:0
recipes/crafting/shaped	W=3;IC2/itemIngotAdvIron:0;IC2/itemIngotAdvIron:0;IC2/itemIngotAdvIron:0;DartCraft/item.ingotForce:0;DartCraft/item.ingotForce:0;DartCraft/item.ingotForce:0;IC2/itemIngotTin:0;IC2/itemIngotTin:0;IC2/itemIngotTin:0	output	30245:0
recipes/crafting/shaped	W=3;null;IC2/itemMatter:0;null;IC2/itemMatter:0;null;null;null;IC2/itemMatter:0;IC2/itemMatter:0	output	6256:0
recipes/crafting/shaped	W=3;IC2/itemMatter:0;IC2/itemMatter:0;null;IC2/itemMatter:0;null;IC2/itemMatter:0;null;IC2/itemMatter:0;IC2/itemMatter:0	output	129:0
recipes/crafting/shaped	W=3;IC2/itemMatter:0;IC2/itemMatter:0;IC2/itemMatter:0;IC2/itemMatter:0;null;IC2/itemMatter:0;null;IC2/itemMatter:0;null	output	368:0
recipes/crafting/shaped	W=3;IC2/itemCable:0;IC2/itemCable:0;IC2/itemCable:0;DartCraft/item.ingotForce:0;Minecraft/item.redstone:0;DartCraft/item.ingotForce:0;IC2/itemCable:0;IC2/itemCable:0;IC2/itemCable:0	output	30191:0
recipes/crafting/shaped	W=3;IC2/itemCable:0;DartCraft/item.ingotForce:0;IC2/itemCable:0;IC2/itemCable:0;Minecraft/item.redstone:0;IC2/itemCable:0;IC2/itemCable:0;DartCraft/item.ingotForce:0;IC2/itemCable:0	output	30191:0
