block	4057	id	4057
block	4057	resistence	3.0
block	4057	enableStats	true
block	4057	needsRandomTick	false
block	4057	bounds	0.000000-1.000000,0.000000-1.000000,0.000000-1.000000
block	4057	stepSound	step.stone
block	4057	particleGravity	1.0
block	4057	material	iron
block	4057	isLiquid	false
block	4057	isSolid	true
block	4057	canBlockGrass	true
block	4057	blocksMovement	true
block	4057	canBurn	false
block	4057	isReplaceable	false
block	4057	isOpaque	true
block	4057	isToolNotRequired	false
block	4057	slipperiness	0.6
block	4057	unlocalizedName	tile.BlockMetaID_Block2
block	4057	isNormalCube	true
block	4057	renderAsNormalBlock	true
block	4057	renderType	0
block	4057	localizedName	Block of Lead
block	4057	hardness	3.0
block	4057	hasTileEntity	false
block	4057	opaqueCube	true
block	4057	canCollideCheck	true
block	4057	isCollidable	true
block	4057	quantityDropped	1
block	4057	damageDropped	0
block	4057	canProvidePower	false
block	4057	mobilityFlag	0
block	4057	hasComparatorInputOverride	false
block	4058	id	4058
block	4058	resistence	3.0
block	4058	enableStats	true
block	4058	needsRandomTick	false
block	4058	bounds	0.000000-1.000000,0.000000-1.000000,0.000000-1.000000
block	4058	stepSound	step.stone
block	4058	particleGravity	1.0
block	4058	material	iron
block	4058	isLiquid	false
block	4058	isSolid	true
block	4058	canBlockGrass	true
block	4058	blocksMovement	true
block	4058	canBurn	false
block	4058	isReplaceable	false
block	4058	isOpaque	true
block	4058	isToolNotRequired	false
block	4058	slipperiness	0.6
block	4058	unlocalizedName	tile.BlockMetaID_Block
block	4058	isNormalCube	true
block	4058	renderAsNormalBlock	true
block	4058	renderType	0
block	4058	localizedName	GT_Block
block	4058	hardness	3.0
block	4058	hasTileEntity	false
block	4058	opaqueCube	true
block	4058	canCollideCheck	true
block	4058	isCollidable	true
block	4058	quantityDropped	1
block	4058	damageDropped	0
block	4058	canProvidePower	false
block	4058	mobilityFlag	0
block	4058	hasComparatorInputOverride	false
block	4059	id	4059
block	4059	resistence	3.0
block	4059	enableStats	true
block	4059	needsRandomTick	false
block	4059	bounds	0.000000-1.000000,0.000000-1.000000,0.000000-1.000000
block	4059	stepSound	step.stone
block	4059	particleGravity	1.0
block	4059	material	iron
block	4059	isLiquid	false
block	4059	isSolid	true
block	4059	canBlockGrass	true
block	4059	blocksMovement	true
block	4059	canBurn	false
block	4059	isReplaceable	false
block	4059	isOpaque	true
block	4059	isToolNotRequired	false
block	4059	slipperiness	0.6
block	4059	unlocalizedName	tile.BlockMetaID_Machine
block	4059	isNormalCube	false
block	4059	renderAsNormalBlock	true
block	4059	renderType	0
block	4059	localizedName	You ran into a serious Bug, if you have legitly aquired this Block, please report it immidietly
block	4059	hardness	3.0
block	4059	hasTileEntity	true
block	4059	opaqueCube	true
block	4059	canCollideCheck	true
block	4059	isCollidable	true
block	4059	quantityDropped	1
block	4059	damageDropped	0
block	4059	canProvidePower	true
block	4059	mobilityFlag	0
block	4059	hasComparatorInputOverride	false
block	4060	id	4060
block	4060	resistence	3.0
block	4060	enableStats	true
block	4060	needsRandomTick	false
block	4060	bounds	0.000000-1.000000,0.000000-1.000000,0.000000-1.000000
block	4060	stepSound	step.stone
block	4060	particleGravity	1.0
block	4060	material	rock
block	4060	isLiquid	false
block	4060	isSolid	true
block	4060	canBlockGrass	true
block	4060	blocksMovement	true
block	4060	canBurn	false
block	4060	isReplaceable	false
block	4060	isOpaque	true
block	4060	isToolNotRequired	false
block	4060	slipperiness	0.6
block	4060	unlocalizedName	tile.BlockMetaID_Ore
block	4060	isNormalCube	true
block	4060	renderAsNormalBlock	true
block	4060	renderType	0
block	4060	localizedName	GT_Ore
block	4060	hardness	3.0
block	4060	hasTileEntity	false
block	4060	opaqueCube	true
block	4060	canCollideCheck	true
block	4060	isCollidable	true
block	4060	quantityDropped	1
block	4060	damageDropped	0
block	4060	canProvidePower	false
block	4060	mobilityFlag	0
block	4060	hasComparatorInputOverride	false
block	4061	id	4061
block	4061	resistence	0.0
block	4061	enableStats	true
block	4061	needsRandomTick	false
block	4061	bounds	0.000000-1.000000,0.000000-1.000000,0.000000-1.000000
block	4061	stepSound	step.stone
block	4061	particleGravity	1.0
block	4061	material	MaterialTransparent
block	4061	isLiquid	false
block	4061	isSolid	false
block	4061	canBlockGrass	false
block	4061	blocksMovement	false
block	4061	canBurn	false
block	4061	isReplaceable	true
block	4061	isOpaque	false
block	4061	isToolNotRequired	true
block	4061	slipperiness	0.6
block	4061	unlocalizedName	tile.GT_LightSource
block	4061	isNormalCube	false
block	4061	renderAsNormalBlock	false
block	4061	renderType	0
block	4061	localizedName	tile.GT_LightSource.name
block	4061	hardness	0.0
block	4061	hasTileEntity	true
block	4061	opaqueCube	false
block	4061	canCollideCheck	false
block	4061	isCollidable	true
block	4061	quantityDropped	0
block	4061	damageDropped	0
block	4061	canProvidePower	false
block	4061	mobilityFlag	0
block	4061	hasComparatorInputOverride	false
item	354	itemStackLimit	64
item	4057	id	4057
item	4057	gid	GregTech_Addon/tile.BlockMetaID_Block2
item	4057	itemStackLimit	64
item	4057	hasSubtypes	true
item	4057	maxDamage	0
item	4057	isDamageable	false
item	4057	localizedName	tile.BlockMetaID_Block2.GT_LeadBlock
item	4057	unlocalizedName	tile.BlockMetaID_Block2
item	4057	hasContainerItem	false
item	4057	statName	Block of Lead
item	4057	isMap	false
item	4057	itemUseAction	none
item	4057	maxItemUseDuration	0
item	4057	potionEffect	null
item	4057	isPotionIngredient	false
item	4057	itemDisplayName	Block of Lead
item	4057	isItemTool	false
item	4057	enchantability	0
item	4057	isRepairable	false
item	4057	isItemBlock	true
item	4058	id	4058
item	4058	gid	GregTech_Addon/tile.BlockMetaID_Block
item	4058	itemStackLimit	64
item	4058	hasSubtypes	true
item	4058	maxDamage	0
item	4058	isDamageable	false
item	4058	localizedName	tile.BlockMetaID_Block.GT_Block
item	4058	unlocalizedName	tile.BlockMetaID_Block
item	4058	hasContainerItem	false
item	4058	statName	GT_Block
item	4058	isMap	false
item	4058	itemUseAction	none
item	4058	maxItemUseDuration	0
item	4058	potionEffect	null
item	4058	isPotionIngredient	false
item	4058	itemDisplayName	GT_Block
item	4058	isItemTool	false
item	4058	enchantability	0
item	4058	isRepairable	false
item	4058	isItemBlock	true
item	4059	id	4059
item	4059	gid	GregTech_Addon/tile.BlockMetaID_Machine
item	4059	itemStackLimit	64
item	4059	hasSubtypes	true
item	4059	maxDamage	0
item	4059	isDamageable	false
item	4059	localizedName	tile.BlockMetaID_Machine.GT_BUG
item	4059	unlocalizedName	tile.BlockMetaID_Machine
item	4059	hasContainerItem	false
item	4059	statName	You ran into a serious Bug, if you have legitly aquired this Block, please report it immidietly
item	4059	isMap	false
item	4059	itemUseAction	none
item	4059	maxItemUseDuration	0
item	4059	potionEffect	null
item	4059	isPotionIngredient	false
item	4059	itemDisplayName	You ran into a serious Bug, if you have legitly aquired this Block, please report it immidietly
item	4059	isItemTool	false
item	4059	enchantability	0
item	4059	isRepairable	false
item	4059	isItemBlock	true
item	4060	id	4060
item	4060	gid	GregTech_Addon/tile.BlockMetaID_Ore
item	4060	itemStackLimit	64
item	4060	hasSubtypes	true
item	4060	maxDamage	0
item	4060	isDamageable	false
item	4060	localizedName	tile.BlockMetaID_Ore.GT_Ore
item	4060	unlocalizedName	tile.BlockMetaID_Ore
item	4060	hasContainerItem	false
item	4060	statName	GT_Ore
item	4060	isMap	false
item	4060	itemUseAction	none
item	4060	maxItemUseDuration	0
item	4060	potionEffect	null
item	4060	isPotionIngredient	false
item	4060	itemDisplayName	GT_Ore
item	4060	isItemTool	false
item	4060	enchantability	0
item	4060	isRepairable	false
item	4060	isItemBlock	true
item	4061	id	4061
item	4061	gid	GregTech_Addon/tile.GT_LightSource
item	4061	itemStackLimit	64
item	4061	hasSubtypes	false
item	4061	maxDamage	0
item	4061	isDamageable	false
item	4061	localizedName	tile.GT_LightSource
item	4061	unlocalizedName	tile.GT_LightSource
item	4061	hasContainerItem	false
item	4061	statName	tile.GT_LightSource.name
item	4061	isMap	false
item	4061	itemUseAction	none
item	4061	maxItemUseDuration	0
item	4061	potionEffect	null
item	4061	isPotionIngredient	false
item	4061	itemDisplayName	
item	4061	isItemTool	false
item	4061	enchantability	0
item	4061	isRepairable	false
item	4061	isItemBlock	true
item	21256	id	21256
item	21256	gid	GregTech_Addon/item.GT_Materials
item	21256	itemStackLimit	64
item	21256	hasSubtypes	true
item	21256	maxDamage	0
item	21256	isDamageable	false
item	21256	localizedName	item.GT_Materials.0
item	21256	unlocalizedName	item.GT_Materials
item	21256	hasContainerItem	false
item	21256	statName	item.GT_Materials.name
item	21256	isMap	false
item	21256	itemUseAction	none
item	21256	maxItemUseDuration	0
item	21256	potionEffect	null
item	21256	isPotionIngredient	false
item	21256	itemDisplayName	Copper Credit
item	21256	isItemTool	false
item	21256	enchantability	0
item	21256	isRepairable	false
item	21256	isItemBlock	false
item	21257	id	21257
item	21257	gid	GregTech_Addon/item.GT_Dusts
item	21257	itemStackLimit	64
item	21257	hasSubtypes	true
item	21257	maxDamage	0
item	21257	isDamageable	false
item	21257	localizedName	item.GT_Dusts.0
item	21257	unlocalizedName	item.GT_Dusts
item	21257	hasContainerItem	false
item	21257	statName	item.GT_Dusts.name
item	21257	isMap	false
item	21257	itemUseAction	none
item	21257	maxItemUseDuration	0
item	21257	potionEffect	null
item	21257	isPotionIngredient	false
item	21257	itemDisplayName	Ender Pearl Dust
item	21257	isItemTool	false
item	21257	enchantability	0
item	21257	isRepairable	false
item	21257	isItemBlock	false
item	21258	id	21258
item	21258	gid	GregTech_Addon/item.GT_Cells
item	21258	itemStackLimit	64
item	21258	hasSubtypes	true
item	21258	maxDamage	0
item	21258	isDamageable	false
item	21258	localizedName	item.GT_Cells.0
item	21258	unlocalizedName	item.GT_Cells
item	21258	hasContainerItem	false
item	21258	statName	item.GT_Cells.name
item	21258	isMap	false
item	21258	itemUseAction	none
item	21258	maxItemUseDuration	0
item	21258	potionEffect	null
item	21258	isPotionIngredient	false
item	21258	itemDisplayName	Hydrogen Cell
item	21258	isItemTool	false
item	21258	enchantability	0
item	21258	isRepairable	false
item	21258	isItemBlock	false
item	21259	id	21259
item	21259	gid	GregTech_Addon/item.GT_Components
item	21259	itemStackLimit	64
item	21259	hasSubtypes	true
item	21259	maxDamage	0
item	21259	isDamageable	false
item	21259	localizedName	item.GT_Components.0
item	21259	unlocalizedName	item.GT_Components
item	21259	hasContainerItem	false
item	21259	statName	item.GT_Components.name
item	21259	isMap	false
item	21259	itemUseAction	none
item	21259	maxItemUseDuration	0
item	21259	potionEffect	null
item	21259	isPotionIngredient	false
item	21259	itemDisplayName	Energy Flow Circuit
item	21259	isItemTool	false
item	21259	enchantability	0
item	21259	isRepairable	false
item	21259	isItemBlock	false
item	21260	id	21260
item	21260	gid	GregTech_Addon/item.GT_SmallDusts
item	21260	itemStackLimit	64
item	21260	hasSubtypes	true
item	21260	maxDamage	0
item	21260	isDamageable	false
item	21260	localizedName	item.GT_SmallDusts.0
item	21260	unlocalizedName	item.GT_SmallDusts
item	21260	hasContainerItem	false
item	21260	statName	item.GT_SmallDusts.name
item	21260	isMap	false
item	21260	itemUseAction	none
item	21260	maxItemUseDuration	0
item	21260	potionEffect	null
item	21260	isPotionIngredient	false
item	21260	itemDisplayName	Tiny Pile of Ender Pearl Dust
item	21260	isItemTool	false
item	21260	enchantability	0
item	21260	isRepairable	false
item	21260	isItemBlock	false
item	21261	id	21261
item	21261	gid	GregTech_Addon/item.GT_Nuggets
item	21261	itemStackLimit	64
item	21261	hasSubtypes	true
item	21261	maxDamage	0
item	21261	isDamageable	false
item	21261	localizedName	item.GT_Nuggets.0
item	21261	unlocalizedName	item.GT_Nuggets
item	21261	hasContainerItem	false
item	21261	statName	item.GT_Nuggets.name
item	21261	isMap	false
item	21261	itemUseAction	none
item	21261	maxItemUseDuration	0
item	21261	potionEffect	null
item	21261	isPotionIngredient	false
item	21261	itemDisplayName	
item	21261	isItemTool	false
item	21261	enchantability	0
item	21261	isRepairable	false
item	21261	isItemBlock	false
item	21269	id	21269
item	21269	gid	GregTech_Addon/item.GT_Liquids
item	21269	itemStackLimit	64
item	21269	hasSubtypes	true
item	21269	maxDamage	0
item	21269	isDamageable	false
item	21269	localizedName	item.GT_Liquids.0
item	21269	unlocalizedName	item.GT_Liquids
item	21269	hasContainerItem	false
item	21269	statName	item.GT_Liquids.name
item	21269	isMap	false
item	21269	itemUseAction	none
item	21269	maxItemUseDuration	0
item	21269	potionEffect	null
item	21269	isPotionIngredient	false
item	21269	itemDisplayName	
item	21269	isItemTool	false
item	21269	enchantability	0
item	21269	isRepairable	false
item	21269	isItemBlock	false
item	21270	id	21270
item	21270	gid	GregTech_Addon/item.GT_Gasses
item	21270	itemStackLimit	64
item	21270	hasSubtypes	true
item	21270	maxDamage	0
item	21270	isDamageable	false
item	21270	localizedName	item.GT_Gasses.0
item	21270	unlocalizedName	item.GT_Gasses
item	21270	hasContainerItem	false
item	21270	statName	item.GT_Gasses.name
item	21270	isMap	false
item	21270	itemUseAction	none
item	21270	maxItemUseDuration	0
item	21270	potionEffect	null
item	21270	isPotionIngredient	false
item	21270	itemDisplayName	Gaseous Hydrogen
item	21270	isItemTool	false
item	21270	enchantability	0
item	21270	isRepairable	false
item	21270	isItemBlock	false
item	21271	id	21271
item	21271	gid	GregTech_Addon/item.GT_Plasma
item	21271	itemStackLimit	64
item	21271	hasSubtypes	true
item	21271	maxDamage	0
item	21271	isDamageable	false
item	21271	localizedName	item.GT_Plasma.0
item	21271	unlocalizedName	item.GT_Plasma
item	21271	hasContainerItem	false
item	21271	statName	item.GT_Plasma.name
item	21271	isMap	false
item	21271	itemUseAction	none
item	21271	maxItemUseDuration	0
item	21271	potionEffect	null
item	21271	isPotionIngredient	false
item	21271	itemDisplayName	
item	21271	isItemTool	false
item	21271	enchantability	0
item	21271	isRepairable	false
item	21271	isItemBlock	false
item	21274	id	21274
item	21274	gid	GregTech_Addon/item.Ultimate_Cheat_Armor
item	21274	itemStackLimit	1
item	21274	hasSubtypes	false
item	21274	maxDamage	100
item	21274	isDamageable	true
item	21274	localizedName	item.Ultimate_Cheat_Armor
item	21274	unlocalizedName	item.Ultimate_Cheat_Armor
item	21274	hasContainerItem	false
item	21274	statName	Ultimate Cheat Armor
item	21274	isMap	false
item	21274	itemUseAction	none
item	21274	maxItemUseDuration	0
item	21274	potionEffect	null
item	21274	isPotionIngredient	false
item	21274	itemDisplayName	Ultimate Cheat Armor
item	21274	isItemTool	true
item	21274	enchantability	0
item	21274	isRepairable	false
item	21274	isItemBlock	false
item	21286	id	21286
item	21286	gid	GregTech_Addon/item.Iron_Mortar
item	21286	itemStackLimit	1
item	21286	hasSubtypes	false
item	21286	maxDamage	63
item	21286	isDamageable	true
item	21286	localizedName	item.Iron_Mortar
item	21286	unlocalizedName	item.Iron_Mortar
item	21286	hasContainerItem	true
item	21286	statName	Iron Mortar
item	21286	isMap	false
item	21286	itemUseAction	none
item	21286	maxItemUseDuration	0
item	21286	potionEffect	null
item	21286	isPotionIngredient	false
item	21286	itemDisplayName	Iron Mortar
item	21286	isItemTool	true
item	21286	enchantability	0
item	21286	isRepairable	false
item	21286	isItemBlock	false
item	21287	id	21287
item	21287	gid	GregTech_Addon/item.Flint_Mortar
item	21287	itemStackLimit	64
item	21287	hasSubtypes	false
item	21287	maxDamage	0
item	21287	isDamageable	false
item	21287	localizedName	item.Flint_Mortar
item	21287	unlocalizedName	item.Flint_Mortar
item	21287	hasContainerItem	false
item	21287	statName	Flint Mortar
item	21287	isMap	false
item	21287	itemUseAction	none
item	21287	maxItemUseDuration	0
item	21287	potionEffect	null
item	21287	isPotionIngredient	false
item	21287	itemDisplayName	Flint Mortar
item	21287	isItemTool	false
item	21287	enchantability	0
item	21287	isRepairable	false
item	21287	isItemBlock	false
item	21288	id	21288
item	21288	gid	GregTech_Addon/item.Sonictron
item	21288	itemStackLimit	1
item	21288	hasSubtypes	false
item	21288	maxDamage	0
item	21288	isDamageable	false
item	21288	localizedName	item.Sonictron
item	21288	unlocalizedName	item.Sonictron
item	21288	hasContainerItem	false
item	21288	statName	Sonictron
item	21288	isMap	false
item	21288	itemUseAction	none
item	21288	maxItemUseDuration	0
item	21288	potionEffect	null
item	21288	isPotionIngredient	false
item	21288	itemDisplayName	Sonictron
item	21288	isItemTool	false
item	21288	enchantability	0
item	21288	isRepairable	false
item	21288	isItemBlock	false
item	21289	id	21289
item	21289	gid	GregTech_Addon/item.Destructopack
item	21289	itemStackLimit	1
item	21289	hasSubtypes	false
item	21289	maxDamage	0
item	21289	isDamageable	false
item	21289	localizedName	item.Destructopack
item	21289	unlocalizedName	item.Destructopack
item	21289	hasContainerItem	false
item	21289	statName	Destructopack
item	21289	isMap	false
item	21289	itemUseAction	none
item	21289	maxItemUseDuration	0
item	21289	potionEffect	null
item	21289	isPotionIngredient	false
item	21289	itemDisplayName	Destructopack
item	21289	isItemTool	false
item	21289	enchantability	0
item	21289	isRepairable	false
item	21289	isItemBlock	false
item	21290	id	21290
item	21290	gid	GregTech_Addon/item.60k_Helium_Coolantcell
item	21290	itemStackLimit	1
item	21290	hasSubtypes	false
item	21290	maxDamage	100
item	21290	isDamageable	true
item	21290	localizedName	item.60k_Helium_Coolantcell
item	21290	unlocalizedName	item.60k_Helium_Coolantcell
item	21290	hasContainerItem	false
item	21290	statName	60k Helium Coolant Cell
item	21290	isMap	false
item	21290	itemUseAction	none
item	21290	maxItemUseDuration	0
item	21290	potionEffect	null
item	21290	isPotionIngredient	false
item	21290	itemDisplayName	60k Helium Coolant Cell
item	21290	isItemTool	true
item	21290	enchantability	0
item	21290	isRepairable	false
item	21290	isItemBlock	false
item	21291	id	21291
item	21291	gid	GregTech_Addon/item.180k_Helium_Coolantcell
item	21291	itemStackLimit	1
item	21291	hasSubtypes	false
item	21291	maxDamage	100
item	21291	isDamageable	true
item	21291	localizedName	item.180k_Helium_Coolantcell
item	21291	unlocalizedName	item.180k_Helium_Coolantcell
item	21291	hasContainerItem	false
item	21291	statName	180k Helium Coolant Cell
item	21291	isMap	false
item	21291	itemUseAction	none
item	21291	maxItemUseDuration	0
item	21291	potionEffect	null
item	21291	isPotionIngredient	false
item	21291	itemDisplayName	180k Helium Coolant Cell
item	21291	isItemTool	true
item	21291	enchantability	0
item	21291	isRepairable	false
item	21291	isItemBlock	false
item	21292	id	21292
item	21292	gid	GregTech_Addon/item.360k_Helium_Coolantcell
item	21292	itemStackLimit	1
item	21292	hasSubtypes	false
item	21292	maxDamage	100
item	21292	isDamageable	true
item	21292	localizedName	item.360k_Helium_Coolantcell
item	21292	unlocalizedName	item.360k_Helium_Coolantcell
item	21292	hasContainerItem	false
item	21292	statName	360k Helium Coolant Cell
item	21292	isMap	false
item	21292	itemUseAction	none
item	21292	maxItemUseDuration	0
item	21292	potionEffect	null
item	21292	isPotionIngredient	false
item	21292	itemDisplayName	360k Helium Coolant Cell
item	21292	isItemTool	true
item	21292	enchantability	0
item	21292	isRepairable	false
item	21292	isItemBlock	false
item	21293	id	21293
item	21293	gid	GregTech_Addon/item.Lapotronic_Energyorb
item	21293	itemStackLimit	1
item	21293	hasSubtypes	false
item	21293	maxDamage	100
item	21293	isDamageable	true
item	21293	localizedName	item.Lapotronic_Energyorb
item	21293	unlocalizedName	item.Lapotronic_Energyorb
item	21293	hasContainerItem	false
item	21293	statName	Lapotronic Energy Orb
item	21293	isMap	false
item	21293	itemUseAction	none
item	21293	maxItemUseDuration	0
item	21293	potionEffect	null
item	21293	isPotionIngredient	false
item	21293	itemDisplayName	Lapotronic Energy Orb
item	21293	isItemTool	true
item	21293	enchantability	0
item	21293	isRepairable	false
item	21293	isItemBlock	false
item	21294	id	21294
item	21294	gid	GregTech_Addon/item.Cloaking_Device
item	21294	itemStackLimit	1
item	21294	hasSubtypes	false
item	21294	maxDamage	100
item	21294	isDamageable	true
item	21294	localizedName	item.Cloaking_Device
item	21294	unlocalizedName	item.Cloaking_Device
item	21294	hasContainerItem	false
item	21294	statName	Cloaking Device
item	21294	isMap	false
item	21294	itemUseAction	none
item	21294	maxItemUseDuration	0
item	21294	potionEffect	null
item	21294	isPotionIngredient	false
item	21294	itemDisplayName	Cloaking Device
item	21294	isItemTool	true
item	21294	enchantability	0
item	21294	isRepairable	false
item	21294	isItemBlock	false
item	21295	id	21295
item	21295	gid	GregTech_Addon/item.Iron_Jack_Hammer
item	21295	itemStackLimit	1
item	21295	hasSubtypes	false
item	21295	maxDamage	100
item	21295	isDamageable	true
item	21295	localizedName	item.Iron_Jack_Hammer
item	21295	unlocalizedName	item.Iron_Jack_Hammer
item	21295	hasContainerItem	false
item	21295	statName	Iron Jack Hammer
item	21295	isMap	false
item	21295	itemUseAction	none
item	21295	maxItemUseDuration	0
item	21295	potionEffect	null
item	21295	isPotionIngredient	false
item	21295	itemDisplayName	Iron Jack Hammer
item	21295	isItemTool	true
item	21295	enchantability	0
item	21295	isRepairable	false
item	21295	isItemBlock	false
item	21296	id	21296
item	21296	gid	GregTech_Addon/item.Iridium_Neutronreflector
item	21296	itemStackLimit	64
item	21296	hasSubtypes	false
item	21296	maxDamage	0
item	21296	isDamageable	false
item	21296	localizedName	item.Iridium_Neutronreflector
item	21296	unlocalizedName	item.Iridium_Neutronreflector
item	21296	hasContainerItem	false
item	21296	statName	Iridium Neutron Reflector
item	21296	isMap	false
item	21296	itemUseAction	none
item	21296	maxItemUseDuration	0
item	21296	potionEffect	null
item	21296	isPotionIngredient	false
item	21296	itemDisplayName	Iridium Neutron Reflector
item	21296	isItemTool	false
item	21296	enchantability	0
item	21296	isRepairable	false
item	21296	isItemBlock	false
item	21297	id	21297
item	21297	gid	GregTech_Addon/item.Steel_Jack_Hammer
item	21297	itemStackLimit	1
item	21297	hasSubtypes	false
item	21297	maxDamage	100
item	21297	isDamageable	true
item	21297	localizedName	item.Steel_Jack_Hammer
item	21297	unlocalizedName	item.Steel_Jack_Hammer
item	21297	hasContainerItem	false
item	21297	statName	Steel Jack Hammer
item	21297	isMap	false
item	21297	itemUseAction	none
item	21297	maxItemUseDuration	0
item	21297	potionEffect	null
item	21297	isPotionIngredient	false
item	21297	itemDisplayName	Steel Jack Hammer
item	21297	isItemTool	true
item	21297	enchantability	0
item	21297	isRepairable	false
item	21297	isItemBlock	false
item	21298	id	21298
item	21298	gid	GregTech_Addon/item.Diamond_Jack_Hammer
item	21298	itemStackLimit	1
item	21298	hasSubtypes	false
item	21298	maxDamage	100
item	21298	isDamageable	true
item	21298	localizedName	item.Diamond_Jack_Hammer
item	21298	unlocalizedName	item.Diamond_Jack_Hammer
item	21298	hasContainerItem	false
item	21298	statName	Diamond Jack Hammer
item	21298	isMap	false
item	21298	itemUseAction	none
item	21298	maxItemUseDuration	0
item	21298	potionEffect	null
item	21298	isPotionIngredient	false
item	21298	itemDisplayName	Diamond Jack Hammer
item	21298	isItemTool	true
item	21298	enchantability	0
item	21298	isRepairable	false
item	21298	isItemBlock	false
item	21299	id	21299
item	21299	gid	GregTech_Addon/item.Dataorb
item	21299	itemStackLimit	64
item	21299	hasSubtypes	false
item	21299	maxDamage	0
item	21299	isDamageable	false
item	21299	localizedName	item.Dataorb
item	21299	unlocalizedName	item.Dataorb
item	21299	hasContainerItem	false
item	21299	statName	Data Orb
item	21299	isMap	false
item	21299	itemUseAction	none
item	21299	maxItemUseDuration	0
item	21299	potionEffect	null
item	21299	isPotionIngredient	false
item	21299	itemDisplayName	Data Orb
item	21299	isItemTool	false
item	21299	enchantability	0
item	21299	isRepairable	false
item	21299	isItemBlock	false
item	21300	id	21300
item	21300	gid	GregTech_Addon/item.Lighthelmet
item	21300	itemStackLimit	1
item	21300	hasSubtypes	false
item	21300	maxDamage	100
item	21300	isDamageable	true
item	21300	localizedName	item.Lighthelmet
item	21300	unlocalizedName	item.Lighthelmet
item	21300	hasContainerItem	false
item	21300	statName	Light Helmet
item	21300	isMap	false
item	21300	itemUseAction	none
item	21300	maxItemUseDuration	0
item	21300	potionEffect	null
item	21300	isPotionIngredient	false
item	21300	itemDisplayName	Light Helmet
item	21300	isItemTool	true
item	21300	enchantability	0
item	21300	isRepairable	false
item	21300	isItemBlock	false
item	21301	id	21301
item	21301	gid	GregTech_Addon/item.Lapotronpack
item	21301	itemStackLimit	1
item	21301	hasSubtypes	false
item	21301	maxDamage	100
item	21301	isDamageable	true
item	21301	localizedName	item.Lapotronpack
item	21301	unlocalizedName	item.Lapotronpack
item	21301	hasContainerItem	false
item	21301	statName	Lapotron Pack
item	21301	isMap	false
item	21301	itemUseAction	none
item	21301	maxItemUseDuration	0
item	21301	potionEffect	null
item	21301	isPotionIngredient	false
item	21301	itemDisplayName	Lapotron Pack
item	21301	isItemTool	true
item	21301	enchantability	0
item	21301	isRepairable	false
item	21301	isItemBlock	false
item	21302	id	21302
item	21302	gid	GregTech_Addon/item.Rockcutter
item	21302	itemStackLimit	1
item	21302	hasSubtypes	false
item	21302	maxDamage	100
item	21302	isDamageable	true
item	21302	localizedName	item.Rockcutter
item	21302	unlocalizedName	item.Rockcutter
item	21302	hasContainerItem	false
item	21302	statName	Rock Cutter
item	21302	isMap	false
item	21302	itemUseAction	none
item	21302	maxItemUseDuration	0
item	21302	potionEffect	null
item	21302	isPotionIngredient	false
item	21302	itemDisplayName	Rock Cutter
item	21302	isItemTool	true
item	21302	enchantability	0
item	21302	isRepairable	false
item	21302	isItemBlock	false
item	21303	id	21303
item	21303	gid	GregTech_Addon/item.Teslastaff
item	21303	itemStackLimit	1
item	21303	hasSubtypes	false
item	21303	maxDamage	100
item	21303	isDamageable	true
item	21303	localizedName	item.Teslastaff
item	21303	unlocalizedName	item.Teslastaff
item	21303	hasContainerItem	false
item	21303	statName	Tesla Staff
item	21303	isMap	false
item	21303	itemUseAction	none
item	21303	maxItemUseDuration	0
item	21303	potionEffect	null
item	21303	isPotionIngredient	false
item	21303	itemDisplayName	Tesla Staff
item	21303	isItemTool	true
item	21303	enchantability	0
item	21303	isRepairable	false
item	21303	isItemBlock	false
item	21304	id	21304
item	21304	gid	GregTech_Addon/item.Thoriumcell
item	21304	itemStackLimit	1
item	21304	hasSubtypes	false
item	21304	maxDamage	10000
item	21304	isDamageable	true
item	21304	localizedName	item.Thoriumcell
item	21304	unlocalizedName	item.Thoriumcell
item	21304	hasContainerItem	false
item	21304	statName	Thorium Cell
item	21304	isMap	false
item	21304	itemUseAction	none
item	21304	maxItemUseDuration	0
item	21304	potionEffect	null
item	21304	isPotionIngredient	false
item	21304	itemDisplayName	Thorium Cell
item	21304	isItemTool	true
item	21304	enchantability	0
item	21304	isRepairable	false
item	21304	isItemBlock	false
item	21305	id	21305
item	21305	gid	GregTech_Addon/item.Double_Thoriumcell
item	21305	itemStackLimit	1
item	21305	hasSubtypes	false
item	21305	maxDamage	10000
item	21305	isDamageable	true
item	21305	localizedName	item.Double_Thoriumcell
item	21305	unlocalizedName	item.Double_Thoriumcell
item	21305	hasContainerItem	false
item	21305	statName	Double Thorium Cell
item	21305	isMap	false
item	21305	itemUseAction	none
item	21305	maxItemUseDuration	0
item	21305	potionEffect	null
item	21305	isPotionIngredient	false
item	21305	itemDisplayName	Double Thorium Cell
item	21305	isItemTool	true
item	21305	enchantability	0
item	21305	isRepairable	false
item	21305	isItemBlock	false
item	21306	id	21306
item	21306	gid	GregTech_Addon/item.Quad_Thoriumcell
item	21306	itemStackLimit	1
item	21306	hasSubtypes	false
item	21306	maxDamage	10000
item	21306	isDamageable	true
item	21306	localizedName	item.Quad_Thoriumcell
item	21306	unlocalizedName	item.Quad_Thoriumcell
item	21306	hasContainerItem	false
item	21306	statName	Quad Thorium Cell
item	21306	isMap	false
item	21306	itemUseAction	none
item	21306	maxItemUseDuration	0
item	21306	potionEffect	null
item	21306	isPotionIngredient	false
item	21306	itemDisplayName	Quad Thorium Cell
item	21306	isItemTool	true
item	21306	enchantability	0
item	21306	isRepairable	false
item	21306	isItemBlock	false
item	21307	id	21307
item	21307	gid	GregTech_Addon/item.Plutoniumcell
item	21307	itemStackLimit	1
item	21307	hasSubtypes	false
item	21307	maxDamage	10000
item	21307	isDamageable	true
item	21307	localizedName	item.Plutoniumcell
item	21307	unlocalizedName	item.Plutoniumcell
item	21307	hasContainerItem	false
item	21307	statName	Plutonium Cell
item	21307	isMap	false
item	21307	itemUseAction	none
item	21307	maxItemUseDuration	0
item	21307	potionEffect	null
item	21307	isPotionIngredient	false
item	21307	itemDisplayName	Plutonium Cell
item	21307	isItemTool	true
item	21307	enchantability	0
item	21307	isRepairable	false
item	21307	isItemBlock	false
item	21308	id	21308
item	21308	gid	GregTech_Addon/item.Double_Plutoniumcell
item	21308	itemStackLimit	1
item	21308	hasSubtypes	false
item	21308	maxDamage	10000
item	21308	isDamageable	true
item	21308	localizedName	item.Double_Plutoniumcell
item	21308	unlocalizedName	item.Double_Plutoniumcell
item	21308	hasContainerItem	false
item	21308	statName	Double Plutonium Cell
item	21308	isMap	false
item	21308	itemUseAction	none
item	21308	maxItemUseDuration	0
item	21308	potionEffect	null
item	21308	isPotionIngredient	false
item	21308	itemDisplayName	Double Plutonium Cell
item	21308	isItemTool	true
item	21308	enchantability	0
item	21308	isRepairable	false
item	21308	isItemBlock	false
item	21309	id	21309
item	21309	gid	GregTech_Addon/item.Quad_Plutoniumcell
item	21309	itemStackLimit	1
item	21309	hasSubtypes	false
item	21309	maxDamage	10000
item	21309	isDamageable	true
item	21309	localizedName	item.Quad_Plutoniumcell
item	21309	unlocalizedName	item.Quad_Plutoniumcell
item	21309	hasContainerItem	false
item	21309	statName	Quad Plutonium Cell
item	21309	isMap	false
item	21309	itemUseAction	none
item	21309	maxItemUseDuration	0
item	21309	potionEffect	null
item	21309	isPotionIngredient	false
item	21309	itemDisplayName	Quad Plutonium Cell
item	21309	isItemTool	true
item	21309	enchantability	0
item	21309	isRepairable	false
item	21309	isItemBlock	false
item	21311	id	21311
item	21311	gid	GregTech_Addon/item.Debug_Scanner
item	21311	itemStackLimit	1
item	21311	hasSubtypes	false
item	21311	maxDamage	0
item	21311	isDamageable	false
item	21311	localizedName	item.Debug_Scanner
item	21311	unlocalizedName	item.Debug_Scanner
item	21311	hasContainerItem	false
item	21311	statName	Debug Scanner
item	21311	isMap	false
item	21311	itemUseAction	none
item	21311	maxItemUseDuration	0
item	21311	potionEffect	null
item	21311	isPotionIngredient	false
item	21311	itemDisplayName	Debug Scanner
item	21311	isItemTool	false
item	21311	enchantability	0
item	21311	isRepairable	false
item	21311	isItemBlock	false
item	21312	id	21312
item	21312	gid	GregTech_Addon/item.Lithium_Battery_Empty
item	21312	itemStackLimit	16
item	21312	hasSubtypes	false
item	21312	maxDamage	0
item	21312	isDamageable	false
item	21312	localizedName	item.Lithium_Battery_Empty
item	21312	unlocalizedName	item.Lithium_Battery_Empty
item	21312	hasContainerItem	false
item	21312	statName	Lithium-Battery
item	21312	isMap	false
item	21312	itemUseAction	none
item	21312	maxItemUseDuration	0
item	21312	potionEffect	null
item	21312	isPotionIngredient	false
item	21312	itemDisplayName	Lithium-Battery
item	21312	isItemTool	false
item	21312	enchantability	0
item	21312	isRepairable	false
item	21312	isItemBlock	false
item	21313	id	21313
item	21313	gid	GregTech_Addon/item.Lithium_Battery
item	21313	itemStackLimit	1
item	21313	hasSubtypes	false
item	21313	maxDamage	100
item	21313	isDamageable	true
item	21313	localizedName	item.Lithium_Battery
item	21313	unlocalizedName	item.Lithium_Battery
item	21313	hasContainerItem	false
item	21313	statName	Lithium-Battery
item	21313	isMap	false
item	21313	itemUseAction	none
item	21313	maxItemUseDuration	0
item	21313	potionEffect	null
item	21313	isPotionIngredient	false
item	21313	itemDisplayName	Lithium-Battery
item	21313	isItemTool	true
item	21313	enchantability	0
item	21313	isRepairable	false
item	21313	isItemBlock	false
item	21314	id	21314
item	21314	gid	GregTech_Addon/item.Lithium_Batpack
item	21314	itemStackLimit	1
item	21314	hasSubtypes	false
item	21314	maxDamage	100
item	21314	isDamageable	true
item	21314	localizedName	item.Lithium_Batpack
item	21314	unlocalizedName	item.Lithium_Batpack
item	21314	hasContainerItem	false
item	21314	statName	Lithium-Batpack
item	21314	isMap	false
item	21314	itemUseAction	none
item	21314	maxItemUseDuration	0
item	21314	potionEffect	null
item	21314	isPotionIngredient	false
item	21314	itemDisplayName	Lithium-Batpack
item	21314	isItemTool	true
item	21314	enchantability	0
item	21314	isRepairable	false
item	21314	isItemBlock	false
item	21316	id	21316
item	21316	gid	GregTech_Addon/item.60k_NaK_Coolantcell
item	21316	itemStackLimit	1
item	21316	hasSubtypes	false
item	21316	maxDamage	100
item	21316	isDamageable	true
item	21316	localizedName	item.60k_NaK_Coolantcell
item	21316	unlocalizedName	item.60k_NaK_Coolantcell
item	21316	hasContainerItem	false
item	21316	statName	60k NaK Coolantcell
item	21316	isMap	false
item	21316	itemUseAction	none
item	21316	maxItemUseDuration	0
item	21316	potionEffect	null
item	21316	isPotionIngredient	false
item	21316	itemDisplayName	60k NaK Coolantcell
item	21316	isItemTool	true
item	21316	enchantability	0
item	21316	isRepairable	false
item	21316	isItemBlock	false
item	21317	id	21317
item	21317	gid	GregTech_Addon/item.180k_NaK_Coolantcell
item	21317	itemStackLimit	1
item	21317	hasSubtypes	false
item	21317	maxDamage	100
item	21317	isDamageable	true
item	21317	localizedName	item.180k_NaK_Coolantcell
item	21317	unlocalizedName	item.180k_NaK_Coolantcell
item	21317	hasContainerItem	false
item	21317	statName	180k NaK Coolantcell
item	21317	isMap	false
item	21317	itemUseAction	none
item	21317	maxItemUseDuration	0
item	21317	potionEffect	null
item	21317	isPotionIngredient	false
item	21317	itemDisplayName	180k NaK Coolantcell
item	21317	isItemTool	true
item	21317	enchantability	0
item	21317	isRepairable	false
item	21317	isItemBlock	false
item	21318	id	21318
item	21318	gid	GregTech_Addon/item.360k_NaK_Coolantcell
item	21318	itemStackLimit	1
item	21318	hasSubtypes	false
item	21318	maxDamage	100
item	21318	isDamageable	true
item	21318	localizedName	item.360k_NaK_Coolantcell
item	21318	unlocalizedName	item.360k_NaK_Coolantcell
item	21318	hasContainerItem	false
item	21318	statName	360k NaK Coolantcell
item	21318	isMap	false
item	21318	itemUseAction	none
item	21318	maxItemUseDuration	0
item	21318	potionEffect	null
item	21318	isPotionIngredient	false
item	21318	itemDisplayName	360k NaK Coolantcell
item	21318	isItemTool	true
item	21318	enchantability	0
item	21318	isRepairable	false
item	21318	isItemBlock	false
item	21319	id	21319
item	21319	gid	GregTech_Addon/item.GT_Scanner
item	21319	itemStackLimit	1
item	21319	hasSubtypes	false
item	21319	maxDamage	100
item	21319	isDamageable	true
item	21319	localizedName	item.GT_Scanner
item	21319	unlocalizedName	item.GT_Scanner
item	21319	hasContainerItem	false
item	21319	statName	Portable Scanner
item	21319	isMap	false
item	21319	itemUseAction	none
item	21319	maxItemUseDuration	0
item	21319	potionEffect	null
item	21319	isPotionIngredient	false
item	21319	itemDisplayName	Portable Scanner
item	21319	isItemTool	true
item	21319	enchantability	0
item	21319	isRepairable	false
item	21319	isItemBlock	false
item	30125	itemStackLimit	4
recipes/smelting	GregTech_Addon/tile.BlockMetaID_Block:11	input	4058:11
recipes/smelting	GregTech_Addon/tile.BlockMetaID_Block:11	output	21256:26
recipes/smelting	GregTech_Addon/tile.BlockMetaID_Block:12	input	4058:12
recipes/smelting	GregTech_Addon/tile.BlockMetaID_Block:12	output	21256:25
recipes/smelting	GregTech_Addon/tile.BlockMetaID_Block:9	input	4058:9
recipes/smelting	GregTech_Addon/tile.BlockMetaID_Block:9	output	21256:20
recipes/smelting	Minecraft/item.compass:0	input	345:0
recipes/smelting	Minecraft/item.compass:0	output	265:0
recipes/smelting	Minecraft/item.shovelGold:0	input	284:0
recipes/smelting	Minecraft/item.shovelGold:0	output	266:0
recipes/smelting	Minecraft/item.helmetGold:0	input	314:0
recipes/smelting	Minecraft/item.helmetGold:0	output	266:0
recipes/smelting	IC2/itemArmorBronzeBoots:0	input	30192:0
recipes/smelting	IC2/itemArmorBronzeBoots:0	output	30246:0
recipes/smelting	Minecraft/item.helmetIron:0	input	306:0
recipes/smelting	Minecraft/item.helmetIron:0	output	265:0
recipes/smelting	IC2/itemToolBronzeAxe:0	input	30199:0
recipes/smelting	IC2/itemToolBronzeAxe:0	output	30246:0
recipes/smelting	GregTech_Addon/tile.BlockMetaID_Block:3	input	4058:3
recipes/smelting	GregTech_Addon/tile.BlockMetaID_Block:3	output	21256:17
recipes/smelting	GregTech_Addon/tile.BlockMetaID_Block:8	input	4058:8
recipes/smelting	GregTech_Addon/tile.BlockMetaID_Block:8	output	21256:19
recipes/smelting	Minecraft/item.swordIron:0	input	267:0
recipes/smelting	Minecraft/item.swordIron:0	output	265:0
recipes/smelting	GregTech_Addon/tile.BlockMetaID_Block:7	input	4058:7
recipes/smelting	GregTech_Addon/tile.BlockMetaID_Block:7	output	21256:18
recipes/smelting	Minecraft/item.hoeIron:0	input	292:0
recipes/smelting	Minecraft/item.hoeIron:0	output	265:0
recipes/smelting	Minecraft/tile.blockGold:0	input	41:0
recipes/smelting	Minecraft/tile.blockGold:0	output	266:0
recipes/smelting	GregTech_Addon/tile.BlockMetaID_Block2:10	input	4057:10
recipes/smelting	GregTech_Addon/tile.BlockMetaID_Block2:10	output	21256:29
recipes/smelting	GregTech_Addon/tile.BlockMetaID_Block2:11	input	4057:11
recipes/smelting	GregTech_Addon/tile.BlockMetaID_Block2:11	output	21256:30
recipes/smelting	GregTech_Addon/tile.BlockMetaID_Block2:12	input	4057:12
recipes/smelting	GregTech_Addon/tile.BlockMetaID_Block2:12	output	21256:16
recipes/smelting	Minecraft/item.swordGold:0	input	283:0
recipes/smelting	Minecraft/item.swordGold:0	output	266:0
recipes/smelting	Minecraft/item.chestplateGold:0	input	315:0
recipes/smelting	Minecraft/item.chestplateGold:0	output	266:0
recipes/smelting	Minecraft/tile.anvil:2	input	145:2
recipes/smelting	Minecraft/tile.anvil:2	output	265:0
recipes/smelting	Minecraft/tile.anvil:0	input	145:0
recipes/smelting	Minecraft/tile.anvil:0	output	265:0
recipes/smelting	Minecraft/tile.oreGold:0	input	14:0
recipes/smelting	Minecraft/tile.oreGold:0	output	266:0
recipes/smelting	Minecraft/tile.anvil:1	input	145:1
recipes/smelting	Minecraft/tile.anvil:1	output	265:0
recipes/smelting	IC2/Metal:1	input	224:1
recipes/smelting	IC2/Metal:1	output	30247:0
recipes/smelting	IC2/itemToolBronzeSword:0	input	30198:0
recipes/smelting	IC2/itemToolBronzeSword:0	output	30246:0
recipes/smelting	IC2/Metal:2	input	224:2
recipes/smelting	IC2/Metal:2	output	30246:0
recipes/smelting	Minecraft/item.chestplateIron:0	input	307:0
recipes/smelting	Minecraft/item.chestplateIron:0	output	265:0
recipes/smelting	IC2/itemArmorBronzeLegs:0	input	30193:0
recipes/smelting	IC2/itemArmorBronzeLegs:0	output	30246:0
recipes/smelting	IC2/Metal:0	input	224:0
recipes/smelting	IC2/Metal:0	output	30248:0
recipes/smelting	IC2/Metal:3	input	224:3
recipes/smelting	IC2/Metal:3	output	30244:0
recipes/smelting	GregTech_Addon/tile.BlockMetaID_Block2:1	input	4057:1
recipes/smelting	GregTech_Addon/tile.BlockMetaID_Block2:1	output	21256:21
recipes/smelting	GregTech_Addon/tile.BlockMetaID_Block2:0	input	4057:0
recipes/smelting	GregTech_Addon/tile.BlockMetaID_Block2:0	output	21256:23
recipes/smelting	GregTech_Addon/tile.BlockMetaID_Block2:2	input	4057:2
recipes/smelting	GregTech_Addon/tile.BlockMetaID_Block2:2	output	21256:24
recipes/smelting	GregTech_Addon/tile.BlockMetaID_Block2:5	input	4057:5
recipes/smelting	GregTech_Addon/tile.BlockMetaID_Block2:5	output	21256:27
recipes/smelting	GregTech_Addon/tile.BlockMetaID_Block2:7	input	4057:7
recipes/smelting	GregTech_Addon/tile.BlockMetaID_Block2:7	output	21256:28
recipes/smelting	GregTech_Addon/tile.BlockMetaID_Block2:6	input	4057:6
recipes/smelting	GregTech_Addon/tile.BlockMetaID_Block2:6	output	21256:22
recipes/smelting	Minecraft/item.clock:0	input	347:0
recipes/smelting	Minecraft/item.clock:0	output	266:0
recipes/smelting	Minecraft/item.hatchetGold:0	input	286:0
recipes/smelting	Minecraft/item.hatchetGold:0	output	266:0
recipes/smelting	Minecraft/tile.blockIron:0	input	42:0
recipes/smelting	Minecraft/tile.blockIron:0	output	265:0
recipes/smelting	GregTech_Addon/item.GT_Materials:14	input	21256:14
recipes/smelting	GregTech_Addon/item.GT_Materials:14	output	297:0
recipes/smelting	GregTech_Addon/tile.BlockMetaID_Ore:10	input	4060:10
recipes/smelting	GregTech_Addon/tile.BlockMetaID_Ore:10	output	21256:27
recipes/smelting	Minecraft/item.doorIron:0	input	330:0
recipes/smelting	Minecraft/item.doorIron:0	output	265:0
recipes/smelting	GregTech_Addon/tile.BlockMetaID_Ore:9	input	4060:9
recipes/smelting	GregTech_Addon/tile.BlockMetaID_Ore:9	output	21257:22
recipes/smelting	GregTech_Addon/tile.BlockMetaID_Ore:6	input	4060:6
recipes/smelting	GregTech_Addon/tile.BlockMetaID_Ore:6	output	265:0
recipes/smelting	IC2/Machine:0	input	250:0
recipes/smelting	IC2/Machine:0	output	30249:0
recipes/smelting	GregTech_Addon/item.GT_Dusts:28	input	21257:28
recipes/smelting	GregTech_Addon/item.GT_Dusts:28	output	21256:28
recipes/smelting	Minecraft/item.hoeGold:0	input	294:0
recipes/smelting	Minecraft/item.hoeGold:0	output	266:0
recipes/smelting	GregTech_Addon/item.GT_Dusts:29	input	21257:29
recipes/smelting	GregTech_Addon/item.GT_Dusts:29	output	21256:29
recipes/smelting	GregTech_Addon/item.GT_Dusts:27	input	21257:27
recipes/smelting	GregTech_Addon/item.GT_Dusts:27	output	21256:27
recipes/smelting	IC2/itemFuelCoalDust:0	output	21257:240
recipes/smelting	GregTech_Addon/item.GT_Dusts:24	input	21257:24
recipes/smelting	GregTech_Addon/item.GT_Dusts:24	output	21256:24
recipes/smelting	GregTech_Addon/item.GT_Dusts:25	input	21257:25
recipes/smelting	GregTech_Addon/item.GT_Dusts:25	output	21256:25
recipes/smelting	GregTech_Addon/item.GT_Dusts:243	input	21257:243
recipes/smelting	GregTech_Addon/item.GT_Dusts:243	output	30248:0
recipes/smelting	IC2/itemDustSilver:0	input	30130:0
recipes/smelting	IC2/itemDustSilver:0	output	21256:17
recipes/smelting	GregTech_Addon/item.GT_Materials:69	input	21256:69
recipes/smelting	GregTech_Addon/item.GT_Materials:69	output	21256:17
recipes/smelting	GregTech_Addon/item.GT_Dusts:242	input	21257:242
recipes/smelting	GregTech_Addon/item.GT_Dusts:242	output	266:0
recipes/smelting	GregTech_Addon/item.GT_Materials:70	input	21256:70
recipes/smelting	GregTech_Addon/item.GT_Materials:70	output	30246:0
recipes/smelting	GregTech_Addon/item.GT_Dusts:241	input	21257:241
recipes/smelting	GregTech_Addon/item.GT_Dusts:241	output	265:0
recipes/smelting	GregTech_Addon/item.GT_Materials:67	input	21256:67
recipes/smelting	GregTech_Addon/item.GT_Materials:67	output	30247:0
recipes/smelting	GregTech_Addon/item.GT_Materials:68	input	21256:68
recipes/smelting	GregTech_Addon/item.GT_Materials:68	output	30248:0
recipes/smelting	GregTech_Addon/item.GT_Materials:65	input	21256:65
recipes/smelting	GregTech_Addon/item.GT_Materials:65	output	266:0
recipes/smelting	GregTech_Addon/item.GT_Dusts:246	input	21257:246
recipes/smelting	GregTech_Addon/item.GT_Dusts:246	output	21256:17
recipes/smelting	GregTech_Addon/item.GT_Materials:66	input	21256:66
recipes/smelting	GregTech_Addon/item.GT_Materials:66	output	30249:0
recipes/smelting	GregTech_Addon/item.GT_Dusts:245	input	21257:245
recipes/smelting	GregTech_Addon/item.GT_Dusts:245	output	30246:0
recipes/smelting	Minecraft/item.pickaxeGold:0	input	285:0
recipes/smelting	Minecraft/item.pickaxeGold:0	output	266:0
recipes/smelting	GregTech_Addon/item.GT_Dusts:244	input	21257:244
recipes/smelting	GregTech_Addon/item.GT_Dusts:244	output	30247:0
recipes/smelting	IC2/itemToolWrench:0	input	30183:0
recipes/smelting	IC2/itemToolWrench:0	output	30246:0
recipes/smelting	GregTech_Addon/item.GT_Materials:64	input	21256:64
recipes/smelting	GregTech_Addon/item.GT_Materials:64	output	265:0
recipes/smelting	IC2/itemToolBronzePickaxe:0	input	30200:0
recipes/smelting	IC2/itemToolBronzePickaxe:0	output	30246:0
recipes/smelting	GregTech_Addon/item.GT_Dusts:23	input	21257:23
recipes/smelting	GregTech_Addon/item.GT_Dusts:23	output	21256:23
recipes/smelting	GregTech_Addon/item.GT_Dusts:21	input	21257:21
recipes/smelting	GregTech_Addon/item.GT_Dusts:21	output	21256:21
recipes/smelting	Minecraft/item.slimeball:0	input	341:0
recipes/smelting	Minecraft/item.slimeball:0	output	30217:0
recipes/smelting	Minecraft/item.pickaxeIron:0	input	257:0
recipes/smelting	Minecraft/item.pickaxeIron:0	output	265:0
recipes/smelting	Minecraft/item.shears:0	input	359:0
recipes/smelting	Minecraft/item.shears:0	output	265:0
recipes/smelting	Minecraft/item.hatchetIron:0	input	258:0
recipes/smelting	Minecraft/item.hatchetIron:0	output	265:0
recipes/smelting	Minecraft/item.minecart:0	input	328:0
recipes/smelting	Minecraft/item.minecart:0	output	265:0
recipes/smelting	IC2/itemArmorBronzeHelmet:0	input	30195:0
recipes/smelting	IC2/itemArmorBronzeHelmet:0	output	30246:0
recipes/smelting	Minecraft/item.ingotIron:0	input	265:0
recipes/smelting	Minecraft/item.ingotIron:0	output	30249:0
recipes/smelting	GregTech_Addon/item.GT_Materials:83	input	21256:83
recipes/smelting	GregTech_Addon/item.GT_Materials:83	output	21256:6
recipes/smelting	GregTech_Addon/item.GT_Materials:84	input	21256:84
recipes/smelting	GregTech_Addon/item.GT_Materials:84	output	21256:30
recipes/smelting	GregTech_Addon/item.GT_Materials:81	input	21256:81
recipes/smelting	GregTech_Addon/item.GT_Materials:81	output	21256:25
recipes/smelting	GregTech_Addon/item.GT_Materials:82	input	21256:82
recipes/smelting	GregTech_Addon/item.GT_Materials:82	output	21256:24
recipes/smelting	GregTech_Addon/item.GT_Materials:79	input	21256:79
recipes/smelting	GregTech_Addon/item.GT_Materials:79	output	21256:27
recipes/smelting	GregTech_Addon/item.GT_Materials:80	input	21256:80
recipes/smelting	GregTech_Addon/item.GT_Materials:80	output	21256:22
recipes/smelting	GregTech_Addon/item.GT_Materials:77	input	21256:77
recipes/smelting	GregTech_Addon/item.GT_Materials:77	output	21256:19
recipes/smelting	GregTech_Addon/item.GT_Materials:78	input	21256:78
recipes/smelting	GregTech_Addon/item.GT_Materials:78	output	21256:26
recipes/smelting	Minecraft/item.shovelIron:0	input	256:0
recipes/smelting	Minecraft/item.shovelIron:0	output	265:0
recipes/smelting	GregTech_Addon/item.GT_Materials:75	input	21256:75
recipes/smelting	GregTech_Addon/item.GT_Materials:75	output	21256:18
recipes/smelting	GregTech_Addon/item.GT_Materials:76	input	21256:76
recipes/smelting	GregTech_Addon/item.GT_Materials:76	output	21256:20
recipes/smelting	GregTech_Addon/item.GT_Materials:73	input	21256:73
recipes/smelting	GregTech_Addon/item.GT_Materials:73	output	21256:29
recipes/smelting	GregTech_Addon/item.GT_Materials:74	input	21256:74
recipes/smelting	GregTech_Addon/item.GT_Materials:74	output	21256:23
recipes/smelting	GregTech_Addon/item.GT_Materials:71	input	21256:71
recipes/smelting	GregTech_Addon/item.GT_Materials:71	output	21256:21
recipes/smelting	GregTech_Addon/item.GT_Materials:72	input	21256:72
recipes/smelting	GregTech_Addon/item.GT_Materials:72	output	21256:28
recipes/smelting	IC2/itemArmorBronzeChestplate:0	input	30194:0
recipes/smelting	IC2/itemArmorBronzeChestplate:0	output	30246:0
recipes/smelting	Minecraft/tile.oreIron:0	input	15:0
recipes/smelting	Minecraft/tile.oreIron:0	output	265:0
recipes/smelting	IC2/itemPartDCP:0	input	30084:0
recipes/smelting	IC2/itemPartDCP:0	output	30248:0
recipes/smelting	IC2/itemFuelCanEmpty:0	input	30231:0
recipes/smelting	IC2/itemFuelCanEmpty:0	output	30247:0
recipes/smelting	Minecraft/item.leggingsIron:0	input	308:0
recipes/smelting	Minecraft/item.leggingsIron:0	output	265:0
recipes/smelting	Minecraft/item.bootsGold:0	input	317:0
recipes/smelting	Minecraft/item.bootsGold:0	output	266:0
recipes/smelting	IC2/itemToolBronzeSpade:0	input	30197:0
recipes/smelting	IC2/itemToolBronzeSpade:0	output	30246:0
recipes/smelting	Minecraft/item.bootsIron:0	input	309:0
recipes/smelting	Minecraft/item.bootsIron:0	output	265:0
recipes/smelting	IC2/itemTinCan:0	input	30222:0
recipes/smelting	IC2/itemTinCan:0	output	30247:0
recipes/smelting	Minecraft/item.leggingsGold:0	input	316:0
recipes/smelting	Minecraft/item.leggingsGold:0	output	266:0
recipes/smelting	Minecraft/item.bucket:0	input	325:0
recipes/smelting	Minecraft/item.bucket:0	output	265:0
recipes/smelting	IC2/itemToolBronzeHoe:0	input	30196:0
recipes/smelting	IC2/itemToolBronzeHoe:0	output	30246:0
oredict	21259:25	name	craftingPneumaticGenerator
oredict	22:0	name	chunkLazurite
oredict	21256:35	name	chunkLazurite
oredict	133:0	name	blockEmerald
oredict	21261:23	name	nuggetLead
oredict	21260:61	name	dustSmallUvarovite
oredict	21258:37	name	molecule_1na_1s
oredict	21257:46	name	dustObsidian
oredict	30147:0	name	plateIridiumAlloy
oredict	4060:4	name	oreSapphire
oredict	30084:0	name	plateCopperDense
oredict	21256:37	name	gemOlivine
oredict	21260:34	name	dustSmallGreenSapphire
oredict	21260:245	name	dustSmallBronze
oredict	21259:5	name	craftingConveyor
oredict	4060:5	name	oreBauxite
oredict	21261:24	name	nuggetZinc
oredict	340:0	name	bookVanilla
oredict	21260:4	name	dustSmallCalcite
oredict	21261:27	name	nuggetPlatinum
oredict	4057:5	name	blockPlatinum
oredict	4058:3	name	blockSilver
oredict	406:0	name	dustNetherQuartz
oredict	21318:*	name	crafting360kCoolantStore
oredict	21292:*	name	crafting360kCoolantStore
oredict	21260:16	name	dustSmallUranium
oredict	21257:10	name	dustEndstone
oredict	21256:39	name	ingotPlutonium
oredict	21261:244	name	nuggetTin
oredict	21256:6	name	ingotTungstenSteel
oredict	4057:1	name	blockElectrum
oredict	30135:0	name	itemDiamond
oredict	264:0	name	itemDiamond
oredict	21257:36	name	itemDiamond
oredict	41:0	name	blockGold
oredict	21256:55	name	gemGarnetYellow
oredict	21260:59	name	dustSmallAndradite
oredict	30239:0	name	battery
oredict	30242:*	name	battery
oredict	21258:7	name	molecule_1si
oredict	21261:21	name	nuggetElectrum
oredict	21256:65	name	plateGold
oredict	21256:36	name	plateSilicon
oredict	21260:3	name	dustSmallPyrite
oredict	21260:9	name	dustSmallSaltpeter
oredict	21257:13	name	dustMagnesium
oredict	21257:20	name	dustChrome
oredict	21256:83	name	plateTungstenSteel
oredict	21260:242	name	dustSmallGold
oredict	4057:12	name	blockIridium
oredict	21256:66	name	plateRefinedIron
oredict	21261:18	name	nuggetAluminium
oredict	21259:28	name	craftingEnergyCellUpgrade
oredict	30100:*	name	crafting30kCoolantStore
oredict	21256:25	name	ingotBrass
oredict	4060:1	name	oreGalena
oredict	21301:*	name	crafting10kkEUPack
oredict	2256:0	name	itemRecord
oredict	2257:0	name	itemRecord
oredict	2258:0	name	itemRecord
oredict	2264:0	name	itemRecord
oredict	2263:0	name	itemRecord
oredict	2260:0	name	itemRecord
oredict	2261:0	name	itemRecord
oredict	2262:0	name	itemRecord
oredict	2265:0	name	itemRecord
oredict	2259:0	name	itemRecord
oredict	2266:0	name	itemRecord
oredict	21256:30	name	ingotOsmium
oredict	21259:18	name	craftingGrinder
oredict	21259:23	name	craftingGrinder
oredict	21256:17	name	ingotSilver
oredict	21:0	name	oreLapis
oredict	21260:28	name	dustSmallNickel
oredict	21260:45	name	dustSmallPhosphorus
oredict	21261:241	name	nuggetIron
oredict	21256:74	name	plateLead
oredict	21257:35	name	dustEmerald
oredict	21257:244	name	dustTin
oredict	21260:1	name	dustSmallEnderEye
oredict	21257:9	name	dustSaltpeter
oredict	21256:27	name	ingotPlatinum
oredict	21257:56	name	dustPyrope
oredict	4058:12	name	blockBrass
oredict	30191:0	name	basicCircuit
oredict	348:0	name	dustGlowstone
oredict	21256:38	name	ingotThorium
oredict	153:0	name	oreNetherQuartz
oredict	21299:0	name	craftingCircuitTier08
oredict	21260:250	name	dustSmallGlowstone
oredict	21259:0	name	craftingCircuitTier07
oredict	21257:24	name	dustZinc
oredict	30190:0	name	craftingCircuitTier04
oredict	21259:3	name	craftingCircuitTier05
oredict	21259:1	name	craftingCircuitTier06
oredict	75:*	name	craftingCircuitTier00
oredict	76:*	name	craftingCircuitTier00
oredict	69:*	name	craftingCircuitTier00
oredict	395:0	name	paperMap
oredict	358:0	name	paperMap
oredict	4060:11	name	oreEndOlivine
oredict	21257:32	name	dustRuby
oredict	30191:0	name	craftingCircuitTier02
oredict	16:0	name	oreCoal
oredict	21261:29	name	nuggetInvar
oredict	21257:17	name	dustBauxite
oredict	4057:4	name	blockGreenSapphire
oredict	21312:*	name	crafting100kEUStore
oredict	21313:*	name	crafting100kEUStore
oredict	30241:*	name	crafting100kEUStore
oredict	21257:47	name	dustCharcoal
oredict	21256:70	name	plateBronze
oredict	130:0	name	craftingEnderChest
oredict	331:0	name	dustRedstone
oredict	21261:26	name	nuggetSteel
oredict	21259:16	name	craftingDuctTape
oredict	4059:4	name	craftingCircuitTier10
oredict	21257:81	name	dustPlutonium
oredict	4057:3	name	blockOlivine
oredict	21257:22	name	dustTungsten
oredict	21260:62	name	dustSmallAsh
oredict	21260:80	name	dustSmallThorium
oredict	21260:63	name	dustSmallDarkAsh
oredict	4058:7	name	blockAluminum
oredict	21256:28	name	ingotNickel
oredict	42:0	name	blockIron
oredict	21258:9	name	molecule_1me
oredict	21260:27	name	dustSmallPlatinum
oredict	21260:22	name	dustSmallTungsten
oredict	21258:32	name	molecule_2na_2s_8o
oredict	21257:2	name	dyeCyan
oredict	21260:55	name	dustSmallGarnetYellow
oredict	21261:245	name	nuggetBronze
oredict	21258:12	name	molecule_1na
oredict	21259:29	name	craftingQuantumChestUpgrade
oredict	21260:19	name	dustSmallTitanium
oredict	21261:22	name	nuggetTungsten
oredict	21260:81	name	dustSmallPlutonium
oredict	21260:25	name	dustSmallBrass
oredict	21257:18	name	dustAluminium
oredict	387:0	name	bookWritten
oredict	21256:77	name	plateTitanium
oredict	388:0	name	gemEmerald
oredict	4060:3	name	oreRuby
oredict	21256:80	name	plateTungsten
oredict	21256:20	name	ingotChrome
oredict	21257:240	name	dustCoal
oredict	21257:245	name	dustBronze
oredict	4058:11	name	blockSteel
oredict	21257:64	name	dustRedRock
oredict	21258:5	name	molecule_1li
oredict	21256:26	name	ingotSteel
oredict	21257:9	name	craftingSaltpeterToGunpowder
oredict	21258:6	name	molecule_1he3
oredict	4058:5	name	blockSapphire
oredict	21257:58	name	dustSpessartine
oredict	21256:34	name	gemGreenSapphire
oredict	265:0	name	ingotIron
oredict	21258:131	name	plasma_1he
oredict	21257:34	name	dustGreenSapphire
oredict	21261:243	name	nuggetCopper
oredict	21258:9	name	molecule_1c_4h
oredict	112:0	name	stoneNetherBrick
oredict	4058:8	name	blockTitanium
oredict	21256:75	name	plateAluminium
oredict	21256:21	name	ingotElectrum
oredict	21261:16	name	nuggetIridium
oredict	21259:48	name	craftingCircuitBoardTier02
oredict	21260:56	name	dustSmallPyrope
oredict	21259:50	name	craftingCircuitBoardTier06
oredict	21259:49	name	craftingCircuitBoardTier04
oredict	21256:33	name	gemSapphire
oredict	21260:2	name	dustSmallLazurite
oredict	4060:6	name	oreNetherPyrite
oredict	22:0	name	blockLapis
oredict	21261:20	name	nuggetChrome
oredict	21257:4	name	dustCalcite
oredict	4060:12	name	oreEndSodalite
oredict	21260:30	name	dustSmallOsmium
oredict	4057:0	name	blockLead
oredict	4060:7	name	oreNetherCinnabar
oredict	21257:6	name	dustNetherrack
oredict	21256:32	name	gemRuby
oredict	21260:11	name	dustSmallCinnabar
oredict	21260:10	name	dustSmallEndstone
oredict	21257:54	name	dustGarnetRed
oredict	21260:246	name	dustSmallSilver
oredict	21257:246	name	dustSilver
oredict	87:0	name	stoneNetherrack
oredict	4060:10	name	oreEndCooperite
oredict	30239:0	name	crafting10kEUStore
oredict	30242:*	name	crafting10kEUStore
oredict	129:0	name	oreEmerald
oredict	21256:73	name	plateInvar
oredict	21260:247	name	dustSmallClay
oredict	21260:21	name	dustSmallElectrum
oredict	58:0	name	craftingWorkBench
oredict	4059:16	name	craftingWorkBench
oredict	21258:34	name	molecule_3c_5h_3n_9o
oredict	21256:14	name	dustWheat
oredict	21260:5	name	dustSmallSodalite
oredict	4060:8	name	oreNetherSphalerite
oredict	57:0	name	blockDiamond
oredict	21257:33	name	dustSapphire
oredict	21261:17	name	nuggetSilver
oredict	21258:13	name	molecule_1cl
oredict	21258:40	name	molecule_2h_1s_4o
oredict	21260:60	name	dustSmallGrossular
oredict	21256:64	name	plateIron
oredict	21260:37	name	dustSmallOlivine
oredict	21259:17	name	craftingDiamondBlade
oredict	21258:11	name	molecule_1ca
oredict	21256:82	name	plateZinc
oredict	21260:249	name	dustSmallRedstone
oredict	21257:0	name	dustEnderPearl
oredict	152:0	name	blockRedstone
oredict	21260:8	name	dustSmallSulfur
oredict	30240:*	name	crafting1kkEUStore
oredict	56:0	name	oreDiamond
oredict	21260:47	name	dustSmallCharcoal
oredict	21256:19	name	ingotTitanium
oredict	30180:*	name	crafting60kEUPack
oredict	21256:54	name	gemGarnetRed
oredict	21256:23	name	ingotLead
oredict	21256:16	name	ingotIridium
oredict	21257:28	name	dustNickel
oredict	21260:44	name	dustSmallGalena
oredict	21256:15	name	plankWood
oredict	21260:18	name	dustSmallAluminium
oredict	21257:29	name	dustInvar
oredict	21260:33	name	dustSmallSapphire
oredict	21256:29	name	ingotInvar
oredict	21256:69	name	plateSilver
oredict	21257:57	name	dustAlmandine
oredict	21259:27	name	craftingHVTUpgrade
oredict	21256:18	name	ingotAluminium
oredict	14:0	name	oreGold
oredict	21256:24	name	ingotZinc
oredict	4060:2	name	oreIridium
oredict	30099:*	name	crafting60kCoolantStore
oredict	21316:*	name	crafting60kCoolantStore
oredict	21290:*	name	crafting60kCoolantStore
oredict	21257:241	name	dustIron
oredict	21256:76	name	plateChrome
oredict	21257:14	name	dustSphalerite
oredict	21260:54	name	dustSmallGarnetRed
oredict	21260:248	name	dustSmallGunpowder
oredict	21258:3	name	molecule_1he
oredict	21258:16	name	molecule_1hg
oredict	4057:7	name	blockNickel
oredict	4057:6	name	blockTungsten
oredict	21260:13	name	dustSmallMagnesium
oredict	21258:33	name	molecule_1ca_1c_3o
oredict	21261:25	name	nuggetBrass
oredict	21260:36	name	dustSmallDiamond
oredict	30127:*	name	crafting300kEUPack
oredict	21259:4	name	craftingMonitorTier02
oredict	21257:11	name	dustCinnabar
oredict	21257:8	name	dustSulfur
oredict	21260:58	name	dustSmallSpessartine
oredict	371:0	name	nuggetGold
oredict	21256:72	name	plateNickel
oredict	21260:46	name	dustSmallObsidian
oredict	21257:16	name	dustUranium
oredict	21260:57	name	dustSmallAlmandine
oredict	21258:1	name	molecule_1h2
oredict	21258:2	name	molecule_1h3
oredict	21257:60	name	dustGrossular
oredict	21260:0	name	dustSmallEnderPearl
oredict	21257:26	name	dustSteel
oredict	21256:78	name	plateSteel
oredict	21256:79	name	platePlatinum
oredict	21260:17	name	dustSmallBauxite
oredict	21257:1	name	dustEnderEye
oredict	403:0	name	bookEnchanted
oredict	21257:12	name	dustManganese
oredict	21257:66	name	dustBasalt
oredict	21259:24	name	craftingCircuitPartsTier04
oredict	21261:19	name	nuggetTitanium
oredict	21257:30	name	dustOsmium
oredict	30190:0	name	advancedCircuit
oredict	21257:7	name	dustFlint
oredict	21257:37	name	dustOlivine
oredict	21257:36	name	dustDiamond
oredict	30135:0	name	craftingIndustrialDiamond
oredict	30184:0	name	copperWire
oredict	21261:28	name	nuggetNickel
oredict	121:0	name	stoneEnd
oredict	21257:5	name	dyeBlue
oredict	21312:*	name	craftingLiBattery
oredict	21313:*	name	craftingLiBattery
oredict	30128:0	name	itemIridium
oredict	21257:15	name	dustWood
oredict	4058:4	name	blockRuby
oredict	21256:13	name	plateMagnalium
oredict	386:0	name	bookWritable
oredict	21259:22	name	craftingMachineParts
oredict	21257:242	name	dustGold
oredict	21260:240	name	dustSmallCoal
oredict	21260:20	name	dustSmallChrome
oredict	21260:35	name	dustSmallEmerald
oredict	21257:45	name	dustPhosphorus
oredict	21257:65	name	dustMarble
oredict	21260:65	name	dustSmallMarble
oredict	21259:1	name	eliteCircuit
oredict	21257:8	name	craftingSulfurToGunpowder
oredict	21257:25	name	dustBrass
oredict	21260:244	name	dustSmallTin
oredict	4058:9	name	blockChrome
oredict	21256:22	name	ingotTungsten
oredict	21260:6	name	dustSmallNetherrack
oredict	21260:23	name	dustSmallLead
oredict	21257:5	name	dustSodalite
oredict	21260:32	name	dustSmallRuby
oredict	21260:26	name	dustSmallSteel
oredict	21257:2	name	dustLazurite
oredict	4060:9	name	oreEndTungstate
oredict	21257:19	name	dustTitanium
oredict	21257:59	name	dustAndradite
oredict	21257:62	name	dustAsh
oredict	21256:84	name	plateOsmium
oredict	21256:67	name	plateTin
oredict	21258:39	name	molecule_1n_1c
oredict	21257:3	name	dustPyrite
oredict	21256:81	name	plateBrass
oredict	21260:24	name	dustSmallZinc
oredict	21260:7	name	dustSmallFlint
oredict	351:4	name	itemLazurite
oredict	21257:2	name	itemLazurite
oredict	339:0	name	paperVanilla
oredict	4057:2	name	blockZinc
oredict	21259:2	name	craftingSuperconductor
oredict	21257:80	name	dustThorium
oredict	21260:66	name	dustSmallBasalt
oredict	21312:*	name	advancedBattery
oredict	21313:*	name	advancedBattery
oredict	21260:14	name	dustSmallSphalerite
oredict	21260:29	name	dustSmallInvar
oredict	21259:26	name	craftingLiBatteryUpgrade
oredict	21314:*	name	crafting600kEUPack
oredict	21260:243	name	dustSmallCopper
oredict	250:8	name	craftingPump
oredict	21256:68	name	plateCopper
oredict	4058:7	name	blockAluminium
oredict	21257:55	name	dustGarnetYellow
oredict	21258:1	name	molecule_1d
oredict	21258:8	name	molecule_1c
oredict	4057:11	name	blockOsmium
oredict	21257:21	name	dustElectrum
oredict	21260:15	name	dustSmallWood
oredict	21258:38	name	molecule_1n_2o
oredict	4057:10	name	blockInvar
oredict	289:0	name	dustGunpowder
oredict	21260:64	name	dustSmallRedRock
oredict	21260:12	name	dustSmallManganese
oredict	21258:4	name	molecule_1w
oredict	21258:2	name	molecule_1t
oredict	21257:23	name	dustLead
oredict	21258:36	name	molecule_1s
oredict	30206:*	name	crafting10kCoolantStore
oredict	21260:241	name	dustSmallIron
oredict	21258:15	name	molecule_1n
oredict	73:0	name	oreRedstone
oredict	74:0	name	oreRedstone
oredict	21257:247	name	dustClay
oredict	21258:14	name	molecule_1k
oredict	21258:0	name	molecule_1h
oredict	21257:27	name	dustPlatinum
oredict	21257:63	name	dustDarkAsh
oredict	266:0	name	ingotGold
oredict	351:4	name	dustLapis
oredict	21261:30	name	nuggetOsmium
oredict	21257:44	name	dustGalena
oredict	21256:71	name	plateElectrum
oredict	15:0	name	oreIron
oredict	21317:*	name	crafting180kCoolantStore
oredict	21291:*	name	crafting180kCoolantStore
oredict	21258:10	name	molecule_1be
oredict	30079:0	name	molecule_2o
oredict	230:0	name	glassReinforced
oredict	223:0	name	craftingTeleporter
oredict	21257:61	name	dustUvarovite
oredict	30135:0	name	gemDiamond
oredict	264:0	name	gemDiamond
oredict	21293:*	name	crafting10kkEUStore
oredict	21259:19	name	craftingHeatingCoilTier01
oredict	21259:20	name	craftingHeatingCoilTier02
oredict	21259:21	name	craftingHeatingCoilTier00
oredict	21257:243	name	dustCopper
oredict	4058:10	name	craftingRawMachineTier04
oredict	21259:36	name	craftingRawMachineTier03
oredict	21259:35	name	craftingRawMachineTier02
oredict	21259:36	name	craftingRawMachineTier02
oredict	250:12	name	craftingRawMachineTier02
oredict	21259:32	name	craftingRawMachineTier01
oredict	21259:33	name	craftingRawMachineTier01
oredict	250:0	name	craftingRawMachineTier01
oredict	21259:34	name	craftingRawMachineTier00
oredict	21257:15	name	pulpWood
recipes/crafting/shaped	W=3;GregTech_Addon/item.GT_Materials:15;Minecraft/tile.wood:32767;GregTech_Addon/item.GT_Materials:15;Minecraft/tile.wood:32767;GregTech_Addon/item.GT_Materials:15;Minecraft/tile.wood:32767;null;Minecraft/item.stick:0;null;null;Minecraft/item.stick:0;null	output	270:0
recipes/crafting/shaped	W=3;GregTech_Addon/item.GT_Materials:15;Minecraft/tile.wood:32767;GregTech_Addon/item.GT_Materials:15;Minecraft/tile.wood:32767;GregTech_Addon/item.GT_Materials:15;Minecraft/tile.wood:32767;GregTech_Addon/item.GT_Materials:15;Minecraft/tile.wood:32767;null;GregTech_Addon/item.GT_Materials:15;Minecraft/tile.wood:32767;GregTech_Addon/item.GT_Materials:15;Minecraft/tile.wood:32767;GregTech_Addon/item.GT_Materials:15;Minecraft/tile.wood:32767;GregTech_Addon/item.GT_Materials:15;Minecraft/tile.wood:32767	output	54:0
recipes/crafting/shaped	W=3;GregTech_Addon/item.GT_Materials:15;Minecraft/tile.wood:32767;GregTech_Addon/item.GT_Materials:15;Minecraft/tile.wood:32767;GregTech_Addon/item.GT_Materials:15;Minecraft/tile.wood:32767;GregTech_Addon/item.GT_Materials:15;Minecraft/tile.wood:32767;Minecraft/item.diamond:0;GregTech_Addon/item.GT_Materials:15;Minecraft/tile.wood:32767;GregTech_Addon/item.GT_Materials:15;Minecraft/tile.wood:32767;GregTech_Addon/item.GT_Materials:15;Minecraft/tile.wood:32767;GregTech_Addon/item.GT_Materials:15;Minecraft/tile.wood:32767	output	84:0
recipes/crafting/shaped	W=3;GregTech_Addon/item.GT_Materials:15;Minecraft/tile.wood:32767;GregTech_Addon/item.GT_Materials:15;Minecraft/tile.wood:32767;GregTech_Addon/item.GT_Materials:15;Minecraft/tile.wood:32767;GregTech_Addon/item.GT_Materials:15;Minecraft/tile.wood:32767;Minecraft/item.redstone:0;GregTech_Addon/item.GT_Materials:15;Minecraft/tile.wood:32767;GregTech_Addon/item.GT_Materials:15;Minecraft/tile.wood:32767;GregTech_Addon/item.GT_Materials:15;Minecraft/tile.wood:32767;GregTech_Addon/item.GT_Materials:15;Minecraft/tile.wood:32767	output	25:0
recipes/crafting/shaped	W=3;GregTech_Addon/item.GT_Materials:15;Minecraft/tile.wood:32767;GregTech_Addon/item.GT_Materials:15;Minecraft/tile.wood:32767;GregTech_Addon/item.GT_Materials:15;Minecraft/tile.wood:32767;Minecraft/item.book:0;Minecraft/item.book:0;Minecraft/item.book:0;GregTech_Addon/item.GT_Materials:15;Minecraft/tile.wood:32767;GregTech_Addon/item.GT_Materials:15;Minecraft/tile.wood:32767;GregTech_Addon/item.GT_Materials:15;Minecraft/tile.wood:32767	output	47:0
recipes/crafting/shaped	W=3;GregTech_Addon/item.GT_Materials:15;Minecraft/tile.wood:32767;GregTech_Addon/item.GT_Materials:15;Minecraft/tile.wood:32767;GregTech_Addon/item.GT_Materials:15;Minecraft/tile.wood:32767;GregTech_Addon/item.GT_Materials:15;Minecraft/tile.wood:32767;GregTech_Addon/item.GT_Materials:15;Minecraft/tile.wood:32767;GregTech_Addon/item.GT_Materials:15;Minecraft/tile.wood:32767;null;Minecraft/item.stick:0;null	output	323:0
recipes/crafting/shaped	W=2;GregTech_Addon/item.GT_Materials:15;Minecraft/tile.wood:32767;GregTech_Addon/item.GT_Materials:15;Minecraft/tile.wood:32767;GregTech_Addon/item.GT_Materials:15;Minecraft/tile.wood:32767;Minecraft/item.stick:0;null;Minecraft/item.stick:0	output	271:0
recipes/crafting/shaped	W=2;GregTech_Addon/item.GT_Materials:15;Minecraft/tile.wood:32767;GregTech_Addon/item.GT_Materials:15;Minecraft/tile.wood:32767;null;Minecraft/item.stick:0;null;Minecraft/item.stick:0	output	290:0
recipes/crafting/shaped	W=3;Minecraft/item.stick:0;GregTech_Addon/item.GT_Materials:15;Minecraft/tile.wood:32767;Minecraft/item.stick:0;Minecraft/item.stick:0;GregTech_Addon/item.GT_Materials:15;Minecraft/tile.wood:32767;Minecraft/item.stick:0	output	107:0
recipes/crafting/shaped	W=2;GregTech_Addon/item.GT_Materials:15;Minecraft/tile.wood:32767;GregTech_Addon/item.GT_Materials:15;Minecraft/tile.wood:32767;GregTech_Addon/item.GT_Materials:15;Minecraft/tile.wood:32767;GregTech_Addon/item.GT_Materials:15;Minecraft/tile.wood:32767;GregTech_Addon/item.GT_Materials:15;Minecraft/tile.wood:32767;GregTech_Addon/item.GT_Materials:15;Minecraft/tile.wood:32767	output	324:0
recipes/crafting/shaped	W=3;GregTech_Addon/item.GT_Materials:15;Minecraft/tile.wood:32767;GregTech_Addon/item.GT_Materials:15;Minecraft/tile.wood:32767;GregTech_Addon/item.GT_Materials:15;Minecraft/tile.wood:32767;GregTech_Addon/item.GT_Materials:15;Minecraft/tile.wood:32767;GregTech_Addon/item.GT_Materials:15;Minecraft/tile.wood:32767;GregTech_Addon/item.GT_Materials:15;Minecraft/tile.wood:32767	output	96:0
recipes/crafting/shaped	W=3;GregTech_Addon/item.GT_Materials:15;Minecraft/tile.wood:32767;null;GregTech_Addon/item.GT_Materials:15;Minecraft/tile.wood:32767;null;GregTech_Addon/item.GT_Materials:15;Minecraft/tile.wood:32767;null	output	281:0
recipes/crafting/shaped	W=3;GregTech_Addon/item.GT_Materials:15;Minecraft/tile.wood:32767;null;GregTech_Addon/item.GT_Materials:15;Minecraft/tile.wood:32767;GregTech_Addon/item.GT_Materials:15;Minecraft/tile.wood:32767;GregTech_Addon/item.GT_Materials:15;Minecraft/tile.wood:32767;GregTech_Addon/item.GT_Materials:15;Minecraft/tile.wood:32767	output	333:0
recipes/crafting/shaped	W=3;Minecraft/tile.cloth:32767;Minecraft/tile.cloth:32767;Minecraft/tile.cloth:32767;GregTech_Addon/item.GT_Materials:15;Minecraft/tile.wood:32767;GregTech_Addon/item.GT_Materials:15;Minecraft/tile.wood:32767;GregTech_Addon/item.GT_Materials:15;Minecraft/tile.wood:32767	output	355:0
recipes/crafting/shaped	W=2;GregTech_Addon/item.GT_Materials:15;Minecraft/tile.wood:32767;GregTech_Addon/item.GT_Materials:15;Minecraft/tile.wood:32767;GregTech_Addon/item.GT_Materials:15;Minecraft/tile.wood:32767;GregTech_Addon/item.GT_Materials:15;Minecraft/tile.wood:32767	output	58:0
recipes/crafting/shaped	W=1;GregTech_Addon/item.GT_Materials:15;Minecraft/tile.wood:32767;Minecraft/item.stick:0;Minecraft/item.stick:0	output	269:0
recipes/crafting/shaped	W=1;GregTech_Addon/item.GT_Materials:15;Minecraft/tile.wood:32767;GregTech_Addon/item.GT_Materials:15;Minecraft/tile.wood:32767;Minecraft/item.stick:0	output	268:0
recipes/crafting/shaped	W=1;Minecraft/item.ingotIron:0;Minecraft/item.stick:0;GregTech_Addon/item.GT_Materials:15;Minecraft/tile.wood:32767	output	131:0
recipes/crafting/shaped	W=1;GregTech_Addon/item.GT_Materials:15;Minecraft/tile.wood:32767;GregTech_Addon/item.GT_Materials:15;Minecraft/tile.wood:32767	output	280:0
recipes/crafting/shaped	W=2;GregTech_Addon/item.GT_Materials:15;Minecraft/tile.wood:32767;GregTech_Addon/item.GT_Materials:15;Minecraft/tile.wood:32767	output	72:0
recipes/crafting/shaped	W=1;GregTech_Addon/item.GT_Materials:15;Minecraft/tile.wood:32767	output	143:0
recipes/crafting/shapeless	GregTech_Addon/item.GT_Dusts:5,Minecraft/item.dyePowder:4;Minecraft/item.dyePowder:1;Minecraft/item.dyePowder:1;Minecraft/item.dyePowder:15	ingredient.0	351:4;21257:5;
recipes/crafting/shapeless	GregTech_Addon/item.GT_Dusts:5,Minecraft/item.dyePowder:4;Minecraft/item.dyePowder:1;Minecraft/item.dyePowder:1;Minecraft/item.dyePowder:15	ingredient.1	351:1;
recipes/crafting/shapeless	GregTech_Addon/item.GT_Dusts:5,Minecraft/item.dyePowder:4;Minecraft/item.dyePowder:1;Minecraft/item.dyePowder:1;Minecraft/item.dyePowder:15	ingredient.2	351:1;
recipes/crafting/shapeless	GregTech_Addon/item.GT_Dusts:5,Minecraft/item.dyePowder:4;Minecraft/item.dyePowder:1;Minecraft/item.dyePowder:1;Minecraft/item.dyePowder:15	ingredient.3	351:15;
recipes/crafting/shapeless	GregTech_Addon/item.GT_Dusts:5,Minecraft/item.dyePowder:4;Minecraft/item.dyePowder:1;Minecraft/item.dyePowder:1;Minecraft/item.dyePowder:15	output	351:13
recipes/crafting/shapeless	GregTech_Addon/item.GT_Dusts:5,Minecraft/item.dyePowder:4;Minecraft/item.dyePowder:1;Minecraft/item.dyePowder:9	ingredient.0	351:4;21257:5;
recipes/crafting/shapeless	GregTech_Addon/item.GT_Dusts:5,Minecraft/item.dyePowder:4;Minecraft/item.dyePowder:1;Minecraft/item.dyePowder:9	ingredient.1	351:1;
recipes/crafting/shapeless	GregTech_Addon/item.GT_Dusts:5,Minecraft/item.dyePowder:4;Minecraft/item.dyePowder:1;Minecraft/item.dyePowder:9	ingredient.2	351:9;
recipes/crafting/shapeless	GregTech_Addon/item.GT_Dusts:5,Minecraft/item.dyePowder:4;Minecraft/item.dyePowder:1;Minecraft/item.dyePowder:9	output	351:13
recipes/crafting/shapeless	GregTech_Addon/item.GT_Dusts:5,Minecraft/item.dyePowder:4;Minecraft/item.dyePowder:15	ingredient.0	351:4;21257:5;
recipes/crafting/shapeless	GregTech_Addon/item.GT_Dusts:5,Minecraft/item.dyePowder:4;Minecraft/item.dyePowder:15	ingredient.1	351:15;
recipes/crafting/shapeless	GregTech_Addon/item.GT_Dusts:5,Minecraft/item.dyePowder:4;Minecraft/item.dyePowder:15	output	351:12
recipes/crafting/shapeless	GregTech_Addon/item.GT_Dusts:5,Minecraft/item.dyePowder:4;Minecraft/item.dyePowder:2	ingredient.0	351:4;21257:5;
recipes/crafting/shapeless	GregTech_Addon/item.GT_Dusts:5,Minecraft/item.dyePowder:4;Minecraft/item.dyePowder:2	ingredient.1	351:2;
recipes/crafting/shapeless	GregTech_Addon/item.GT_Dusts:5,Minecraft/item.dyePowder:4;Minecraft/item.dyePowder:2	output	351:6
recipes/crafting/shapeless	GregTech_Addon/item.GT_Dusts:5,Minecraft/item.dyePowder:4;Minecraft/item.dyePowder:1	ingredient.0	351:4;21257:5;
recipes/crafting/shapeless	GregTech_Addon/item.GT_Dusts:5,Minecraft/item.dyePowder:4;Minecraft/item.dyePowder:1	ingredient.1	351:1;
recipes/crafting/shapeless	GregTech_Addon/item.GT_Dusts:5,Minecraft/item.dyePowder:4;Minecraft/item.dyePowder:1	output	351:5
recipes/crafting/shaped	W=2;Minecraft/tile.stoneSlab:0;Minecraft/tile.stoneSlab:0	output	43:7
recipes/crafting/shaped	W=2;Minecraft/tile.stoneSlab:7;Minecraft/tile.stoneSlab:7	output	43:0
recipes/crafting/shaped	W=1;Minecraft/tile.stoneSlab:0;Minecraft/tile.stoneSlab:0	output	43:0
recipes/crafting/shaped	W=1;Minecraft/tile.stoneSlab:3;Minecraft/tile.stoneSlab:3	output	4:0
recipes/crafting/shaped	W=1;Minecraft/tile.stoneSlab:4;Minecraft/tile.stoneSlab:4	output	45:0
recipes/crafting/shaped	W=1;Minecraft/tile.stoneSlab:5;Minecraft/tile.stoneSlab:5	output	98:0
recipes/crafting/shaped	W=1;Minecraft/tile.stoneSlab:6;Minecraft/tile.stoneSlab:6	output	112:0
recipes/crafting/shaped	W=1;Minecraft/tile.stoneSlab:7;Minecraft/tile.stoneSlab:7	output	43:7
recipes/crafting/shaped	W=1;Minecraft/tile.woodSlab:0;Minecraft/tile.woodSlab:0	output	5:0
recipes/crafting/shaped	W=1;Minecraft/tile.woodSlab:1;Minecraft/tile.woodSlab:1	output	5:1
recipes/crafting/shaped	W=1;Minecraft/tile.woodSlab:2;Minecraft/tile.woodSlab:2	output	5:2
recipes/crafting/shaped	W=1;Minecraft/tile.woodSlab:3;Minecraft/tile.woodSlab:3	output	5:3
recipes/crafting/shapeless	Minecraft/tile.deadbush:32767	ingredient.0	32:*
recipes/crafting/shapeless	Minecraft/tile.deadbush:32767	output	280:0
recipes/crafting/shapeless	Minecraft/tile.tallgrass:0	ingredient.0	31:0
recipes/crafting/shapeless	Minecraft/tile.tallgrass:0	output	280:0
