block	901	id	901
block	901	resistence	2.0
block	901	enableStats	true
block	901	needsRandomTick	false
block	901	bounds	0.000000-1.000000,0.000000-1.000000,0.000000-1.000000
block	901	stepSound	step.stone
block	901	particleGravity	1.0
block	901	material	rock
block	901	isLiquid	false
block	901	isSolid	true
block	901	canBlockGrass	true
block	901	blocksMovement	true
block	901	canBurn	false
block	901	isReplaceable	false
block	901	isOpaque	true
block	901	isToolNotRequired	false
block	901	slipperiness	0.6
block	901	unlocalizedName	tile.SC2BlockCargoManager
block	901	isNormalCube	true
block	901	renderAsNormalBlock	true
block	901	renderType	0
block	901	localizedName	Cargo Manager
block	901	hardness	2.0
block	901	hasTileEntity	true
block	901	opaqueCube	true
block	901	canCollideCheck	true
block	901	isCollidable	true
block	901	quantityDropped	1
block	901	damageDropped	0
block	901	canProvidePower	false
block	901	mobilityFlag	0
block	901	hasComparatorInputOverride	false
block	902	id	902
block	902	resistence	2.0
block	902	enableStats	true
block	902	needsRandomTick	false
block	902	bounds	0.000000-1.000000,0.000000-1.000000,0.000000-1.000000
block	902	stepSound	step.stone
block	902	particleGravity	1.0
block	902	material	rock
block	902	isLiquid	false
block	902	isSolid	true
block	902	canBlockGrass	true
block	902	blocksMovement	true
block	902	canBurn	false
block	902	isReplaceable	false
block	902	isOpaque	true
block	902	isToolNotRequired	false
block	902	slipperiness	0.6
block	902	unlocalizedName	tile.SC2BlockCartAssembler
block	902	isNormalCube	true
block	902	renderAsNormalBlock	true
block	902	renderType	0
block	902	localizedName	Cart Assembler
block	902	hardness	2.0
block	902	hasTileEntity	true
block	902	opaqueCube	true
block	902	canCollideCheck	true
block	902	isCollidable	true
block	902	quantityDropped	1
block	902	damageDropped	0
block	902	canProvidePower	false
block	902	mobilityFlag	0
block	902	hasComparatorInputOverride	false
block	903	id	903
block	903	resistence	3.0
block	903	enableStats	true
block	903	needsRandomTick	false
block	903	bounds	0.000000-1.000000,0.000000-0.125000,0.000000-1.000000
block	903	stepSound	step.stone
block	903	particleGravity	1.0
block	903	material	circuits
block	903	isLiquid	false
block	903	isSolid	false
block	903	canBlockGrass	false
block	903	blocksMovement	false
block	903	canBurn	false
block	903	isReplaceable	false
block	903	isOpaque	false
block	903	isToolNotRequired	true
block	903	slipperiness	0.6
block	903	unlocalizedName	tile.SC2BlockJunction
block	903	isNormalCube	false
block	903	renderAsNormalBlock	false
block	903	renderType	9
block	903	localizedName	Junction Rail
block	903	hardness	3.0
block	903	hasTileEntity	false
block	903	opaqueCube	false
block	903	canCollideCheck	true
block	903	isCollidable	true
block	903	quantityDropped	1
block	903	damageDropped	0
block	903	canProvidePower	false
block	903	mobilityFlag	0
block	903	hasComparatorInputOverride	false
block	904	id	904
block	904	resistence	3.0
block	904	enableStats	true
block	904	needsRandomTick	false
block	904	bounds	0.000000-1.000000,0.000000-0.125000,0.000000-1.000000
block	904	stepSound	step.stone
block	904	particleGravity	1.0
block	904	material	circuits
block	904	isLiquid	false
block	904	isSolid	false
block	904	canBlockGrass	false
block	904	blocksMovement	false
block	904	canBurn	false
block	904	isReplaceable	false
block	904	isOpaque	false
block	904	isToolNotRequired	true
block	904	slipperiness	0.6
block	904	unlocalizedName	tile.SC2BlockAdvDetector
block	904	isNormalCube	false
block	904	renderAsNormalBlock	false
block	904	renderType	9
block	904	localizedName	Advanced Detector Rail
block	904	hardness	3.0
block	904	hasTileEntity	false
block	904	opaqueCube	false
block	904	canCollideCheck	true
block	904	isCollidable	true
block	904	quantityDropped	1
block	904	damageDropped	0
block	904	canProvidePower	false
block	904	mobilityFlag	0
block	904	hasComparatorInputOverride	false
block	905	id	905
block	905	resistence	2.0
block	905	enableStats	true
block	905	needsRandomTick	false
block	905	bounds	0.000000-1.000000,0.000000-1.000000,0.000000-1.000000
block	905	stepSound	step.stone
block	905	particleGravity	1.0
block	905	material	rock
block	905	isLiquid	false
block	905	isSolid	true
block	905	canBlockGrass	true
block	905	blocksMovement	true
block	905	canBurn	false
block	905	isReplaceable	false
block	905	isOpaque	true
block	905	isToolNotRequired	false
block	905	slipperiness	0.6
block	905	unlocalizedName	tile.SC2BlockActivator
block	905	isNormalCube	true
block	905	renderAsNormalBlock	true
block	905	renderType	0
block	905	localizedName	Module Toggler
block	905	hardness	2.0
block	905	hasTileEntity	true
block	905	opaqueCube	true
block	905	canCollideCheck	true
block	905	isCollidable	true
block	905	quantityDropped	1
block	905	damageDropped	0
block	905	canProvidePower	false
block	905	mobilityFlag	0
block	905	hasComparatorInputOverride	false
block	906	id	906
block	906	resistence	2.0
block	906	enableStats	true
block	906	needsRandomTick	false
block	906	bounds	0.000000-1.000000,0.000000-1.000000,0.000000-1.000000
block	906	stepSound	step.stone
block	906	particleGravity	1.0
block	906	material	rock
block	906	isLiquid	false
block	906	isSolid	true
block	906	canBlockGrass	true
block	906	blocksMovement	true
block	906	canBurn	false
block	906	isReplaceable	false
block	906	isOpaque	true
block	906	isToolNotRequired	false
block	906	slipperiness	0.6
block	906	unlocalizedName	tile.SC2BlockDistributor
block	906	isNormalCube	true
block	906	renderAsNormalBlock	true
block	906	renderType	0
block	906	localizedName	External Distributor
block	906	hardness	2.0
block	906	hasTileEntity	true
block	906	opaqueCube	true
block	906	canCollideCheck	true
block	906	isCollidable	true
block	906	quantityDropped	1
block	906	damageDropped	0
block	906	canProvidePower	false
block	906	mobilityFlag	0
block	906	hasComparatorInputOverride	false
block	907	id	907
block	907	resistence	2.0
block	907	enableStats	true
block	907	needsRandomTick	false
block	907	bounds	0.000000-1.000000,0.000000-1.000000,0.000000-1.000000
block	907	stepSound	step.stone
block	907	particleGravity	1.0
block	907	material	circuits
block	907	isLiquid	false
block	907	isSolid	false
block	907	canBlockGrass	false
block	907	blocksMovement	false
block	907	canBurn	false
block	907	isReplaceable	false
block	907	isOpaque	false
block	907	isToolNotRequired	true
block	907	slipperiness	0.6
block	907	unlocalizedName	tile.SC2BlockDetector
block	907	isNormalCube	false
block	907	renderAsNormalBlock	true
block	907	renderType	0
block	907	localizedName	Detector Manager
block	907	hardness	2.0
block	907	hasTileEntity	true
block	907	opaqueCube	true
block	907	canCollideCheck	true
block	907	isCollidable	true
block	907	quantityDropped	1
block	907	damageDropped	0
block	907	canProvidePower	true
block	907	mobilityFlag	1
block	907	hasComparatorInputOverride	false
block	908	id	908
block	908	resistence	2.0
block	908	enableStats	true
block	908	needsRandomTick	false
block	908	bounds	0.000000-1.000000,0.000000-1.000000,0.000000-1.000000
block	908	stepSound	step.stone
block	908	particleGravity	1.0
block	908	material	rock
block	908	isLiquid	false
block	908	isSolid	true
block	908	canBlockGrass	true
block	908	blocksMovement	true
block	908	canBurn	false
block	908	isReplaceable	false
block	908	isOpaque	true
block	908	isToolNotRequired	false
block	908	slipperiness	0.6
block	908	unlocalizedName	tile.BlockUpgrade
block	908	isNormalCube	false
block	908	renderAsNormalBlock	false
block	908	renderType	0
block	908	localizedName	tile.BlockUpgrade.name
block	908	hardness	2.0
block	908	hasTileEntity	true
block	908	opaqueCube	false
block	908	canCollideCheck	true
block	908	isCollidable	true
block	908	quantityDropped	1
block	908	damageDropped	0
block	908	canProvidePower	false
block	908	mobilityFlag	0
block	908	hasComparatorInputOverride	false
block	909	id	909
block	909	resistence	2.0
block	909	enableStats	true
block	909	needsRandomTick	false
block	909	bounds	0.000000-1.000000,0.000000-1.000000,0.000000-1.000000
block	909	stepSound	step.stone
block	909	particleGravity	1.0
block	909	material	rock
block	909	isLiquid	false
block	909	isSolid	true
block	909	canBlockGrass	true
block	909	blocksMovement	true
block	909	canBurn	false
block	909	isReplaceable	false
block	909	isOpaque	true
block	909	isToolNotRequired	false
block	909	slipperiness	0.6
block	909	unlocalizedName	tile.SC2BlockLiquidManager
block	909	isNormalCube	true
block	909	renderAsNormalBlock	true
block	909	renderType	0
block	909	localizedName	Liquid Manager
block	909	hardness	2.0
block	909	hasTileEntity	true
block	909	opaqueCube	true
block	909	canCollideCheck	true
block	909	isCollidable	true
block	909	quantityDropped	1
block	909	damageDropped	0
block	909	canProvidePower	false
block	909	mobilityFlag	0
block	909	hasComparatorInputOverride	false
block	910	id	910
block	910	resistence	5.0
block	910	enableStats	true
block	910	needsRandomTick	false
block	910	bounds	0.000000-1.000000,0.000000-1.000000,0.000000-1.000000
block	910	stepSound	step.stone
block	910	particleGravity	1.0
block	910	material	iron
block	910	isLiquid	false
block	910	isSolid	true
block	910	canBlockGrass	true
block	910	blocksMovement	true
block	910	canBurn	false
block	910	isReplaceable	false
block	910	isOpaque	true
block	910	isToolNotRequired	false
block	910	slipperiness	0.6
block	910	unlocalizedName	tile.null
block	910	isNormalCube	true
block	910	renderAsNormalBlock	true
block	910	renderType	0
block	910	localizedName	tile.null.name
block	910	hardness	5.0
block	910	hasTileEntity	false
block	910	opaqueCube	true
block	910	canCollideCheck	true
block	910	isCollidable	true
block	910	quantityDropped	1
block	910	damageDropped	0
block	910	canProvidePower	false
block	910	mobilityFlag	0
block	910	hasComparatorInputOverride	false
item	901	id	901
item	901	gid	StevesCarts/tile.SC2BlockCargoManager
item	901	itemStackLimit	64
item	901	hasSubtypes	false
item	901	maxDamage	0
item	901	isDamageable	false
item	901	localizedName	tile.SC2BlockCargoManager
item	901	unlocalizedName	tile.SC2BlockCargoManager
item	901	hasContainerItem	false
item	901	statName	Cargo Manager
item	901	isMap	false
item	901	itemUseAction	none
item	901	maxItemUseDuration	0
item	901	potionEffect	null
item	901	isPotionIngredient	false
item	901	itemDisplayName	Cargo Manager
item	901	isItemTool	false
item	901	enchantability	0
item	901	isRepairable	false
item	901	isItemBlock	true
item	902	id	902
item	902	gid	StevesCarts/tile.SC2BlockCartAssembler
item	902	itemStackLimit	64
item	902	hasSubtypes	false
item	902	maxDamage	0
item	902	isDamageable	false
item	902	localizedName	tile.SC2BlockCartAssembler
item	902	unlocalizedName	tile.SC2BlockCartAssembler
item	902	hasContainerItem	false
item	902	statName	Cart Assembler
item	902	isMap	false
item	902	itemUseAction	none
item	902	maxItemUseDuration	0
item	902	potionEffect	null
item	902	isPotionIngredient	false
item	902	itemDisplayName	Cart Assembler
item	902	isItemTool	false
item	902	enchantability	0
item	902	isRepairable	false
item	902	isItemBlock	true
item	903	id	903
item	903	gid	StevesCarts/tile.SC2BlockJunction
item	903	itemStackLimit	64
item	903	hasSubtypes	false
item	903	maxDamage	0
item	903	isDamageable	false
item	903	localizedName	tile.SC2BlockJunction
item	903	unlocalizedName	tile.SC2BlockJunction
item	903	hasContainerItem	false
item	903	statName	Junction Rail
item	903	isMap	false
item	903	itemUseAction	none
item	903	maxItemUseDuration	0
item	903	potionEffect	null
item	903	isPotionIngredient	false
item	903	itemDisplayName	Junction Rail
item	903	isItemTool	false
item	903	enchantability	0
item	903	isRepairable	false
item	903	isItemBlock	true
item	904	id	904
item	904	gid	StevesCarts/tile.SC2BlockAdvDetector
item	904	itemStackLimit	64
item	904	hasSubtypes	false
item	904	maxDamage	0
item	904	isDamageable	false
item	904	localizedName	tile.SC2BlockAdvDetector
item	904	unlocalizedName	tile.SC2BlockAdvDetector
item	904	hasContainerItem	false
item	904	statName	Advanced Detector Rail
item	904	isMap	false
item	904	itemUseAction	none
item	904	maxItemUseDuration	0
item	904	potionEffect	null
item	904	isPotionIngredient	false
item	904	itemDisplayName	Advanced Detector Rail
item	904	isItemTool	false
item	904	enchantability	0
item	904	isRepairable	false
item	904	isItemBlock	true
item	905	id	905
item	905	gid	StevesCarts/tile.SC2BlockActivator
item	905	itemStackLimit	64
item	905	hasSubtypes	false
item	905	maxDamage	0
item	905	isDamageable	false
item	905	localizedName	tile.SC2BlockActivator
item	905	unlocalizedName	tile.SC2BlockActivator
item	905	hasContainerItem	false
item	905	statName	Module Toggler
item	905	isMap	false
item	905	itemUseAction	none
item	905	maxItemUseDuration	0
item	905	potionEffect	null
item	905	isPotionIngredient	false
item	905	itemDisplayName	Module Toggler
item	905	isItemTool	false
item	905	enchantability	0
item	905	isRepairable	false
item	905	isItemBlock	true
item	906	id	906
item	906	gid	StevesCarts/tile.SC2BlockDistributor
item	906	itemStackLimit	64
item	906	hasSubtypes	false
item	906	maxDamage	0
item	906	isDamageable	false
item	906	localizedName	tile.SC2BlockDistributor
item	906	unlocalizedName	tile.SC2BlockDistributor
item	906	hasContainerItem	false
item	906	statName	External Distributor
item	906	isMap	false
item	906	itemUseAction	none
item	906	maxItemUseDuration	0
item	906	potionEffect	null
item	906	isPotionIngredient	false
item	906	itemDisplayName	External Distributor
item	906	isItemTool	false
item	906	enchantability	0
item	906	isRepairable	false
item	906	isItemBlock	true
item	907	id	907
item	907	gid	StevesCarts/tile.SC2BlockDetector
item	907	itemStackLimit	64
item	907	hasSubtypes	false
item	907	maxDamage	0
item	907	isDamageable	false
item	907	localizedName	tile.SC2BlockDetector
item	907	unlocalizedName	tile.SC2BlockDetector
item	907	hasContainerItem	false
item	907	statName	Detector Manager
item	907	isMap	false
item	907	itemUseAction	none
item	907	maxItemUseDuration	0
item	907	potionEffect	null
item	907	isPotionIngredient	false
item	907	itemDisplayName	Detector Manager
item	907	isItemTool	false
item	907	enchantability	0
item	907	isRepairable	false
item	907	isItemBlock	true
item	908	id	908
item	908	gid	StevesCarts/tile.BlockUpgrade
item	908	itemStackLimit	64
item	908	hasSubtypes	true
item	908	maxDamage	0
item	908	isDamageable	false
item	908	localizedName	item.SC2batteries
item	908	unlocalizedName	tile.BlockUpgrade
item	908	hasContainerItem	false
item	908	statName	tile.BlockUpgrade.name
item	908	isMap	false
item	908	itemUseAction	none
item	908	maxItemUseDuration	0
item	908	potionEffect	null
item	908	isPotionIngredient	false
item	908	itemDisplayName	Upgrade: Batteries
item	908	isItemTool	false
item	908	enchantability	0
item	908	isRepairable	false
item	908	isItemBlock	true
item	909	id	909
item	909	gid	StevesCarts/tile.SC2BlockLiquidManager
item	909	itemStackLimit	64
item	909	hasSubtypes	false
item	909	maxDamage	0
item	909	isDamageable	false
item	909	localizedName	tile.SC2BlockLiquidManager
item	909	unlocalizedName	tile.SC2BlockLiquidManager
item	909	hasContainerItem	false
item	909	statName	Liquid Manager
item	909	isMap	false
item	909	itemUseAction	none
item	909	maxItemUseDuration	0
item	909	potionEffect	null
item	909	isPotionIngredient	false
item	909	itemDisplayName	Liquid Manager
item	909	isItemTool	false
item	909	enchantability	0
item	909	isRepairable	false
item	909	isItemBlock	true
item	910	id	910
item	910	gid	StevesCarts/id910
item	910	itemStackLimit	64
item	910	hasSubtypes	true
item	910	maxDamage	0
item	910	isDamageable	false
item	910	localizedName	item.SC2BlockStorage0
item	910	unlocalizedName	tile.null
item	910	hasContainerItem	false
item	910	statName	tile.null.name
item	910	isMap	false
item	910	itemUseAction	none
item	910	maxItemUseDuration	0
item	910	potionEffect	null
item	910	isPotionIngredient	false
item	910	itemDisplayName	Reinforced Metal Block
item	910	isItemTool	false
item	910	enchantability	0
item	910	isRepairable	false
item	910	isItemBlock	true
item	29997	id	29997
item	29997	gid	StevesCarts/item.SC2unknownmodule
item	29997	itemStackLimit	64
item	29997	hasSubtypes	true
item	29997	maxDamage	0
item	29997	isDamageable	false
item	29997	localizedName	item.SC2coal_engine
item	29997	unlocalizedName	item.SC2unknownmodule
item	29997	hasContainerItem	false
item	29997	statName	Unknown SC2 module
item	29997	isMap	false
item	29997	itemUseAction	none
item	29997	maxItemUseDuration	0
item	29997	potionEffect	null
item	29997	isPotionIngredient	false
item	29997	itemDisplayName	Coal Engine
item	29997	isItemTool	false
item	29997	enchantability	0
item	29997	isRepairable	false
item	29997	isItemBlock	false
item	29998	id	29998
item	29998	gid	StevesCarts/item.SC2unknowncomponent
item	29998	itemStackLimit	64
item	29998	hasSubtypes	true
item	29998	maxDamage	0
item	29998	isDamageable	false
item	29998	localizedName	item.SC2wooden_wheels
item	29998	unlocalizedName	item.SC2unknowncomponent
item	29998	hasContainerItem	false
item	29998	statName	Unknown SC2 Component
item	29998	isMap	false
item	29998	itemUseAction	none
item	29998	maxItemUseDuration	0
item	29998	potionEffect	null
item	29998	isPotionIngredient	false
item	29998	itemDisplayName	Wooden Wheels
item	29998	isItemTool	false
item	29998	enchantability	0
item	29998	isRepairable	false
item	29998	isItemBlock	false
item	29999	id	29999
item	29999	gid	StevesCarts/item.SC2ModularCart
item	29999	itemStackLimit	1
item	29999	hasSubtypes	true
item	29999	maxDamage	0
item	29999	isDamageable	false
item	29999	localizedName	item.SC2ModularCart
item	29999	unlocalizedName	item.SC2ModularCart
item	29999	hasContainerItem	false
item	29999	statName	Modular cart
item	29999	isMap	false
item	29999	itemUseAction	none
item	29999	maxItemUseDuration	0
item	29999	potionEffect	null
item	29999	isPotionIngredient	false
item	29999	itemDisplayName	Modular cart
item	29999	isItemTool	false
item	29999	enchantability	0
item	29999	isRepairable	false
item	29999	isItemBlock	false
recipes/smelting	StevesCarts/item.SC2unknowncomponent:18	input	29998:18
recipes/smelting	StevesCarts/item.SC2unknowncomponent:18	output	29998:19
recipes/smelting	StevesCarts/item.SC2unknowncomponent:21	input	29998:21
recipes/smelting	StevesCarts/item.SC2unknowncomponent:21	output	29998:22
recipes/smelting	StevesCarts/item.SC2unknowncomponent:46	input	29998:46
recipes/smelting	StevesCarts/item.SC2unknowncomponent:46	output	29998:47
recipes/smelting	StevesCarts/item.SC2unknowncomponent:48	input	29998:48
recipes/smelting	StevesCarts/item.SC2unknowncomponent:48	output	29998:49
recipes/smelting	StevesCarts/item.SC2unknowncomponent:11	input	29998:11
recipes/smelting	StevesCarts/item.SC2unknowncomponent:11	output	29998:12
oredict	56:0	name	oreDiamond
oredict	21:0	name	oreLapis
oredict	15:0	name	oreIron
oredict	129:0	name	oreEmerald
oredict	14:0	name	oreGold
oredict	73:0	name	oreRedstone
recipes/crafting/shaped	W=3;Minecraft/item.ingotIron:0;Minecraft/item.ingotIron:0;Minecraft/item.ingotIron:0;Minecraft/item.ingotIron:0;Minecraft/tile.furnace:0;Minecraft/item.ingotIron:0;Minecraft/tile.pistonBase:0;null;Minecraft/tile.pistonBase:0	output	29997:0
recipes/crafting/shaped	W=3;Minecraft/item.ingotIron:0;StevesCarts/item.SC2unknowncomponent:44;Minecraft/item.ingotIron:0;StevesCarts/item.SC2unknowncomponent:44;StevesCarts/item.SC2unknowncomponent:16;StevesCarts/item.SC2unknowncomponent:44;Minecraft/tile.pistonBase:0;StevesCarts/item.SC2unknowncomponent:44;Minecraft/tile.pistonBase:0	output	29997:1
recipes/crafting/shaped	W=3;StevesCarts/item.SC2unknowncomponent:32;StevesCarts/item.SC2unknowncomponent:30;StevesCarts/item.SC2unknowncomponent:32;StevesCarts/item.SC2unknowncomponent:31;StevesCarts/item.SC2unknowncomponent:33;StevesCarts/item.SC2unknowncomponent:31;StevesCarts/item.SC2unknowncomponent:32;StevesCarts/item.SC2unknowncomponent:30;StevesCarts/item.SC2unknowncomponent:32	output	29997:2
recipes/crafting/shaped	W=3;StevesCarts/item.SC2unknowncomponent:32;StevesCarts/item.SC2unknowncomponent:32;StevesCarts/item.SC2unknowncomponent:32;StevesCarts/item.SC2unknowncomponent:30;StevesCarts/item.SC2unknowncomponent:33;StevesCarts/item.SC2unknowncomponent:30;StevesCarts/item.SC2unknowncomponent:32;StevesCarts/item.SC2unknowncomponent:32;StevesCarts/item.SC2unknowncomponent:32	output	29997:3
recipes/crafting/shaped	W=3;StevesCarts/item.SC2unknowncomponent:30;StevesCarts/item.SC2unknowncomponent:31;StevesCarts/item.SC2unknowncomponent:30;StevesCarts/item.SC2unknowncomponent:30;StevesCarts/item.SC2unknowncomponent:33;StevesCarts/item.SC2unknowncomponent:30;StevesCarts/item.SC2unknowncomponent:31;StevesCarts/item.SC2unknowncomponent:31;StevesCarts/item.SC2unknowncomponent:31	output	29997:4
recipes/crafting/shaped	W=3;StevesCarts/item.SC2unknowncomponent:30;StevesCarts/item.SC2unknowncomponent:30;StevesCarts/item.SC2unknowncomponent:30;StevesCarts/item.SC2unknowncomponent:30;StevesCarts/item.SC2unknowncomponent:33;StevesCarts/item.SC2unknowncomponent:30;StevesCarts/item.SC2unknowncomponent:30;StevesCarts/item.SC2unknowncomponent:30;StevesCarts/item.SC2unknowncomponent:30	output	29997:5
recipes/crafting/shaped	W=3;StevesCarts/item.SC2unknowncomponent:36;StevesCarts/item.SC2unknowncomponent:36;StevesCarts/item.SC2unknowncomponent:36;StevesCarts/item.SC2unknowncomponent:35;StevesCarts/item.SC2unknowncomponent:33;StevesCarts/item.SC2unknowncomponent:35;StevesCarts/item.SC2unknowncomponent:39;StevesCarts/item.SC2unknowncomponent:38;StevesCarts/item.SC2unknowncomponent:39	output	29997:6
recipes/crafting/shaped	W=3;StevesCarts/item.SC2unknowncomponent:29;null;StevesCarts/item.SC2unknowncomponent:29;Minecraft/item.ingotIron:0;null;Minecraft/item.ingotIron:0;Minecraft/item.ingotIron:0;Minecraft/item.ingotIron:0;Minecraft/item.ingotIron:0	output	29997:7
recipes/crafting/shaped	W=3;Minecraft/item.ingotIron:0;Minecraft/item.diamond:0;null;null;Minecraft/item.ingotIron:0;Minecraft/item.diamond:0;Minecraft/item.ingotIron:0;Minecraft/item.diamond:0;null	output	29997:8
recipes/crafting/shaped	W=3;StevesCarts/item.SC2unknowncomponent:47;StevesCarts/item.SC2unknowncomponent:49;null;Minecraft/tile.blockDiamond:0;StevesCarts/item.SC2unknownmodule:43;StevesCarts/item.SC2unknowncomponent:49;StevesCarts/item.SC2unknowncomponent:47;StevesCarts/item.SC2unknowncomponent:49;null	output	29997:9
recipes/crafting/shaped	W=3;Minecraft/tile.stone:0;Minecraft/tile.stone:0;Minecraft/tile.stone:0;Minecraft/item.ingotIron:0;Minecraft/tile.rail:0;Minecraft/item.ingotIron:0;Minecraft/tile.stone:0;Minecraft/tile.stone:0;Minecraft/tile.stone:0	output	29997:10
recipes/crafting/shaped	W=3;Minecraft/item.ingotIron:0;Minecraft/item.ingotIron:0;Minecraft/item.ingotIron:0;StevesCarts/item.SC2unknownmodule:10;Minecraft/tile.rail:0;StevesCarts/item.SC2unknownmodule:10;Minecraft/item.ingotIron:0;Minecraft/item.ingotIron:0;Minecraft/item.ingotIron:0	output	29997:11
recipes/crafting/shaped	W=3;null;Minecraft/item.redstone:0;null;Minecraft/tile.brick:0;StevesCarts/item.SC2unknowncomponent:9;Minecraft/tile.brick:0;null;Minecraft/tile.pistonBase:0;null	output	29997:12
recipes/crafting/shaped	W=3;Minecraft/item.ingotIron:0;Minecraft/item.ingotIron:0;Minecraft/item.ingotIron:0;Minecraft/item.ingotIron:0;null;Minecraft/item.ingotIron:0;Minecraft/item.ingotIron:0;null;null	output	29997:13
recipes/crafting/shaped	W=3;Minecraft/item.diamond:0;Minecraft/item.diamond:0;Minecraft/item.diamond:0;null;Minecraft/item.ingotIron:0;null;StevesCarts/item.SC2unknowncomponent:9;Minecraft/item.ingotGold:0;StevesCarts/item.SC2unknowncomponent:9	output	29997:14
recipes/crafting/shaped	W=3;StevesCarts/item.SC2unknowncomponent:15;StevesCarts/item.SC2unknowncomponent:15;StevesCarts/item.SC2unknowncomponent:15;StevesCarts/item.SC2unknowncomponent:15;Minecraft/item.ingotIron:0;StevesCarts/item.SC2unknowncomponent:15;null;StevesCarts/item.SC2unknowncomponent:17;null	output	29997:15
recipes/crafting/shaped	W=3;Minecraft/item.ingotIron:0;Minecraft/item.glassBottle:0;Minecraft/item.ingotIron:0;null;Minecraft/tile.fenceIron:0;null	output	29997:16
recipes/crafting/shaped	W=3;null;Minecraft/item.compass:0;null;Minecraft/item.paper:0;StevesCarts/item.SC2unknowncomponent:9;Minecraft/item.paper:0;Minecraft/item.paper:0;Minecraft/item.paper:0;Minecraft/item.paper:0	output	29997:19
recipes/crafting/shaped	W=3;Minecraft/item.dyePowder:15;null;Minecraft/item.dyePowder:15;Minecraft/item.glassBottle:0;Minecraft/item.leather:0;Minecraft/item.glassBottle:0;Minecraft/item.leather:0;StevesCarts/item.SC2unknowncomponent:9;Minecraft/item.leather:0	output	29997:18
recipes/crafting/shaped	W=1;Minecraft/item.porkchopRaw:0;StevesCarts/item.SC2unknowncomponent:28	output	29997:21
recipes/crafting/shaped	W=3;Minecraft/item.redstone:0;null;Minecraft/item.redstone:0;Minecraft/item.bucketLava:0;Minecraft/item.diamond:0;Minecraft/item.bucketWater:0;Minecraft/item.ingotIron:0;StevesCarts/item.SC2unknowncomponent:16;Minecraft/item.ingotIron:0	output	29997:20
recipes/crafting/shaped	W=1;Minecraft/item.emerald:0;StevesCarts/item.SC2unknowncomponent:28	output	29997:23
recipes/crafting/shaped	W=1;Minecraft/item.diamond:0;StevesCarts/item.SC2unknowncomponent:28	output	29997:22
recipes/crafting/shaped	W=2;null;Minecraft/tile.wood:32767;null;Minecraft/tile.wood:32767;Minecraft/tile.woodSlab:0;Minecraft/tile.wood:32767	output	29997:25
recipes/crafting/shaped	W=1;Minecraft/item.slimeball:0;StevesCarts/item.SC2unknowncomponent:28	output	29997:24
recipes/crafting/shaped	W=3;null;StevesCarts/item.SC2unknowncomponent:10;null;Minecraft/item.redstone:0;StevesCarts/item.SC2unknowncomponent:14;Minecraft/item.redstone:0;Minecraft/item.ingotIron:0;Minecraft/item.ingotIron:0;StevesCarts/item.SC2unknowncomponent:13	output	29997:27
recipes/crafting/shaped	W=3;null;null;Minecraft/item.dyePowder:1;Minecraft/item.ingotIron:0;StevesCarts/item.SC2unknowncomponent:12;null;Minecraft/item.redstone:0;Minecraft/item.ingotIron:0;null	output	29997:26
recipes/crafting/shaped	W=3;null;StevesCarts/item.SC2unknowncomponent:26;null;null;StevesCarts/item.SC2unknowncomponent:25;StevesCarts/item.SC2unknowncomponent:24;Minecraft/item.ingotIron:0;StevesCarts/item.SC2unknowncomponent:27;Minecraft/item.ingotIron:0	output	29997:29
recipes/crafting/shaped	W=3;StevesCarts/item.SC2unknowncomponent:24;StevesCarts/item.SC2unknowncomponent:24;StevesCarts/item.SC2unknowncomponent:24;StevesCarts/item.SC2unknowncomponent:24;StevesCarts/item.SC2unknowncomponent:25;StevesCarts/item.SC2unknowncomponent:24;StevesCarts/item.SC2unknowncomponent:24;StevesCarts/item.SC2unknowncomponent:24;StevesCarts/item.SC2unknowncomponent:24	output	29997:28
recipes/crafting/shaped	W=3;null;StevesCarts/item.SC2unknowncomponent:6;null;StevesCarts/item.SC2unknowncomponent:6;Minecraft/item.flintAndSteel:0;StevesCarts/item.SC2unknowncomponent:6;null;StevesCarts/item.SC2unknowncomponent:6;null	output	29997:31
recipes/crafting/shaped	W=3;StevesCarts/item.SC2unknowncomponent:42;StevesCarts/item.SC2unknowncomponent:41;StevesCarts/item.SC2unknowncomponent:42;StevesCarts/item.SC2unknowncomponent:42;null;StevesCarts/item.SC2unknowncomponent:42;StevesCarts/item.SC2unknowncomponent:42;null;StevesCarts/item.SC2unknowncomponent:42	output	29997:30
recipes/crafting/shaped	W=3;Minecraft/tile.netherBrick:0;Minecraft/tile.obsidian:0;Minecraft/tile.netherBrick:0;StevesCarts/item.SC2unknownmodule:33;Minecraft/item.bucketLava:0;StevesCarts/item.SC2unknownmodule:33;Minecraft/tile.netherBrick:0;Minecraft/tile.obsidian:0;Minecraft/tile.netherBrick:0	output	29997:34
recipes/crafting/shaped	W=3;Minecraft/tile.obsidian:0;StevesCarts/item.SC2unknowncomponent:19;Minecraft/tile.obsidian:0;StevesCarts/item.SC2unknowncomponent:19;Minecraft/tile.blockDiamond:0;StevesCarts/item.SC2unknowncomponent:19;Minecraft/tile.obsidian:0;StevesCarts/item.SC2unknowncomponent:19;Minecraft/tile.obsidian:0	output	29997:32
recipes/crafting/shaped	W=3;Minecraft/tile.netherBrick:0;Minecraft/tile.lightgem:0;Minecraft/tile.netherBrick:0;Minecraft/item.yellowDust:0;Minecraft/tile.furnace:0;Minecraft/item.yellowDust:0;Minecraft/tile.netherBrick:0;Minecraft/tile.lightgem:0;Minecraft/tile.netherBrick:0	output	29997:33
recipes/crafting/shaped	W=3;Minecraft/item.ingotIron:0;null;Minecraft/item.ingotIron:0;Minecraft/item.ingotIron:0;Minecraft/item.ingotIron:0;Minecraft/item.ingotIron:0;StevesCarts/item.SC2unknowncomponent:1;null;StevesCarts/item.SC2unknowncomponent:1	output	29997:38
recipes/crafting/shaped	W=3;StevesCarts/item.SC2unknowncomponent:22;null;StevesCarts/item.SC2unknowncomponent:22;StevesCarts/item.SC2unknowncomponent:22;StevesCarts/item.SC2unknowncomponent:22;StevesCarts/item.SC2unknowncomponent:22;StevesCarts/item.SC2unknowncomponent:23;null;StevesCarts/item.SC2unknowncomponent:23	output	29997:39
recipes/crafting/shaped	W=3;null;StevesCarts/item.SC2unknowncomponent:5;null;StevesCarts/item.SC2unknowncomponent:5;Minecraft/item.eyeOfEnder:0;StevesCarts/item.SC2unknowncomponent:5;null;Minecraft/item.carrotGolden:0;null	output	29997:36
recipes/crafting/shaped	W=3;Minecraft/tile.wood:32767;null;Minecraft/tile.wood:32767;Minecraft/tile.wood:32767;Minecraft/tile.wood:32767;Minecraft/tile.wood:32767;StevesCarts/item.SC2unknowncomponent:0;null;StevesCarts/item.SC2unknowncomponent:0	output	29997:37
recipes/crafting/shaped	W=3;Minecraft/item.ingotIron:0;Minecraft/item.ingotIron:0;null;null;Minecraft/item.ingotIron:0;Minecraft/item.ingotIron:0;Minecraft/item.ingotIron:0;Minecraft/item.ingotIron:0;null	output	29997:42
recipes/crafting/shaped	W=3;StevesCarts/item.SC2unknowncomponent:20;StevesCarts/item.SC2unknowncomponent:22;null;Minecraft/tile.blockDiamond:0;StevesCarts/item.SC2unknownmodule:8;StevesCarts/item.SC2unknowncomponent:22;StevesCarts/item.SC2unknowncomponent:20;StevesCarts/item.SC2unknowncomponent:22;null	output	29997:43
recipes/crafting/shaped	W=3;Minecraft/tile.musicBlock:0;null;Minecraft/tile.musicBlock:0;Minecraft/tile.musicBlock:0;Minecraft/tile.jukebox:0;Minecraft/tile.musicBlock:0;Minecraft/tile.wood:32767;Minecraft/item.redstone:0;Minecraft/tile.wood:32767	output	29997:40
recipes/crafting/shaped	W=3;StevesCarts/item.SC2unknowncomponent:2;StevesCarts/item.SC2unknowncomponent:3;StevesCarts/item.SC2unknowncomponent:4;Minecraft/item.ingotIron:0;Minecraft/item.redstone:0;Minecraft/item.ingotIron:0;null;Minecraft/item.ingotIron:0;null	output	29997:41
recipes/crafting/shaped	W=3;Minecraft/item.ingotIron:0;Minecraft/tile.furnace:0;Minecraft/item.ingotIron:0;null;Minecraft/tile.pistonBase:0;null	output	29997:44
recipes/crafting/shaped	W=3;StevesCarts/item.SC2unknowncomponent:44;Minecraft/item.ingotIron:0;StevesCarts/item.SC2unknowncomponent:44;Minecraft/item.ingotIron:0;StevesCarts/item.SC2unknowncomponent:9;Minecraft/item.ingotIron:0;null;Minecraft/tile.pistonBase:0;null	output	29997:45
recipes/crafting/shaped	W=1;Minecraft/item.glassBottle:0;StevesCarts/item.SC2unknowncomponent:28	output	29997:51
recipes/crafting/shaped	W=3;null;Minecraft/item.enderPearl:0;null;StevesCarts/item.SC2unknowncomponent:9;Minecraft/item.ingotIron:0;StevesCarts/item.SC2unknowncomponent:9;StevesCarts/item.SC2unknowncomponent:22;StevesCarts/item.SC2unknowncomponent:16;StevesCarts/item.SC2unknowncomponent:22	output	29997:49
recipes/crafting/shaped	W=1;Minecraft/item.egg:0;StevesCarts/item.SC2unknowncomponent:28	output	29997:53
recipes/crafting/shaped	W=3;Minecraft/tile.fenceIron:0;Minecraft/tile.dispenser:0;Minecraft/tile.fenceIron:0;Minecraft/tile.workbench:0;StevesCarts/item.SC2unknowncomponent:43;Minecraft/tile.workbench:0;StevesCarts/item.SC2unknowncomponent:9;Minecraft/item.flintAndSteel:0;StevesCarts/item.SC2unknowncomponent:9	output	29997:59
recipes/crafting/shaped	W=1;Minecraft/item.netherStalkSeeds:0;StevesCarts/item.SC2unknowncomponent:28	output	29997:58
recipes/crafting/shaped	W=3;Minecraft/tile.fenceIron:0;Minecraft/tile.fenceIron:0;Minecraft/tile.fenceIron:0;Minecraft/tile.fenceIron:0;StevesCarts/item.SC2unknowncomponent:9;Minecraft/tile.fenceIron:0;Minecraft/tile.fenceIron:0;Minecraft/tile.fenceIron:0;Minecraft/tile.fenceIron:0	output	29997:57
recipes/crafting/shaped	W=3;StevesCarts/item.SC2unknowncomponent:58;Minecraft/item.ingotIron:0;StevesCarts/item.SC2unknowncomponent:58;StevesCarts/item.SC2unknowncomponent:16;Minecraft/item.redstone:0;StevesCarts/item.SC2unknowncomponent:16;Minecraft/tile.pistonBase:0;Minecraft/item.ingotIron:0;Minecraft/tile.pistonBase:0	output	29997:56
recipes/crafting/shaped	W=3;StevesCarts/item.SC2unknowncomponent:61;StevesCarts/item.SC2unknowncomponent:61;StevesCarts/item.SC2unknowncomponent:61;StevesCarts/item.SC2unknowncomponent:61;StevesCarts/item.SC2unknowncomponent:60;StevesCarts/item.SC2unknowncomponent:61;StevesCarts/item.SC2unknowncomponent:61;StevesCarts/item.SC2unknowncomponent:61;StevesCarts/item.SC2unknowncomponent:61	output	29997:63
recipes/crafting/shaped	W=3;Minecraft/item.porkchopRaw:0;null;Minecraft/item.porkchopRaw:0;Minecraft/item.porkchopRaw:0;Minecraft/item.porkchopRaw:0;Minecraft/item.porkchopRaw:0;StevesCarts/item.SC2unknowncomponent:1;null;StevesCarts/item.SC2unknowncomponent:1	output	29997:62
recipes/crafting/shaped	W=3;Minecraft/tile.netherBrick:0;Minecraft/tile.netherBrick:0;Minecraft/tile.netherBrick:0;Minecraft/tile.obsidian:0;Minecraft/tile.furnace:0;Minecraft/tile.obsidian:0;Minecraft/tile.netherBrick:0;Minecraft/tile.netherBrick:0;Minecraft/tile.netherBrick:0	output	29997:68
recipes/crafting/shaped	W=3;Minecraft/tile.netherBrick:0;Minecraft/tile.netherBrick:0;Minecraft/tile.netherBrick:0;Minecraft/tile.obsidian:0;Minecraft/tile.furnace:0;Minecraft/tile.obsidian:0;Minecraft/tile.pistonBase:0;null;Minecraft/tile.pistonBase:0	output	29997:69
recipes/crafting/shaped	W=3;Minecraft/tile.netherBrick:0;Minecraft/tile.netherBrick:0;Minecraft/tile.netherBrick:0;StevesCarts/item.SC2unknowncomponent:22;StevesCarts/item.SC2unknownmodule:69;StevesCarts/item.SC2unknowncomponent:22;Minecraft/tile.pistonBase:0;null;Minecraft/tile.pistonBase:0	output	29997:70
recipes/crafting/shaped	W=3;StevesCarts/item.SC2unknowncomponent:65;StevesCarts/item.SC2unknowncomponent:64;StevesCarts/item.SC2unknowncomponent:65;StevesCarts/item.SC2unknowncomponent:65;null;StevesCarts/item.SC2unknowncomponent:65;StevesCarts/item.SC2unknowncomponent:65;null;StevesCarts/item.SC2unknowncomponent:65	output	29997:71
recipes/crafting/shaped	W=3;StevesCarts/item.SC2unknowncomponent:63;StevesCarts/item.SC2unknowncomponent:61;StevesCarts/item.SC2unknowncomponent:63;StevesCarts/item.SC2unknowncomponent:62;StevesCarts/item.SC2unknowncomponent:60;StevesCarts/item.SC2unknowncomponent:62;StevesCarts/item.SC2unknowncomponent:63;StevesCarts/item.SC2unknowncomponent:61;StevesCarts/item.SC2unknowncomponent:63	output	29997:64
recipes/crafting/shaped	W=3;StevesCarts/item.SC2unknowncomponent:63;StevesCarts/item.SC2unknowncomponent:63;StevesCarts/item.SC2unknowncomponent:63;StevesCarts/item.SC2unknowncomponent:61;StevesCarts/item.SC2unknowncomponent:60;StevesCarts/item.SC2unknowncomponent:61;StevesCarts/item.SC2unknowncomponent:63;StevesCarts/item.SC2unknowncomponent:63;StevesCarts/item.SC2unknowncomponent:63	output	29997:65
recipes/crafting/shaped	W=3;StevesCarts/item.SC2unknowncomponent:63;StevesCarts/item.SC2unknowncomponent:63;StevesCarts/item.SC2unknowncomponent:63;StevesCarts/item.SC2unknowncomponent:63;StevesCarts/item.SC2unknowncomponent:60;StevesCarts/item.SC2unknowncomponent:63;StevesCarts/item.SC2unknowncomponent:63;StevesCarts/item.SC2unknowncomponent:63;StevesCarts/item.SC2unknowncomponent:63	output	29997:66
recipes/crafting/shaped	W=3;StevesCarts/item.SC2unknowncomponent:61;StevesCarts/item.SC2unknowncomponent:62;StevesCarts/item.SC2unknowncomponent:61;StevesCarts/item.SC2unknowncomponent:61;StevesCarts/item.SC2unknowncomponent:60;StevesCarts/item.SC2unknowncomponent:61;StevesCarts/item.SC2unknowncomponent:62;StevesCarts/item.SC2unknowncomponent:62;StevesCarts/item.SC2unknowncomponent:62	output	29997:67
recipes/crafting/shaped	W=3;null;Minecraft/tile.pistonBase:0;null;Minecraft/item.ingotIron:0;Minecraft/item.redstone:0;Minecraft/item.ingotIron:0;Minecraft/item.redstone:0;StevesCarts/item.SC2unknowncomponent:16;Minecraft/item.redstone:0	output	29997:77
recipes/crafting/shaped	W=3;StevesCarts/item.SC2unknowncomponent:80;StevesCarts/item.SC2unknowncomponent:80;StevesCarts/item.SC2unknowncomponent:80;StevesCarts/item.SC2unknowncomponent:80;Minecraft/item.diamond:0;StevesCarts/item.SC2unknowncomponent:80;null;StevesCarts/item.SC2unknowncomponent:17;null	output	29997:79
recipes/crafting/shaped	W=3;StevesCarts/item.SC2unknowncomponent:22;StevesCarts/item.SC2unknowncomponent:22;StevesCarts/item.SC2unknowncomponent:22;StevesCarts/item.SC2unknowncomponent:22;Minecraft/item.ingotIron:0;StevesCarts/item.SC2unknowncomponent:22;null;StevesCarts/item.SC2unknownmodule:15;null	output	29997:79
recipes/crafting/shaped	W=3;StevesCarts/item.SC2unknowncomponent:61;null;StevesCarts/item.SC2unknowncomponent:61;StevesCarts/item.SC2unknowncomponent:61;StevesCarts/item.SC2unknowncomponent:60;StevesCarts/item.SC2unknowncomponent:61;StevesCarts/item.SC2unknowncomponent:63;StevesCarts/item.SC2unknowncomponent:63;StevesCarts/item.SC2unknowncomponent:63	output	29997:73
recipes/crafting/shaped	W=3;Minecraft/item.ingotGold:0;Minecraft/item.ingotGold:0;Minecraft/item.ingotGold:0;Minecraft/item.ingotIron:0;StevesCarts/item.SC2unknowncomponent:16;Minecraft/item.ingotIron:0;StevesCarts/item.SC2unknowncomponent:16;Minecraft/item.redstone:0;StevesCarts/item.SC2unknowncomponent:16	output	29997:75
recipes/crafting/shaped	W=3;StevesCarts/item.SC2unknowncomponent:84;null;StevesCarts/item.SC2unknowncomponent:84;null;StevesCarts/item.SC2unknowncomponent:9;null;StevesCarts/item.SC2unknowncomponent:84;null;StevesCarts/item.SC2unknowncomponent:84	output	29997:85
recipes/crafting/shaped	W=3;StevesCarts/item.SC2unknowncomponent:47;StevesCarts/item.SC2unknowncomponent:47;StevesCarts/item.SC2unknowncomponent:47;null;StevesCarts/item.SC2unknowncomponent:22;null;StevesCarts/item.SC2unknowncomponent:16;Minecraft/item.ingotGold:0;StevesCarts/item.SC2unknowncomponent:16	output	29997:84
recipes/crafting/shaped	W=3;StevesCarts/item.SC2unknowncomponent:47;StevesCarts/item.SC2unknowncomponent:47;StevesCarts/item.SC2unknowncomponent:47;null;StevesCarts/item.SC2unknownmodule:14;null;null;StevesCarts/item.SC2unknowncomponent:9;null	output	29997:84
recipes/crafting/shaped	W=1;StevesCarts/item.SC2unknowncomponent:9;Minecraft/tile.workbench:0	output	29997:87
recipes/crafting/shaped	W=3;Minecraft/item.wheat:0;Minecraft/item.wheat:0;Minecraft/item.wheat:0;StevesCarts/item.SC2unknowncomponent:9;Minecraft/item.bucket:0;StevesCarts/item.SC2unknowncomponent:9;null;StevesCarts/item.SC2unknowncomponent:9;null	output	29997:86
recipes/crafting/shaped	W=3;StevesCarts/item.SC2unknowncomponent:47;null;StevesCarts/item.SC2unknowncomponent:47;StevesCarts/item.SC2unknowncomponent:47;StevesCarts/item.SC2unknowncomponent:47;StevesCarts/item.SC2unknowncomponent:47;StevesCarts/item.SC2unknowncomponent:82;null;StevesCarts/item.SC2unknowncomponent:82	output	29997:81
recipes/crafting/shaped	W=3;StevesCarts/item.SC2unknowncomponent:81;StevesCarts/item.SC2unknowncomponent:81;StevesCarts/item.SC2unknowncomponent:81;StevesCarts/item.SC2unknowncomponent:81;StevesCarts/item.SC2unknowncomponent:22;StevesCarts/item.SC2unknowncomponent:81;null;StevesCarts/item.SC2unknowncomponent:17;null	output	29997:80
recipes/crafting/shaped	W=3;StevesCarts/item.SC2unknowncomponent:47;StevesCarts/item.SC2unknowncomponent:47;StevesCarts/item.SC2unknowncomponent:47;StevesCarts/item.SC2unknowncomponent:47;Minecraft/item.ingotIron:0;StevesCarts/item.SC2unknowncomponent:47;null;StevesCarts/item.SC2unknownmodule:79;null	output	29997:80
recipes/crafting/shaped	W=3;Minecraft/tile.notGate:0;null;Minecraft/tile.notGate:0;StevesCarts/item.SC2unknowncomponent:45;StevesCarts/item.SC2unknowncomponent:47;StevesCarts/item.SC2unknowncomponent:45;Minecraft/item.comparator:0;StevesCarts/item.SC2unknowncomponent:16;Minecraft/item.comparator:0	output	29997:83
recipes/crafting/shaped	W=3;null;StevesCarts/item.SC2unknowncomponent:47;null;Minecraft/item.book:0;Minecraft/tile.enchantmentTable:0;Minecraft/item.book:0;Minecraft/item.redstone:0;StevesCarts/item.SC2unknowncomponent:16;Minecraft/item.redstone:0	output	29997:82
recipes/crafting/shaped	W=3;Minecraft/item.redstone:0;Minecraft/item.redstone:0;Minecraft/item.redstone:0;Minecraft/item.redstone:0;Minecraft/item.diamond:0;Minecraft/item.redstone:0;Minecraft/item.redstone:0;StevesCarts/item.SC2unknowncomponent:59;Minecraft/item.redstone:0	output	908:0
recipes/crafting/shaped	W=3;Minecraft/item.diamond:0;Minecraft/item.yellowDust:0;Minecraft/item.diamond:0;Minecraft/item.yellowDust:0;Minecraft/tile.blockEmerald:0;Minecraft/item.yellowDust:0;Minecraft/item.diamond:0;StevesCarts/tile.BlockUpgrade:0;Minecraft/item.diamond:0	output	908:1
recipes/crafting/shaped	W=3;Minecraft/item.book:0;Minecraft/tile.bookshelf:0;Minecraft/item.book:0;Minecraft/tile.bookshelf:0;Minecraft/tile.enchantmentTable:0;Minecraft/tile.bookshelf:0;StevesCarts/item.SC2unknowncomponent:22;StevesCarts/item.SC2unknowncomponent:59;StevesCarts/item.SC2unknowncomponent:22	output	908:2
recipes/crafting/shaped	W=3;Minecraft/tile.bookshelf:0;StevesCarts/item.SC2unknowncomponent:22;Minecraft/tile.bookshelf:0;StevesCarts/item.SC2unknowncomponent:45;StevesCarts/item.SC2unknowncomponent:22;StevesCarts/item.SC2unknowncomponent:45;StevesCarts/item.SC2unknowncomponent:22;StevesCarts/tile.BlockUpgrade:2;StevesCarts/item.SC2unknowncomponent:22	output	908:3
recipes/crafting/shaped	W=3;StevesCarts/item.SC2unknowncomponent:9;Minecraft/item.enchantedBook:0;StevesCarts/item.SC2unknowncomponent:9;StevesCarts/item.SC2unknowncomponent:22;StevesCarts/item.SC2unknowncomponent:16;StevesCarts/item.SC2unknowncomponent:22;StevesCarts/item.SC2unknowncomponent:22;StevesCarts/item.SC2unknowncomponent:59;StevesCarts/item.SC2unknowncomponent:22	output	908:4
recipes/crafting/shaped	W=3;Minecraft/item.redstone:0;Minecraft/item.enchantedBook:0;Minecraft/item.redstone:0;StevesCarts/item.SC2unknowncomponent:22;StevesCarts/item.SC2unknowncomponent:16;StevesCarts/item.SC2unknowncomponent:22;StevesCarts/item.SC2unknowncomponent:22;StevesCarts/item.SC2unknowncomponent:59;StevesCarts/item.SC2unknowncomponent:22	output	908:4
recipes/crafting/shaped	W=3;Minecraft/item.redstone:0;Minecraft/item.enchantedBook:0;Minecraft/item.redstone:0;Minecraft/item.ingotIron:0;StevesCarts/item.SC2unknowncomponent:16;Minecraft/item.ingotIron:0;StevesCarts/item.SC2unknowncomponent:22;StevesCarts/item.SC2unknowncomponent:59;StevesCarts/item.SC2unknowncomponent:22	output	908:4
recipes/crafting/shaped	W=3;null;Minecraft/item.enchantedBook:0;null;Minecraft/item.ingotIron:0;StevesCarts/item.SC2unknowncomponent:9;Minecraft/item.ingotIron:0;StevesCarts/item.SC2unknowncomponent:22;StevesCarts/item.SC2unknowncomponent:59;StevesCarts/item.SC2unknowncomponent:22	output	908:4
recipes/crafting/shaped	W=3;null;Minecraft/item.enchantedBook:0;null;null;Minecraft/item.redstone:0;null;Minecraft/item.ingotIron:0;StevesCarts/item.SC2unknowncomponent:59;Minecraft/item.ingotIron:0	output	908:4
recipes/crafting/shaped	W=3;StevesCarts/item.SC2unknowncomponent:47;Minecraft/item.enchantedBook:0;StevesCarts/item.SC2unknowncomponent:47;StevesCarts/item.SC2unknowncomponent:47;StevesCarts/item.SC2unknowncomponent:16;StevesCarts/item.SC2unknowncomponent:47;StevesCarts/item.SC2unknowncomponent:47;StevesCarts/tile.BlockUpgrade:4;StevesCarts/item.SC2unknowncomponent:47	output	908:5
recipes/crafting/shaped	W=3;null;Minecraft/tile.pistonBase:0;null;StevesCarts/item.SC2unknowncomponent:9;Minecraft/tile.fenceIron:0;StevesCarts/item.SC2unknowncomponent:9;StevesCarts/item.SC2unknowncomponent:40;StevesCarts/item.SC2unknowncomponent:59;StevesCarts/item.SC2unknowncomponent:40	output	908:6
recipes/crafting/shaped	W=3;null;StevesCarts/item.SC2unknowncomponent:9;null;Minecraft/tile.pistonBase:0;Minecraft/tile.furnace:0;Minecraft/tile.pistonBase:0;Minecraft/item.ingotIron:0;StevesCarts/item.SC2unknowncomponent:59;Minecraft/item.ingotIron:0	output	908:7
recipes/crafting/shaped	W=3;null;StevesCarts/item.SC2unknowncomponent:16;null;Minecraft/tile.pistonBase:0;Minecraft/tile.chest:0;Minecraft/tile.pistonBase:0;Minecraft/item.ingotIron:0;StevesCarts/item.SC2unknowncomponent:59;Minecraft/item.ingotIron:0	output	908:8
recipes/crafting/shaped	W=3;null;StevesCarts/item.SC2unknowncomponent:9;null;StevesCarts/item.SC2unknowncomponent:16;Minecraft/item.redstone:0;StevesCarts/item.SC2unknowncomponent:16;StevesCarts/item.SC2unknowncomponent:22;StevesCarts/item.SC2unknowncomponent:59;StevesCarts/item.SC2unknowncomponent:22	output	908:9
recipes/crafting/shaped	W=3;Minecraft/item.ingotIron:0;Minecraft/tile.rail:0;Minecraft/item.ingotIron:0;StevesCarts/item.SC2unknowncomponent:9;Minecraft/tile.pistonBase:0;StevesCarts/item.SC2unknowncomponent:9;Minecraft/item.ingotIron:0;StevesCarts/item.SC2unknowncomponent:59;Minecraft/item.ingotIron:0	output	908:10
recipes/crafting/shaped	W=3;Minecraft/item.ingotIron:0;null;Minecraft/item.ingotIron:0;StevesCarts/item.SC2unknowncomponent:9;Minecraft/tile.anvil:0;StevesCarts/item.SC2unknowncomponent:9;Minecraft/item.ingotIron:0;StevesCarts/item.SC2unknowncomponent:59;Minecraft/item.ingotIron:0	output	908:11
recipes/crafting/shaped	W=3;Minecraft/tile.pistonBase:0;Minecraft/tile.rail:0;Minecraft/tile.pistonBase:0;StevesCarts/item.SC2unknowncomponent:9;Minecraft/item.ingotIron:0;StevesCarts/item.SC2unknowncomponent:9;null;StevesCarts/item.SC2unknowncomponent:59;null	output	908:12
recipes/crafting/shaped	W=3;StevesCarts/item.SC2unknowncomponent:9;Minecraft/item.diode:0;StevesCarts/item.SC2unknowncomponent:9;Minecraft/tile.notGate:0;StevesCarts/item.SC2unknowncomponent:16;Minecraft/tile.notGate:0;Minecraft/item.redstone:0;StevesCarts/item.SC2unknowncomponent:59;Minecraft/item.redstone:0	output	908:13
recipes/crafting/shaped	W=3;Minecraft/tile.obsidian:0;StevesCarts/item.SC2unknowncomponent:22;Minecraft/tile.obsidian:0;StevesCarts/item.SC2unknowncomponent:22;Minecraft/tile.blockIron:0;StevesCarts/item.SC2unknowncomponent:22;Minecraft/tile.obsidian:0;StevesCarts/item.SC2unknowncomponent:59;Minecraft/tile.obsidian:0	output	908:15
recipes/crafting/shaped	W=3;StevesCarts/item.SC2unknowncomponent:45;StevesCarts/item.SC2unknowncomponent:22;null;Minecraft/item.diamond:0;Minecraft/tile.blockLapis:0;Minecraft/item.diamond:0;null;StevesCarts/tile.BlockUpgrade:15;StevesCarts/item.SC2unknowncomponent:45	output	908:16
recipes/crafting/shaped	W=3;Minecraft/item.ingotIron:0;Minecraft/item.enderPearl:0;Minecraft/item.ingotIron:0;StevesCarts/item.SC2unknowncomponent:9;StevesCarts/tile.SC2BlockDistributor:0;StevesCarts/item.SC2unknowncomponent:9;Minecraft/item.ingotIron:0;StevesCarts/item.SC2unknowncomponent:59;Minecraft/item.ingotIron:0	output	908:17
recipes/crafting/shaped	W=3;null;Minecraft/item.stick:0;null;Minecraft/item.stick:0;Minecraft/tile.wood:32767;Minecraft/item.stick:0;null;Minecraft/item.stick:0;null	output	29998:0
recipes/crafting/shaped	W=3;null;Minecraft/item.stick:0;null;Minecraft/item.stick:0;Minecraft/item.ingotIron:0;Minecraft/item.stick:0;null;Minecraft/item.stick:0;null	output	29998:1
recipes/crafting/shaped	W=3;null;Minecraft/item.yellowDust:0;null;Minecraft/item.dyePowder:1;Minecraft/item.dyePowder:1;Minecraft/item.dyePowder:1;null;Minecraft/item.yellowDust:0;null	output	29998:2
recipes/crafting/shaped	W=3;null;Minecraft/item.yellowDust:0;null;Minecraft/item.dyePowder:2;Minecraft/item.dyePowder:2;Minecraft/item.dyePowder:2;null;Minecraft/item.yellowDust:0;null	output	29998:3
recipes/crafting/shaped	W=3;null;Minecraft/item.yellowDust:0;null;Minecraft/item.dyePowder:4;Minecraft/item.dyePowder:4;Minecraft/item.dyePowder:4;null;Minecraft/item.yellowDust:0;null	output	29998:4
recipes/crafting/shaped	W=3;Minecraft/tile.thinGlass:0;Minecraft/item.fermentedSpiderEye:0;Minecraft/tile.thinGlass:0;Minecraft/tile.thinGlass:0;Minecraft/item.redstone:0;Minecraft/tile.thinGlass:0;Minecraft/tile.thinGlass:0;Minecraft/tile.thinGlass:0;Minecraft/tile.thinGlass:0	output	29998:5
recipes/crafting/shaped	W=1;Minecraft/item.string:0;Minecraft/item.string:0;Minecraft/item.string:0	output	29998:43
recipes/crafting/shaped	W=1;StevesCarts/item.SC2unknowncomponent:43;Minecraft/item.sulphur:0;Minecraft/item.sulphur:0	output	29998:6
recipes/crafting/shaped	W=3;Minecraft/item.ingotIron:0;Minecraft/item.redstone:0;Minecraft/item.ingotIron:0;Minecraft/item.redstone:0;Minecraft/item.ingotGold:0;Minecraft/item.redstone:0;Minecraft/item.ingotIron:0;Minecraft/item.redstone:0;Minecraft/item.ingotIron:0	output	29998:9
recipes/crafting/shaped	W=3;Minecraft/item.redstone:0;Minecraft/item.ingotIron:0;Minecraft/item.redstone:0;Minecraft/item.ingotIron:0;Minecraft/item.ingotGold:0;Minecraft/item.ingotIron:0;Minecraft/item.redstone:0;Minecraft/item.ingotIron:0;Minecraft/item.redstone:0	output	29998:9
recipes/crafting/shaped	W=3;Minecraft/item.ingotGold:0;Minecraft/item.diamond:0;Minecraft/item.ingotGold:0;Minecraft/tile.thinGlass:0;StevesCarts/item.SC2unknowncomponent:9;Minecraft/tile.thinGlass:0;Minecraft/item.redstone:0;Minecraft/tile.thinGlass:0;Minecraft/item.redstone:0	output	29998:10
recipes/crafting/shaped	W=3;null;null;Minecraft/item.ingotIron:0;null;Minecraft/item.ingotIron:0;null;Minecraft/item.ingotIron:0;null;null	output	29998:11
recipes/crafting/shaped	W=3;null;null;Minecraft/item.dyePowder:4;Minecraft/item.ingotGold:0;StevesCarts/item.SC2unknowncomponent:12;null;Minecraft/item.redstone:0;Minecraft/item.ingotGold:0;null	output	29998:13
recipes/crafting/shaped	W=3;Minecraft/item.ingotIron:0;Minecraft/item.stick:0;Minecraft/item.ingotIron:0;Minecraft/item.stick:0;Minecraft/item.ingotIron:0;Minecraft/item.stick:0;null;Minecraft/item.stick:0;null	output	29998:14
recipes/crafting/shaped	W=3;Minecraft/item.ingotIron:0;Minecraft/item.ingotIron:0;Minecraft/item.diamond:0	output	29998:15
recipes/crafting/shaped	W=3;Minecraft/item.redstone:0;Minecraft/item.ingotIron:0;Minecraft/item.redstone:0;StevesCarts/item.SC2unknowncomponent:9;Minecraft/item.ingotIron:0;StevesCarts/item.SC2unknowncomponent:9;Minecraft/item.redstone:0;Minecraft/item.ingotIron:0;Minecraft/item.redstone:0	output	29998:16
recipes/crafting/shaped	W=3;Minecraft/tile.sapling:32767;Minecraft/tile.sapling:32767;Minecraft/tile.sapling:32767;Minecraft/tile.sapling:32767;StevesCarts/item.SC2unknowncomponent:16;Minecraft/tile.sapling:32767;Minecraft/tile.sapling:32767;Minecraft/tile.sapling:32767;Minecraft/tile.sapling:32767	output	29998:17
recipes/crafting/shaped	W=3;Minecraft/tile.obsidian:0;null;Minecraft/tile.obsidian:0;null;Minecraft/item.diamond:0;null;Minecraft/tile.obsidian:0;null;Minecraft/tile.obsidian:0	output	29998:18
recipes/crafting/shaped	W=3;Minecraft/tile.fenceIron:0;StevesCarts/item.SC2unknowncomponent:19;Minecraft/tile.fenceIron:0;StevesCarts/item.SC2unknowncomponent:19;Minecraft/tile.fenceIron:0;StevesCarts/item.SC2unknowncomponent:19;Minecraft/tile.fenceIron:0;StevesCarts/item.SC2unknowncomponent:19;Minecraft/tile.fenceIron:0	output	29998:20
recipes/crafting/shaped	W=3;Minecraft/item.ingotIron:0;StevesCarts/item.SC2unknowncomponent:20;Minecraft/item.ingotIron:0;Minecraft/item.ingotIron:0;Minecraft/item.ingotIron:0;Minecraft/item.ingotIron:0;StevesCarts/item.SC2unknowncomponent:19;StevesCarts/item.SC2unknowncomponent:20;StevesCarts/item.SC2unknowncomponent:19	output	29998:21
recipes/crafting/shaped	W=3;null;Minecraft/item.ingotIron:0;null;Minecraft/item.ingotIron:0;StevesCarts/item.SC2unknowncomponent:22;Minecraft/item.ingotIron:0;null;Minecraft/item.ingotIron:0;null	output	29998:23
recipes/crafting/shaped	W=3;Minecraft/tile.stone:0;Minecraft/tile.stone:0;Minecraft/tile.stone:0;Minecraft/item.ingotIron:0;null;null	output	29998:24
recipes/crafting/shaped	W=3;Minecraft/item.redstone:0;null;Minecraft/item.redstone:0;Minecraft/item.redstone:0;Minecraft/item.ingotGold:0;Minecraft/item.redstone:0;Minecraft/tile.dispenser:0;StevesCarts/item.SC2unknowncomponent:9;Minecraft/tile.dispenser:0	output	29998:25
recipes/crafting/shaped	W=3;Minecraft/item.ingotGold:0;StevesCarts/item.SC2unknowncomponent:9;Minecraft/item.ingotGold:0;Minecraft/item.redstone:0;StevesCarts/item.SC2unknowncomponent:16;Minecraft/item.redstone:0;Minecraft/item.redstone:0;null;Minecraft/item.redstone:0	output	29998:26
recipes/crafting/shaped	W=3;Minecraft/item.ingotIron:0;Minecraft/item.redstone:0;Minecraft/item.ingotIron:0;Minecraft/item.ingotIron:0;StevesCarts/item.SC2unknowncomponent:9;Minecraft/item.ingotIron:0;Minecraft/item.ingotIron:0;Minecraft/item.ingotIron:0;Minecraft/item.ingotIron:0	output	29998:27
recipes/crafting/shaped	W=1;Minecraft/item.redstone:0;StevesCarts/item.SC2unknowncomponent:9	output	29998:28
recipes/crafting/shaped	W=3;Minecraft/tile.torch:0;Minecraft/tile.torch:0;Minecraft/tile.torch:0	output	29998:29
recipes/crafting/shaped	W=3;Minecraft/tile.wood:32767;Minecraft/tile.wood:32767;Minecraft/tile.wood:32767;Minecraft/tile.log:32767;Minecraft/tile.wood:32767;Minecraft/tile.log:32767;Minecraft/tile.wood:32767;Minecraft/tile.wood:32767;Minecraft/tile.wood:32767	output	29998:30
recipes/crafting/shaped	W=2;StevesCarts/item.SC2unknowncomponent:30;StevesCarts/item.SC2unknowncomponent:30;StevesCarts/item.SC2unknowncomponent:30;StevesCarts/item.SC2unknowncomponent:30	output	29998:31
recipes/crafting/shaped	W=3;StevesCarts/item.SC2unknowncomponent:30;StevesCarts/item.SC2unknowncomponent:30;StevesCarts/item.SC2unknowncomponent:30;StevesCarts/item.SC2unknowncomponent:30;StevesCarts/item.SC2unknowncomponent:30;StevesCarts/item.SC2unknowncomponent:30;StevesCarts/item.SC2unknowncomponent:30;StevesCarts/item.SC2unknowncomponent:30;StevesCarts/item.SC2unknowncomponent:30	output	29998:32
recipes/crafting/shaped	W=1;Minecraft/item.ingotIron:0;Minecraft/tile.stone:0	output	29998:33
recipes/crafting/shaped	W=1;Minecraft/tile.stone:0;Minecraft/item.ingotIron:0	output	29998:33
recipes/crafting/shaped	W=3;StevesCarts/item.SC2unknowncomponent:30;StevesCarts/item.SC2unknowncomponent:30;StevesCarts/item.SC2unknowncomponent:30;StevesCarts/item.SC2unknowncomponent:30;Minecraft/item.ingotIron:0;StevesCarts/item.SC2unknowncomponent:30;StevesCarts/item.SC2unknowncomponent:30;StevesCarts/item.SC2unknowncomponent:30;StevesCarts/item.SC2unknowncomponent:30	output	29998:34
recipes/crafting/shaped	W=2;StevesCarts/item.SC2unknowncomponent:34;StevesCarts/item.SC2unknowncomponent:34;StevesCarts/item.SC2unknowncomponent:34;StevesCarts/item.SC2unknowncomponent:34	output	29998:35
recipes/crafting/shaped	W=3;StevesCarts/item.SC2unknowncomponent:34;StevesCarts/item.SC2unknowncomponent:34;StevesCarts/item.SC2unknowncomponent:34;StevesCarts/item.SC2unknowncomponent:34;StevesCarts/item.SC2unknowncomponent:34;StevesCarts/item.SC2unknowncomponent:34;StevesCarts/item.SC2unknowncomponent:34;StevesCarts/item.SC2unknowncomponent:34;StevesCarts/item.SC2unknowncomponent:34	output	29998:36
recipes/crafting/shaped	W=1;StevesCarts/item.SC2unknowncomponent:34;Minecraft/item.redstone:0	output	29998:37
recipes/crafting/shaped	W=1;Minecraft/item.redstone:0;StevesCarts/item.SC2unknowncomponent:34	output	29998:37
recipes/crafting/shaped	W=3;null;StevesCarts/item.SC2unknowncomponent:37;null;StevesCarts/item.SC2unknowncomponent:37;Minecraft/item.redstone:0;StevesCarts/item.SC2unknowncomponent:37;null;StevesCarts/item.SC2unknowncomponent:37;null	output	29998:38
recipes/crafting/shaped	W=3;StevesCarts/item.SC2unknowncomponent:37;StevesCarts/item.SC2unknowncomponent:37;StevesCarts/item.SC2unknowncomponent:37;StevesCarts/item.SC2unknowncomponent:37;StevesCarts/item.SC2unknowncomponent:9;StevesCarts/item.SC2unknowncomponent:37;StevesCarts/item.SC2unknowncomponent:37;StevesCarts/item.SC2unknowncomponent:37;StevesCarts/item.SC2unknowncomponent:37	output	29998:39
recipes/crafting/shaped	W=3;Minecraft/tile.fenceIron:0;Minecraft/item.redstone:0;Minecraft/tile.fenceIron:0;Minecraft/item.redstone:0;null;Minecraft/item.redstone:0;Minecraft/tile.fenceIron:0;Minecraft/item.redstone:0;Minecraft/tile.fenceIron:0	output	29998:40
recipes/crafting/shaped	W=3;StevesCarts/item.SC2unknowncomponent:40;Minecraft/item.ingotIron:0;StevesCarts/item.SC2unknowncomponent:40;StevesCarts/item.SC2unknowncomponent:42;StevesCarts/item.SC2unknowncomponent:42;StevesCarts/item.SC2unknowncomponent:42;Minecraft/item.ingotIron:0;StevesCarts/item.SC2unknowncomponent:42;Minecraft/item.ingotIron:0	output	29998:41
recipes/crafting/shaped	W=3;Minecraft/item.dyePowder:14;Minecraft/item.ingotIron:0;Minecraft/item.dyePowder:14;Minecraft/item.dyePowder:14;Minecraft/item.ingotIron:0;Minecraft/item.dyePowder:14;Minecraft/item.dyePowder:14;Minecraft/item.ingotIron:0;Minecraft/item.dyePowder:14	output	29998:42
recipes/crafting/shaped	W=2;Minecraft/item.yellowDust:0;Minecraft/item.redstone:0;Minecraft/item.ingotIron:0;Minecraft/item.yellowDust:0	output	29998:44
recipes/crafting/shaped	W=3;Minecraft/item.magmaCream:0;Minecraft/item.fermentedSpiderEye:0;Minecraft/item.magmaCream:0;Minecraft/item.ghastTear:0;Minecraft/item.eyeOfEnder:0;Minecraft/item.ghastTear:0;Minecraft/item.magmaCream:0;Minecraft/item.fermentedSpiderEye:0;Minecraft/item.magmaCream:0	output	29998:45
recipes/crafting/shaped	W=3;Minecraft/item.yellowDust:0;Minecraft/tile.blockDiamond:0;Minecraft/item.yellowDust:0;StevesCarts/item.SC2unknowncomponent:45;Minecraft/item.yellowDust:0;StevesCarts/item.SC2unknowncomponent:45;StevesCarts/item.SC2unknowncomponent:21;StevesCarts/item.SC2unknowncomponent:45;StevesCarts/item.SC2unknowncomponent:21	output	29998:46
recipes/crafting/shaped	W=3;StevesCarts/item.SC2unknowncomponent:46;StevesCarts/item.SC2unknowncomponent:46;StevesCarts/item.SC2unknowncomponent:46;StevesCarts/item.SC2unknowncomponent:46;StevesCarts/item.SC2unknowncomponent:46;StevesCarts/item.SC2unknowncomponent:46;StevesCarts/item.SC2unknowncomponent:46;StevesCarts/item.SC2unknowncomponent:46;StevesCarts/item.SC2unknowncomponent:46	output	29998:48
recipes/crafting/shaped	W=3;StevesCarts/item.SC2unknowncomponent:44;null;StevesCarts/item.SC2unknowncomponent:44;Minecraft/item.ingotIron:0;StevesCarts/item.SC2unknowncomponent:9;Minecraft/item.ingotIron:0;StevesCarts/item.SC2unknowncomponent:44;null;StevesCarts/item.SC2unknowncomponent:44	output	29998:58
recipes/crafting/shaped	W=3;StevesCarts/item.SC2unknowncomponent:44;Minecraft/item.ingotIron:0;StevesCarts/item.SC2unknowncomponent:44;null;StevesCarts/item.SC2unknowncomponent:9;null;StevesCarts/item.SC2unknowncomponent:44;Minecraft/item.ingotIron:0;StevesCarts/item.SC2unknowncomponent:44	output	29998:58
recipes/crafting/shaped	W=3;Minecraft/item.ingotIron:0;Minecraft/item.ingotIron:0;Minecraft/item.ingotIron:0;StevesCarts/item.SC2unknowncomponent:22;Minecraft/item.redstone:0;StevesCarts/item.SC2unknowncomponent:22;Minecraft/item.ingotIron:0;StevesCarts/item.SC2unknowncomponent:16;Minecraft/item.ingotIron:0	output	29998:59
recipes/crafting/shaped	W=3;null;Minecraft/item.ingotIron:0;null;Minecraft/item.ingotIron:0;Minecraft/tile.fenceIron:0;Minecraft/item.ingotIron:0;null;Minecraft/item.ingotIron:0;null	output	29998:60
recipes/crafting/shaped	W=3;Minecraft/tile.thinGlass:0;Minecraft/tile.thinGlass:0;Minecraft/tile.thinGlass:0;Minecraft/tile.glass:0;Minecraft/tile.thinGlass:0;Minecraft/tile.glass:0;Minecraft/tile.thinGlass:0;Minecraft/tile.thinGlass:0;Minecraft/tile.thinGlass:0	output	29998:61
recipes/crafting/shaped	W=2;StevesCarts/item.SC2unknowncomponent:61;StevesCarts/item.SC2unknowncomponent:61;StevesCarts/item.SC2unknowncomponent:61;StevesCarts/item.SC2unknowncomponent:61	output	29998:62
recipes/crafting/shaped	W=3;StevesCarts/item.SC2unknowncomponent:61;StevesCarts/item.SC2unknowncomponent:61;StevesCarts/item.SC2unknowncomponent:61;StevesCarts/item.SC2unknowncomponent:61;StevesCarts/item.SC2unknowncomponent:61;StevesCarts/item.SC2unknowncomponent:61;StevesCarts/item.SC2unknowncomponent:61;StevesCarts/item.SC2unknowncomponent:61;StevesCarts/item.SC2unknowncomponent:61	output	29998:63
recipes/crafting/shaped	W=3;StevesCarts/item.SC2unknowncomponent:40;Minecraft/item.ingotIron:0;StevesCarts/item.SC2unknowncomponent:40;StevesCarts/item.SC2unknowncomponent:65;StevesCarts/item.SC2unknowncomponent:65;StevesCarts/item.SC2unknowncomponent:65;Minecraft/item.ingotIron:0;StevesCarts/item.SC2unknowncomponent:65;Minecraft/item.ingotIron:0	output	29998:64
recipes/crafting/shaped	W=3;Minecraft/item.dyePowder:2;Minecraft/item.ingotIron:0;Minecraft/item.dyePowder:2;Minecraft/item.dyePowder:2;Minecraft/item.ingotIron:0;Minecraft/item.dyePowder:2;Minecraft/item.dyePowder:2;Minecraft/item.ingotIron:0;Minecraft/item.dyePowder:2	output	29998:65
recipes/crafting/shaped	W=1;StevesCarts/item.SC2unknowncomponent:72	output	5:0
recipes/crafting/shaped	W=1;StevesCarts/item.SC2unknowncomponent:73	output	280:0
recipes/crafting/shaped	W=1;StevesCarts/item.SC2unknowncomponent:74	output	5:1
recipes/crafting/shaped	W=1;StevesCarts/item.SC2unknowncomponent:75	output	280:0
recipes/crafting/shaped	W=1;StevesCarts/item.SC2unknowncomponent:76	output	5:2
recipes/crafting/shaped	W=1;StevesCarts/item.SC2unknowncomponent:77	output	280:0
recipes/crafting/shaped	W=1;StevesCarts/item.SC2unknowncomponent:78	output	5:3
recipes/crafting/shaped	W=1;StevesCarts/item.SC2unknowncomponent:79	output	280:0
recipes/crafting/shaped	W=3;Minecraft/item.ingotIron:0;Minecraft/item.ingotIron:0;StevesCarts/item.SC2unknowncomponent:22	output	29998:80
recipes/crafting/shaped	W=3;Minecraft/item.ingotIron:0;Minecraft/item.ingotIron:0;StevesCarts/item.SC2unknowncomponent:47	output	29998:81
recipes/crafting/shaped	W=3;null;StevesCarts/item.SC2unknowncomponent:22;null;StevesCarts/item.SC2unknowncomponent:22;StevesCarts/item.SC2unknowncomponent:47;StevesCarts/item.SC2unknowncomponent:22;null;StevesCarts/item.SC2unknowncomponent:22;null	output	29998:82
recipes/crafting/shaped	W=3;null;Minecraft/item.shears:0;null;Minecraft/item.ingotIron:0;Minecraft/item.ingotIron:0;Minecraft/item.ingotIron:0;null;Minecraft/item.ingotIron:0;null	output	29998:83
recipes/crafting/shaped	W=3;StevesCarts/item.SC2unknowncomponent:83;null;StevesCarts/item.SC2unknowncomponent:83;null;StevesCarts/item.SC2unknowncomponent:22;null;StevesCarts/item.SC2unknowncomponent:83;null;StevesCarts/item.SC2unknowncomponent:83	output	29998:84
recipes/crafting/shaped	W=3;StevesCarts/item.SC2unknowncomponent:35;StevesCarts/item.SC2unknowncomponent:36;StevesCarts/item.SC2unknowncomponent:35;StevesCarts/item.SC2unknowncomponent:36;StevesCarts/item.SC2unknowncomponent:38;StevesCarts/item.SC2unknowncomponent:36;StevesCarts/item.SC2unknowncomponent:35;StevesCarts/item.SC2unknowncomponent:36;StevesCarts/item.SC2unknowncomponent:35	output	901:0
recipes/crafting/shaped	W=3;Minecraft/item.dyePowder:14;Minecraft/item.ingotGold:0;Minecraft/item.dyePowder:4;Minecraft/tile.stone:0;Minecraft/item.ingotIron:0;Minecraft/tile.stone:0;Minecraft/item.redstone:0;StevesCarts/item.SC2unknowncomponent:16;Minecraft/item.redstone:0	output	905:0
recipes/crafting/shaped	W=3;Minecraft/tile.stone:0;StevesCarts/item.SC2unknowncomponent:9;Minecraft/tile.stone:0;StevesCarts/item.SC2unknowncomponent:9;Minecraft/item.redstone:0;StevesCarts/item.SC2unknowncomponent:9;Minecraft/tile.stone:0;StevesCarts/item.SC2unknowncomponent:9;Minecraft/tile.stone:0	output	906:0
recipes/crafting/shaped	W=3;Minecraft/item.ingotIron:0;Minecraft/tile.stone:0;Minecraft/item.ingotIron:0;Minecraft/tile.stone:0;Minecraft/item.ingotIron:0;Minecraft/tile.stone:0;StevesCarts/item.SC2unknowncomponent:9;Minecraft/tile.stone:0;StevesCarts/item.SC2unknowncomponent:9	output	902:0
recipes/crafting/shaped	W=3;null;Minecraft/item.redstone:0;null;Minecraft/item.redstone:0;Minecraft/tile.rail:0;Minecraft/item.redstone:0;null;Minecraft/item.redstone:0;null	output	903:0
recipes/crafting/shaped	W=3;Minecraft/item.ingotIron:0;Minecraft/tile.pressurePlate:0;Minecraft/item.ingotIron:0;Minecraft/item.ingotIron:0;Minecraft/item.redstone:0;Minecraft/item.ingotIron:0;Minecraft/item.ingotIron:0;Minecraft/tile.pressurePlate:0;Minecraft/item.ingotIron:0	output	904:0
recipes/crafting/shaped	W=3;Minecraft/item.ingotIron:0;StevesCarts/item.SC2unknowncomponent:9;Minecraft/item.ingotIron:0;Minecraft/item.redstone:0;Minecraft/tile.pressurePlate:0;Minecraft/item.redstone:0;Minecraft/item.ingotIron:0;StevesCarts/item.SC2unknowncomponent:9;Minecraft/item.ingotIron:0	output	907:0
recipes/crafting/shaped	W=3;StevesCarts/item.SC2unknownmodule:66;Minecraft/item.ingotIron:0;StevesCarts/item.SC2unknownmodule:66;Minecraft/item.ingotIron:0;StevesCarts/item.SC2unknowncomponent:60;Minecraft/item.ingotIron:0;StevesCarts/item.SC2unknownmodule:66;Minecraft/item.ingotIron:0;StevesCarts/item.SC2unknownmodule:66	output	909:0
recipes/crafting/shaped	W=3;StevesCarts/item.SC2unknowncomponent:22;StevesCarts/item.SC2unknowncomponent:22;StevesCarts/item.SC2unknowncomponent:22;StevesCarts/item.SC2unknowncomponent:22;StevesCarts/item.SC2unknowncomponent:22;StevesCarts/item.SC2unknowncomponent:22;StevesCarts/item.SC2unknowncomponent:22;StevesCarts/item.SC2unknowncomponent:22;StevesCarts/item.SC2unknowncomponent:22	output	910:0
recipes/crafting/shaped	W=1;StevesCarts/id910:0	output	29998:22
recipes/crafting/shaped	W=3;StevesCarts/item.SC2unknowncomponent:47;StevesCarts/item.SC2unknowncomponent:47;StevesCarts/item.SC2unknowncomponent:47;StevesCarts/item.SC2unknowncomponent:47;StevesCarts/item.SC2unknowncomponent:47;StevesCarts/item.SC2unknowncomponent:47;StevesCarts/item.SC2unknowncomponent:47;StevesCarts/item.SC2unknowncomponent:47;StevesCarts/item.SC2unknowncomponent:47	output	910:1
recipes/crafting/shaped	W=1;StevesCarts/id910:1	output	29998:47
recipes/crafting/shaped	W=3;StevesCarts/item.SC2unknowncomponent:49;StevesCarts/item.SC2unknowncomponent:49;StevesCarts/item.SC2unknowncomponent:49;StevesCarts/item.SC2unknowncomponent:49;StevesCarts/item.SC2unknowncomponent:49;StevesCarts/item.SC2unknowncomponent:49;StevesCarts/item.SC2unknowncomponent:49;StevesCarts/item.SC2unknowncomponent:49;StevesCarts/item.SC2unknowncomponent:49	output	910:2
recipes/crafting/shaped	W=1;StevesCarts/id910:2	output	29998:49
