block	2400	id	2400
block	2400	resistence	5.0
block	2400	enableStats	true
block	2400	needsRandomTick	true
block	2400	bounds	0.000000-1.000000,0.000000-1.000000,0.000000-1.000000
block	2400	stepSound	thaumcraft.gore
block	2400	particleGravity	1.0
block	2400	material	clay
block	2400	isLiquid	false
block	2400	isSolid	true
block	2400	canBlockGrass	true
block	2400	blocksMovement	true
block	2400	canBurn	false
block	2400	isReplaceable	false
block	2400	isOpaque	true
block	2400	isToolNotRequired	true
block	2400	slipperiness	0.6
block	2400	unlocalizedName	tile.blockFluxGoo
block	2400	isNormalCube	false
block	2400	renderAsNormalBlock	false
block	2400	renderType	-1
block	2400	localizedName	tile.blockFluxGoo.name
block	2400	hardness	5.0
block	2400	hasTileEntity	false
block	2400	opaqueCube	false
block	2400	canCollideCheck	true
block	2400	isCollidable	true
block	2400	quantityDropped	1
block	2400	damageDropped	0
block	2400	canProvidePower	false
block	2400	mobilityFlag	0
block	2400	hasComparatorInputOverride	false
block	2401	id	2401
block	2401	resistence	-1.0
block	2401	enableStats	true
block	2401	needsRandomTick	true
block	2401	bounds	0.000000-1.000000,0.000000-1.000000,0.000000-1.000000
block	2401	stepSound	step.stone
block	2401	particleGravity	1.0
block	2401	material	rock
block	2401	isLiquid	false
block	2401	isSolid	true
block	2401	canBlockGrass	true
block	2401	blocksMovement	true
block	2401	canBurn	false
block	2401	isReplaceable	false
block	2401	isOpaque	true
block	2401	isToolNotRequired	false
block	2401	slipperiness	0.6
block	2401	unlocalizedName	tile.blockHole
block	2401	isNormalCube	false
block	2401	renderAsNormalBlock	false
block	2401	renderType	0
block	2401	localizedName	Empty Space
block	2401	hardness	-1.0
block	2401	hasTileEntity	true
block	2401	opaqueCube	false
block	2401	canCollideCheck	true
block	2401	isCollidable	true
block	2401	quantityDropped	1
block	2401	damageDropped	0
block	2401	canProvidePower	false
block	2401	mobilityFlag	0
block	2401	hasComparatorInputOverride	false
block	2402	id	2402
block	2402	resistence	1.5
block	2402	enableStats	true
block	2402	needsRandomTick	true
block	2402	bounds	0.000000-1.000000,0.000000-1.000000,0.000000-1.000000
block	2402	stepSound	step.stone
block	2402	particleGravity	1.0
block	2402	material	rock
block	2402	isLiquid	false
block	2402	isSolid	true
block	2402	canBlockGrass	true
block	2402	blocksMovement	true
block	2402	canBurn	false
block	2402	isReplaceable	false
block	2402	isOpaque	true
block	2402	isToolNotRequired	false
block	2402	slipperiness	0.6
block	2402	unlocalizedName	tile.blockCustomOre
block	2402	isNormalCube	false
block	2402	renderAsNormalBlock	false
block	2402	renderType	-1
block	2402	localizedName	tile.blockCustomOre.name
block	2402	hardness	1.5
block	2402	hasTileEntity	false
block	2402	opaqueCube	true
block	2402	canCollideCheck	true
block	2402	isCollidable	true
block	2402	quantityDropped	1
block	2402	damageDropped	0
block	2402	canProvidePower	false
block	2402	mobilityFlag	0
block	2402	hasComparatorInputOverride	false
block	2403	id	2403
block	2403	resistence	0.0
block	2403	enableStats	true
block	2403	needsRandomTick	true
block	2403	bounds	0.100000-0.900000,0.000000-0.800000,0.100000-0.900000
block	2403	stepSound	step.grass
block	2403	particleGravity	1.0
block	2403	material	plants
block	2403	isLiquid	false
block	2403	isSolid	false
block	2403	canBlockGrass	false
block	2403	blocksMovement	false
block	2403	canBurn	false
block	2403	isReplaceable	false
block	2403	isOpaque	false
block	2403	isToolNotRequired	true
block	2403	slipperiness	0.6
block	2403	unlocalizedName	tile.blockCustomPlant
block	2403	isNormalCube	false
block	2403	renderAsNormalBlock	false
block	2403	renderType	1
block	2403	localizedName	tile.blockCustomPlant.name
block	2403	hardness	0.0
block	2403	hasTileEntity	false
block	2403	opaqueCube	false
block	2403	canCollideCheck	true
block	2403	isCollidable	true
block	2403	quantityDropped	1
block	2403	damageDropped	0
block	2403	canProvidePower	false
block	2403	mobilityFlag	1
block	2403	hasComparatorInputOverride	false
block	2404	id	2404
block	2404	resistence	2.5
block	2404	enableStats	true
block	2404	needsRandomTick	false
block	2404	bounds	0.000000-1.000000,0.000000-1.000000,0.000000-1.000000
block	2404	stepSound	step.wood
block	2404	particleGravity	1.0
block	2404	material	wood
block	2404	isLiquid	false
block	2404	isSolid	true
block	2404	canBlockGrass	true
block	2404	blocksMovement	true
block	2404	canBurn	true
block	2404	isReplaceable	false
block	2404	isOpaque	true
block	2404	isToolNotRequired	true
block	2404	slipperiness	0.6
block	2404	unlocalizedName	tile.blockMagicalLog
block	2404	isNormalCube	true
block	2404	renderAsNormalBlock	true
block	2404	renderType	31
block	2404	localizedName	tile.blockMagicalLog.name
block	2404	hardness	2.5
block	2404	hasTileEntity	false
block	2404	opaqueCube	true
block	2404	canCollideCheck	true
block	2404	isCollidable	true
block	2404	quantityDropped	1
block	2404	damageDropped	0
block	2404	canProvidePower	false
block	2404	mobilityFlag	0
block	2404	hasComparatorInputOverride	false
block	2405	id	2405
block	2405	resistence	0.2
block	2405	enableStats	true
block	2405	needsRandomTick	true
block	2405	bounds	0.000000-1.000000,0.000000-1.000000,0.000000-1.000000
block	2405	stepSound	step.grass
block	2405	particleGravity	1.0
block	2405	material	leaves
block	2405	isLiquid	false
block	2405	isSolid	true
block	2405	canBlockGrass	true
block	2405	blocksMovement	true
block	2405	canBurn	true
block	2405	isReplaceable	false
block	2405	isOpaque	false
block	2405	isToolNotRequired	true
block	2405	slipperiness	0.6
block	2405	unlocalizedName	tile.blockMagicalLeaves
block	2405	isNormalCube	false
block	2405	renderAsNormalBlock	true
block	2405	renderType	0
block	2405	localizedName	tile.blockMagicalLeaves.name
block	2405	hardness	0.2
block	2405	hasTileEntity	false
block	2405	opaqueCube	true
block	2405	canCollideCheck	true
block	2405	isCollidable	true
block	2405	quantityDropped	0
block	2405	damageDropped	0
block	2405	canProvidePower	false
block	2405	mobilityFlag	1
block	2405	hasComparatorInputOverride	false
block	2406	id	2406
block	2406	resistence	10.0
block	2406	enableStats	true
block	2406	needsRandomTick	false
block	2406	bounds	0.000000-1.000000,0.000000-1.000000,0.000000-1.000000
block	2406	stepSound	step.stone
block	2406	particleGravity	1.0
block	2406	material	rock
block	2406	isLiquid	false
block	2406	isSolid	true
block	2406	canBlockGrass	true
block	2406	blocksMovement	true
block	2406	canBurn	false
block	2406	isReplaceable	false
block	2406	isOpaque	true
block	2406	isToolNotRequired	false
block	2406	slipperiness	0.6
block	2406	unlocalizedName	tile.blockArcaneFurnace
block	2406	isNormalCube	false
block	2406	renderAsNormalBlock	false
block	2406	renderType	-1
block	2406	localizedName	tile.blockArcaneFurnace.name
block	2406	hardness	10.0
block	2406	hasTileEntity	true
block	2406	opaqueCube	false
block	2406	canCollideCheck	true
block	2406	isCollidable	true
block	2406	quantityDropped	1
block	2406	damageDropped	0
block	2406	canProvidePower	false
block	2406	mobilityFlag	0
block	2406	hasComparatorInputOverride	false
block	2407	id	2407
block	2407	resistence	3.0
block	2407	enableStats	true
block	2407	needsRandomTick	false
block	2407	bounds	0.000000-1.000000,0.000000-1.000000,0.000000-1.000000
block	2407	stepSound	step.stone
block	2407	particleGravity	1.0
block	2407	material	iron
block	2407	isLiquid	false
block	2407	isSolid	true
block	2407	canBlockGrass	true
block	2407	blocksMovement	true
block	2407	canBurn	false
block	2407	isReplaceable	false
block	2407	isOpaque	true
block	2407	isToolNotRequired	false
block	2407	slipperiness	0.6
block	2407	unlocalizedName	tile.blockCrucible
block	2407	isNormalCube	false
block	2407	renderAsNormalBlock	false
block	2407	renderType	-1
block	2407	localizedName	tile.blockCrucible.name
block	2407	hardness	3.0
block	2407	hasTileEntity	true
block	2407	opaqueCube	false
block	2407	canCollideCheck	true
block	2407	isCollidable	true
block	2407	quantityDropped	1
block	2407	damageDropped	0
block	2407	canProvidePower	false
block	2407	mobilityFlag	0
block	2407	hasComparatorInputOverride	false
block	2408	id	2408
block	2408	resistence	2.5
block	2408	enableStats	true
block	2408	needsRandomTick	false
block	2408	bounds	0.000000-1.000000,0.000000-1.000000,0.000000-1.000000
block	2408	stepSound	step.wood
block	2408	particleGravity	1.0
block	2408	material	wood
block	2408	isLiquid	false
block	2408	isSolid	true
block	2408	canBlockGrass	true
block	2408	blocksMovement	true
block	2408	canBurn	true
block	2408	isReplaceable	false
block	2408	isOpaque	true
block	2408	isToolNotRequired	true
block	2408	slipperiness	0.6
block	2408	unlocalizedName	tile.blockMarker
block	2408	isNormalCube	false
block	2408	renderAsNormalBlock	false
block	2408	renderType	-1
block	2408	localizedName	tile.blockMarker.name
block	2408	hardness	2.5
block	2408	hasTileEntity	true
block	2408	opaqueCube	true
block	2408	canCollideCheck	true
block	2408	isCollidable	true
block	2408	quantityDropped	1
block	2408	damageDropped	0
block	2408	canProvidePower	false
block	2408	mobilityFlag	0
block	2408	hasComparatorInputOverride	false
block	2409	id	2409
block	2409	resistence	2.5
block	2409	enableStats	true
block	2409	needsRandomTick	false
block	2409	bounds	0.000000-1.000000,0.000000-1.000000,0.000000-1.000000
block	2409	stepSound	step.wood
block	2409	particleGravity	1.0
block	2409	material	wood
block	2409	isLiquid	false
block	2409	isSolid	true
block	2409	canBlockGrass	true
block	2409	blocksMovement	true
block	2409	canBurn	true
block	2409	isReplaceable	false
block	2409	isOpaque	true
block	2409	isToolNotRequired	true
block	2409	slipperiness	0.6
block	2409	unlocalizedName	tile.blockTable
block	2409	isNormalCube	false
block	2409	renderAsNormalBlock	false
block	2409	renderType	-1
block	2409	localizedName	tile.blockTable.name
block	2409	hardness	2.5
block	2409	hasTileEntity	true
block	2409	opaqueCube	false
block	2409	canCollideCheck	true
block	2409	isCollidable	true
block	2409	quantityDropped	1
block	2409	damageDropped	0
block	2409	canProvidePower	false
block	2409	mobilityFlag	0
block	2409	hasComparatorInputOverride	false
block	2410	id	2410
block	2410	resistence	2.5
block	2410	enableStats	true
block	2410	needsRandomTick	false
block	2410	bounds	0.000000-1.000000,0.000000-1.000000,0.000000-1.000000
block	2410	stepSound	step.wood
block	2410	particleGravity	1.0
block	2410	material	wood
block	2410	isLiquid	false
block	2410	isSolid	true
block	2410	canBlockGrass	true
block	2410	blocksMovement	true
block	2410	canBurn	true
block	2410	isReplaceable	false
block	2410	isOpaque	true
block	2410	isToolNotRequired	true
block	2410	slipperiness	0.6
block	2410	unlocalizedName	tile.blockChestHungry
block	2410	isNormalCube	false
block	2410	renderAsNormalBlock	false
block	2410	renderType	-1
block	2410	localizedName	Hungry Chest
block	2410	hardness	2.5
block	2410	hasTileEntity	true
block	2410	opaqueCube	false
block	2410	canCollideCheck	true
block	2410	isCollidable	true
block	2410	quantityDropped	1
block	2410	damageDropped	0
block	2410	canProvidePower	false
block	2410	mobilityFlag	0
block	2410	hasComparatorInputOverride	false
block	2411	id	2411
block	2411	resistence	0.1
block	2411	enableStats	true
block	2411	needsRandomTick	false
block	2411	bounds	0.000000-1.000000,0.000000-1.000000,0.000000-1.000000
block	2411	stepSound	step.cloth
block	2411	particleGravity	1.0
block	2411	material	circuits
block	2411	isLiquid	false
block	2411	isSolid	false
block	2411	canBlockGrass	false
block	2411	blocksMovement	false
block	2411	canBurn	false
block	2411	isReplaceable	false
block	2411	isOpaque	false
block	2411	isToolNotRequired	true
block	2411	slipperiness	0.6
block	2411	unlocalizedName	tile.blockCandle
block	2411	isNormalCube	false
block	2411	renderAsNormalBlock	false
block	2411	renderType	-1
block	2411	localizedName	tile.blockCandle.name
block	2411	hardness	0.1
block	2411	hasTileEntity	false
block	2411	opaqueCube	false
block	2411	canCollideCheck	true
block	2411	isCollidable	true
block	2411	quantityDropped	1
block	2411	damageDropped	0
block	2411	canProvidePower	false
block	2411	mobilityFlag	1
block	2411	hasComparatorInputOverride	false
block	2412	id	2412
block	2412	resistence	4.0
block	2412	enableStats	true
block	2412	needsRandomTick	false
block	2412	bounds	0.000000-1.000000,0.000000-1.000000,0.000000-1.000000
block	2412	stepSound	step.stone
block	2412	particleGravity	1.0
block	2412	material	rock
block	2412	isLiquid	false
block	2412	isSolid	true
block	2412	canBlockGrass	true
block	2412	blocksMovement	true
block	2412	canBurn	false
block	2412	isReplaceable	false
block	2412	isOpaque	true
block	2412	isToolNotRequired	false
block	2412	slipperiness	0.6
block	2412	unlocalizedName	tile.blockInfusionWorkbench
block	2412	isNormalCube	false
block	2412	renderAsNormalBlock	false
block	2412	renderType	-1
block	2412	localizedName	Arcane Stone Block
block	2412	hardness	4.0
block	2412	hasTileEntity	true
block	2412	opaqueCube	true
block	2412	canCollideCheck	true
block	2412	isCollidable	true
block	2412	quantityDropped	1
block	2412	damageDropped	0
block	2412	canProvidePower	false
block	2412	mobilityFlag	0
block	2412	hasComparatorInputOverride	false
block	2413	id	2413
block	2413	resistence	2.0
block	2413	enableStats	true
block	2413	needsRandomTick	false
block	2413	bounds	0.000000-1.000000,0.000000-1.000000,0.000000-1.000000
block	2413	stepSound	step.wood
block	2413	particleGravity	1.0
block	2413	material	wood
block	2413	isLiquid	false
block	2413	isSolid	true
block	2413	canBlockGrass	true
block	2413	blocksMovement	true
block	2413	canBurn	true
block	2413	isReplaceable	false
block	2413	isOpaque	true
block	2413	isToolNotRequired	true
block	2413	slipperiness	0.6
block	2413	unlocalizedName	tile.blockWooden
block	2413	isNormalCube	true
block	2413	renderAsNormalBlock	true
block	2413	renderType	0
block	2413	localizedName	Arcane Wood Block
block	2413	hardness	2.0
block	2413	hasTileEntity	false
block	2413	opaqueCube	true
block	2413	canCollideCheck	true
block	2413	isCollidable	true
block	2413	quantityDropped	1
block	2413	damageDropped	0
block	2413	canProvidePower	false
block	2413	mobilityFlag	0
block	2413	hasComparatorInputOverride	false
block	2414	id	2414
block	2414	resistence	0.3
block	2414	enableStats	true
block	2414	needsRandomTick	false
block	2414	bounds	0.000000-1.000000,0.000000-1.000000,0.000000-1.000000
block	2414	stepSound	thaumcraft.jar
block	2414	particleGravity	1.0
block	2414	material	glass
block	2414	isLiquid	false
block	2414	isSolid	true
block	2414	canBlockGrass	true
block	2414	blocksMovement	true
block	2414	canBurn	false
block	2414	isReplaceable	false
block	2414	isOpaque	false
block	2414	isToolNotRequired	true
block	2414	slipperiness	0.6
block	2414	unlocalizedName	tile.blockJar
block	2414	isNormalCube	false
block	2414	renderAsNormalBlock	false
block	2414	renderType	-1
block	2414	localizedName	tile.blockJar.name
block	2414	hardness	0.3
block	2414	hasTileEntity	true
block	2414	opaqueCube	false
block	2414	canCollideCheck	true
block	2414	isCollidable	true
block	2414	quantityDropped	1
block	2414	damageDropped	0
block	2414	canProvidePower	false
block	2414	mobilityFlag	0
block	2414	hasComparatorInputOverride	false
block	2415	id	2415
block	2415	resistence	-1.0
block	2415	enableStats	false
block	2415	needsRandomTick	false
block	2415	bounds	0.000000-1.000000,0.000000-1.000000,0.000000-1.000000
block	2415	stepSound	step.stone
block	2415	particleGravity	1.0
block	2415	material	iron
block	2415	isLiquid	false
block	2415	isSolid	true
block	2415	canBlockGrass	true
block	2415	blocksMovement	true
block	2415	canBurn	false
block	2415	isReplaceable	false
block	2415	isOpaque	true
block	2415	isToolNotRequired	false
block	2415	slipperiness	0.6
block	2415	unlocalizedName	tile.blockArcaneDoor
block	2415	isNormalCube	false
block	2415	renderAsNormalBlock	false
block	2415	renderType	7
block	2415	localizedName	Arcane Door
block	2415	hardness	-1.0
block	2415	hasTileEntity	true
block	2415	opaqueCube	false
block	2415	canCollideCheck	true
block	2415	isCollidable	true
block	2415	quantityDropped	1
block	2415	damageDropped	0
block	2415	canProvidePower	false
block	2415	mobilityFlag	2
block	2415	hasComparatorInputOverride	false
block	2416	id	2416
block	2416	resistence	-1.0
block	2416	enableStats	false
block	2416	needsRandomTick	false
block	2416	bounds	0.000000-1.000000,0.000000-1.000000,0.000000-1.000000
block	2416	stepSound	step.stone
block	2416	particleGravity	1.0
block	2416	material	rock
block	2416	isLiquid	false
block	2416	isSolid	true
block	2416	canBlockGrass	true
block	2416	blocksMovement	true
block	2416	canBurn	false
block	2416	isReplaceable	false
block	2416	isOpaque	true
block	2416	isToolNotRequired	false
block	2416	slipperiness	0.6
block	2416	unlocalizedName	tile.blockSecure
block	2416	isNormalCube	true
block	2416	renderAsNormalBlock	true
block	2416	renderType	0
block	2416	localizedName	Warded Stone Block
block	2416	hardness	-1.0
block	2416	hasTileEntity	true
block	2416	opaqueCube	true
block	2416	canCollideCheck	true
block	2416	isCollidable	true
block	2416	quantityDropped	1
block	2416	damageDropped	0
block	2416	canProvidePower	false
block	2416	mobilityFlag	2
block	2416	hasComparatorInputOverride	false
block	2417	id	2417
block	2417	resistence	2.5
block	2417	enableStats	true
block	2417	needsRandomTick	true
block	2417	bounds	0.000000-1.000000,0.000000-1.000000,0.000000-1.000000
block	2417	stepSound	step.wood
block	2417	particleGravity	1.0
block	2417	material	wood
block	2417	isLiquid	false
block	2417	isSolid	true
block	2417	canBlockGrass	true
block	2417	blocksMovement	true
block	2417	canBurn	true
block	2417	isReplaceable	false
block	2417	isOpaque	true
block	2417	isToolNotRequired	true
block	2417	slipperiness	0.6
block	2417	unlocalizedName	tile.blockWoodenDevice
block	2417	isNormalCube	false
block	2417	renderAsNormalBlock	false
block	2417	renderType	-1
block	2417	localizedName	tile.blockWoodenDevice.name
block	2417	hardness	2.5
block	2417	hasTileEntity	true
block	2417	opaqueCube	false
block	2417	canCollideCheck	true
block	2417	isCollidable	true
block	2417	quantityDropped	1
block	2417	damageDropped	0
block	2417	canProvidePower	true
block	2417	mobilityFlag	1
block	2417	hasComparatorInputOverride	false
block	2418	id	2418
block	2418	resistence	2.5
block	2418	enableStats	true
block	2418	needsRandomTick	false
block	2418	bounds	0.000000-1.000000,0.000000-1.000000,0.000000-1.000000
block	2418	stepSound	step.wood
block	2418	particleGravity	1.0
block	2418	material	wood
block	2418	isLiquid	false
block	2418	isSolid	true
block	2418	canBlockGrass	true
block	2418	blocksMovement	true
block	2418	canBurn	true
block	2418	isReplaceable	false
block	2418	isOpaque	true
block	2418	isToolNotRequired	true
block	2418	slipperiness	0.6
block	2418	unlocalizedName	tile.blockLifter
block	2418	isNormalCube	false
block	2418	renderAsNormalBlock	false
block	2418	renderType	-1
block	2418	localizedName	Arcane Levitator
block	2418	hardness	2.5
block	2418	hasTileEntity	true
block	2418	opaqueCube	true
block	2418	canCollideCheck	true
block	2418	isCollidable	true
block	2418	quantityDropped	1
block	2418	damageDropped	0
block	2418	canProvidePower	false
block	2418	mobilityFlag	0
block	2418	hasComparatorInputOverride	false
block	2419	id	2419
block	2419	resistence	0.0
block	2419	enableStats	true
block	2419	needsRandomTick	false
block	2419	bounds	0.000000-1.000000,0.000000-1.000000,0.000000-1.000000
block	2419	stepSound	step.cloth
block	2419	particleGravity	1.0
block	2419	material	circuits
block	2419	isLiquid	false
block	2419	isSolid	false
block	2419	canBlockGrass	false
block	2419	blocksMovement	false
block	2419	canBurn	false
block	2419	isReplaceable	false
block	2419	isOpaque	false
block	2419	isToolNotRequired	true
block	2419	slipperiness	0.6
block	2419	unlocalizedName	tile.blockNitor
block	2419	isNormalCube	false
block	2419	renderAsNormalBlock	false
block	2419	renderType	-1
block	2419	localizedName	tile.blockNitor.name
block	2419	hardness	0.0
block	2419	hasTileEntity	true
block	2419	opaqueCube	false
block	2419	canCollideCheck	true
block	2419	isCollidable	true
block	2419	quantityDropped	1
block	2419	damageDropped	0
block	2419	canProvidePower	false
block	2419	mobilityFlag	1
block	2419	hasComparatorInputOverride	false
block	2420	id	2420
block	2420	resistence	0.7
block	2420	enableStats	true
block	2420	needsRandomTick	false
block	2420	bounds	0.000000-1.000000,0.000000-1.000000,0.000000-1.000000
block	2420	stepSound	thaumcraft.crystal
block	2420	particleGravity	1.0
block	2420	material	glass
block	2420	isLiquid	false
block	2420	isSolid	true
block	2420	canBlockGrass	true
block	2420	blocksMovement	true
block	2420	canBurn	false
block	2420	isReplaceable	false
block	2420	isOpaque	false
block	2420	isToolNotRequired	true
block	2420	slipperiness	0.6
block	2420	unlocalizedName	tile.blockCrystal
block	2420	isNormalCube	false
block	2420	renderAsNormalBlock	false
block	2420	renderType	-1
block	2420	localizedName	tile.blockCrystal.name
block	2420	hardness	0.7
block	2420	hasTileEntity	true
block	2420	opaqueCube	false
block	2420	canCollideCheck	true
block	2420	isCollidable	true
block	2420	quantityDropped	1
block	2420	damageDropped	0
block	2420	canProvidePower	false
block	2420	mobilityFlag	0
block	2420	hasComparatorInputOverride	false
block	2421	id	2421
block	2421	resistence	1.5
block	2421	enableStats	true
block	2421	needsRandomTick	false
block	2421	bounds	0.000000-1.000000,0.000000-1.000000,0.000000-1.000000
block	2421	stepSound	step.stone
block	2421	particleGravity	1.0
block	2421	material	rock
block	2421	isLiquid	false
block	2421	isSolid	true
block	2421	canBlockGrass	true
block	2421	blocksMovement	true
block	2421	canBurn	false
block	2421	isReplaceable	false
block	2421	isOpaque	true
block	2421	isToolNotRequired	false
block	2421	slipperiness	0.6
block	2421	unlocalizedName	tile.blockCosmeticOpaque
block	2421	isNormalCube	false
block	2421	renderAsNormalBlock	false
block	2421	renderType	-1
block	2421	localizedName	tile.blockCosmeticOpaque.name
block	2421	hardness	1.5
block	2421	hasTileEntity	true
block	2421	opaqueCube	false
block	2421	canCollideCheck	true
block	2421	isCollidable	true
block	2421	quantityDropped	1
block	2421	damageDropped	0
block	2421	canProvidePower	false
block	2421	mobilityFlag	0
block	2421	hasComparatorInputOverride	false
block	2422	id	2422
block	2422	resistence	1.5
block	2422	enableStats	true
block	2422	needsRandomTick	false
block	2422	bounds	0.000000-1.000000,0.000000-1.000000,0.000000-1.000000
block	2422	stepSound	step.stone
block	2422	particleGravity	1.0
block	2422	material	rock
block	2422	isLiquid	false
block	2422	isSolid	true
block	2422	canBlockGrass	true
block	2422	blocksMovement	true
block	2422	canBurn	false
block	2422	isReplaceable	false
block	2422	isOpaque	true
block	2422	isToolNotRequired	false
block	2422	slipperiness	0.6
block	2422	unlocalizedName	tile.blockCosmeticSolid
block	2422	isNormalCube	true
block	2422	renderAsNormalBlock	true
block	2422	renderType	0
block	2422	localizedName	tile.blockCosmeticSolid.name
block	2422	hardness	1.5
block	2422	hasTileEntity	false
block	2422	opaqueCube	true
block	2422	canCollideCheck	true
block	2422	isCollidable	true
block	2422	quantityDropped	1
block	2422	damageDropped	0
block	2422	canProvidePower	false
block	2422	mobilityFlag	0
block	2422	hasComparatorInputOverride	false
block	2423	id	2423
block	2423	resistence	1.0
block	2423	enableStats	true
block	2423	needsRandomTick	false
block	2423	bounds	0.000000-1.000000,0.000000-1.000000,0.000000-1.000000
block	2423	stepSound	thaumcraft.jar
block	2423	particleGravity	1.0
block	2423	material	glass
block	2423	isLiquid	false
block	2423	isSolid	true
block	2423	canBlockGrass	true
block	2423	blocksMovement	true
block	2423	canBurn	false
block	2423	isReplaceable	false
block	2423	isOpaque	false
block	2423	isToolNotRequired	true
block	2423	slipperiness	0.6
block	2423	unlocalizedName	tile.blockMirror
block	2423	isNormalCube	false
block	2423	renderAsNormalBlock	false
block	2423	renderType	-1
block	2423	localizedName	Magic Mirror
block	2423	hardness	1.0
block	2423	hasTileEntity	true
block	2423	opaqueCube	false
block	2423	canCollideCheck	true
block	2423	isCollidable	true
block	2423	quantityDropped	1
block	2423	damageDropped	0
block	2423	canProvidePower	false
block	2423	mobilityFlag	0
block	2423	hasComparatorInputOverride	false
item	2401	id	2401
item	2401	gid	Thaumcraft/tile.blockHole
item	2401	itemStackLimit	64
item	2401	hasSubtypes	false
item	2401	maxDamage	0
item	2401	isDamageable	false
item	2401	localizedName	tile.blockHole
item	2401	unlocalizedName	tile.blockHole
item	2401	hasContainerItem	false
item	2401	statName	Empty Space
item	2401	isMap	false
item	2401	itemUseAction	none
item	2401	maxItemUseDuration	0
item	2401	potionEffect	null
item	2401	isPotionIngredient	false
item	2401	itemDisplayName	Empty Space
item	2401	isItemTool	false
item	2401	enchantability	0
item	2401	isRepairable	false
item	2401	isItemBlock	true
item	2402	id	2402
item	2402	gid	Thaumcraft/tile.blockCustomOre
item	2402	itemStackLimit	64
item	2402	hasSubtypes	true
item	2402	maxDamage	0
item	2402	isDamageable	false
item	2402	localizedName	tile.blockCustomOre.0
item	2402	unlocalizedName	tile.blockCustomOre
item	2402	hasContainerItem	false
item	2402	statName	tile.blockCustomOre.name
item	2402	isMap	false
item	2402	itemUseAction	none
item	2402	maxItemUseDuration	0
item	2402	potionEffect	null
item	2402	isPotionIngredient	false
item	2402	itemDisplayName	Cinnabar Ore
item	2402	isItemTool	false
item	2402	enchantability	0
item	2402	isRepairable	false
item	2402	isItemBlock	true
item	2403	id	2403
item	2403	gid	Thaumcraft/tile.blockCustomPlant
item	2403	itemStackLimit	64
item	2403	hasSubtypes	true
item	2403	maxDamage	0
item	2403	isDamageable	false
item	2403	localizedName	tile.blockCustomPlant.0
item	2403	unlocalizedName	tile.blockCustomPlant
item	2403	hasContainerItem	false
item	2403	statName	tile.blockCustomPlant.name
item	2403	isMap	false
item	2403	itemUseAction	none
item	2403	maxItemUseDuration	0
item	2403	potionEffect	null
item	2403	isPotionIngredient	false
item	2403	itemDisplayName	Greatwood Sapling
item	2403	isItemTool	false
item	2403	enchantability	0
item	2403	isRepairable	false
item	2403	isItemBlock	true
item	2404	id	2404
item	2404	gid	Thaumcraft/tile.blockMagicalLog
item	2404	itemStackLimit	64
item	2404	hasSubtypes	true
item	2404	maxDamage	0
item	2404	isDamageable	false
item	2404	localizedName	tile.blockMagicalLog.greatwood
item	2404	unlocalizedName	tile.blockMagicalLog
item	2404	hasContainerItem	false
item	2404	statName	tile.blockMagicalLog.name
item	2404	isMap	false
item	2404	itemUseAction	none
item	2404	maxItemUseDuration	0
item	2404	potionEffect	null
item	2404	isPotionIngredient	false
item	2404	itemDisplayName	Greatwood Log
item	2404	isItemTool	false
item	2404	enchantability	0
item	2404	isRepairable	false
item	2404	isItemBlock	true
item	2405	id	2405
item	2405	gid	Thaumcraft/tile.blockMagicalLeaves
item	2405	itemStackLimit	64
item	2405	hasSubtypes	true
item	2405	maxDamage	0
item	2405	isDamageable	false
item	2405	localizedName	tile.blockMagicalLeaves.greatwood
item	2405	unlocalizedName	tile.blockMagicalLeaves
item	2405	hasContainerItem	false
item	2405	statName	tile.blockMagicalLeaves.name
item	2405	isMap	false
item	2405	itemUseAction	none
item	2405	maxItemUseDuration	0
item	2405	potionEffect	null
item	2405	isPotionIngredient	false
item	2405	itemDisplayName	Greatwood Leaves
item	2405	isItemTool	false
item	2405	enchantability	0
item	2405	isRepairable	false
item	2405	isItemBlock	true
item	2406	id	2406
item	2406	gid	Thaumcraft/tile.blockArcaneFurnace
item	2406	itemStackLimit	64
item	2406	hasSubtypes	false
item	2406	maxDamage	0
item	2406	isDamageable	false
item	2406	localizedName	tile.blockArcaneFurnace
item	2406	unlocalizedName	tile.blockArcaneFurnace
item	2406	hasContainerItem	false
item	2406	statName	tile.blockArcaneFurnace.name
item	2406	isMap	false
item	2406	itemUseAction	none
item	2406	maxItemUseDuration	0
item	2406	potionEffect	null
item	2406	isPotionIngredient	false
item	2406	itemDisplayName	
item	2406	isItemTool	false
item	2406	enchantability	0
item	2406	isRepairable	false
item	2406	isItemBlock	true
item	2407	id	2407
item	2407	gid	Thaumcraft/tile.blockCrucible
item	2407	itemStackLimit	64
item	2407	hasSubtypes	true
item	2407	maxDamage	0
item	2407	isDamageable	false
item	2407	localizedName	tile.blockCrucible.0
item	2407	unlocalizedName	tile.blockCrucible
item	2407	hasContainerItem	false
item	2407	statName	tile.blockCrucible.name
item	2407	isMap	false
item	2407	itemUseAction	none
item	2407	maxItemUseDuration	0
item	2407	potionEffect	null
item	2407	isPotionIngredient	false
item	2407	itemDisplayName	Crucible
item	2407	isItemTool	false
item	2407	enchantability	0
item	2407	isRepairable	false
item	2407	isItemBlock	true
item	2408	id	2408
item	2408	gid	Thaumcraft/tile.blockMarker
item	2408	itemStackLimit	64
item	2408	hasSubtypes	true
item	2408	maxDamage	0
item	2408	isDamageable	false
item	2408	localizedName	tile.blockMarker.0
item	2408	unlocalizedName	tile.blockMarker
item	2408	hasContainerItem	false
item	2408	statName	tile.blockMarker.name
item	2408	isMap	false
item	2408	itemUseAction	none
item	2408	maxItemUseDuration	0
item	2408	potionEffect	null
item	2408	isPotionIngredient	false
item	2408	itemDisplayName	White Marker
item	2408	isItemTool	false
item	2408	enchantability	0
item	2408	isRepairable	false
item	2408	isItemBlock	true
item	2409	id	2409
item	2409	gid	Thaumcraft/tile.blockTable
item	2409	itemStackLimit	64
item	2409	hasSubtypes	true
item	2409	maxDamage	0
item	2409	isDamageable	false
item	2409	localizedName	tile.blockTable.0
item	2409	unlocalizedName	tile.blockTable
item	2409	hasContainerItem	false
item	2409	statName	tile.blockTable.name
item	2409	isMap	false
item	2409	itemUseAction	none
item	2409	maxItemUseDuration	0
item	2409	potionEffect	null
item	2409	isPotionIngredient	false
item	2409	itemDisplayName	Table
item	2409	isItemTool	false
item	2409	enchantability	0
item	2409	isRepairable	false
item	2409	isItemBlock	true
item	2410	id	2410
item	2410	gid	Thaumcraft/tile.blockChestHungry
item	2410	itemStackLimit	64
item	2410	hasSubtypes	false
item	2410	maxDamage	0
item	2410	isDamageable	false
item	2410	localizedName	tile.blockChestHungry
item	2410	unlocalizedName	tile.blockChestHungry
item	2410	hasContainerItem	false
item	2410	statName	Hungry Chest
item	2410	isMap	false
item	2410	itemUseAction	none
item	2410	maxItemUseDuration	0
item	2410	potionEffect	null
item	2410	isPotionIngredient	false
item	2410	itemDisplayName	Hungry Chest
item	2410	isItemTool	false
item	2410	enchantability	0
item	2410	isRepairable	false
item	2410	isItemBlock	true
item	2411	id	2411
item	2411	gid	Thaumcraft/tile.blockCandle
item	2411	itemStackLimit	64
item	2411	hasSubtypes	true
item	2411	maxDamage	0
item	2411	isDamageable	false
item	2411	localizedName	tile.blockCandle.0
item	2411	unlocalizedName	tile.blockCandle
item	2411	hasContainerItem	false
item	2411	statName	tile.blockCandle.name
item	2411	isMap	false
item	2411	itemUseAction	none
item	2411	maxItemUseDuration	0
item	2411	potionEffect	null
item	2411	isPotionIngredient	false
item	2411	itemDisplayName	White Tallow Candle
item	2411	isItemTool	false
item	2411	enchantability	0
item	2411	isRepairable	false
item	2411	isItemBlock	true
item	2412	id	2412
item	2412	gid	Thaumcraft/tile.blockInfusionWorkbench
item	2412	itemStackLimit	64
item	2412	hasSubtypes	false
item	2412	maxDamage	0
item	2412	isDamageable	false
item	2412	localizedName	tile.blockInfusionWorkbench
item	2412	unlocalizedName	tile.blockInfusionWorkbench
item	2412	hasContainerItem	false
item	2412	statName	Arcane Stone Block
item	2412	isMap	false
item	2412	itemUseAction	none
item	2412	maxItemUseDuration	0
item	2412	potionEffect	null
item	2412	isPotionIngredient	false
item	2412	itemDisplayName	Arcane Stone Block
item	2412	isItemTool	false
item	2412	enchantability	0
item	2412	isRepairable	false
item	2412	isItemBlock	true
item	2413	id	2413
item	2413	gid	Thaumcraft/tile.blockWooden
item	2413	itemStackLimit	64
item	2413	hasSubtypes	false
item	2413	maxDamage	0
item	2413	isDamageable	false
item	2413	localizedName	tile.blockWooden
item	2413	unlocalizedName	tile.blockWooden
item	2413	hasContainerItem	false
item	2413	statName	Arcane Wood Block
item	2413	isMap	false
item	2413	itemUseAction	none
item	2413	maxItemUseDuration	0
item	2413	potionEffect	null
item	2413	isPotionIngredient	false
item	2413	itemDisplayName	Arcane Wood Block
item	2413	isItemTool	false
item	2413	enchantability	0
item	2413	isRepairable	false
item	2413	isItemBlock	true
item	2414	id	2414
item	2414	gid	Thaumcraft/tile.blockJar
item	2414	itemStackLimit	64
item	2414	hasSubtypes	true
item	2414	maxDamage	0
item	2414	isDamageable	false
item	2414	localizedName	tile.blockJar.0
item	2414	unlocalizedName	tile.blockJar
item	2414	hasContainerItem	false
item	2414	statName	tile.blockJar.name
item	2414	isMap	false
item	2414	itemUseAction	none
item	2414	maxItemUseDuration	0
item	2414	potionEffect	null
item	2414	isPotionIngredient	false
item	2414	itemDisplayName	Warded Jar
item	2414	isItemTool	false
item	2414	enchantability	0
item	2414	isRepairable	false
item	2414	isItemBlock	true
item	2415	id	2415
item	2415	gid	Thaumcraft/tile.blockArcaneDoor
item	2415	itemStackLimit	64
item	2415	hasSubtypes	false
item	2415	maxDamage	0
item	2415	isDamageable	false
item	2415	localizedName	tile.blockArcaneDoor
item	2415	unlocalizedName	tile.blockArcaneDoor
item	2415	hasContainerItem	false
item	2415	statName	Arcane Door
item	2415	isMap	false
item	2415	itemUseAction	none
item	2415	maxItemUseDuration	0
item	2415	potionEffect	null
item	2415	isPotionIngredient	false
item	2415	itemDisplayName	Arcane Door
item	2415	isItemTool	false
item	2415	enchantability	0
item	2415	isRepairable	false
item	2415	isItemBlock	true
item	2416	id	2416
item	2416	gid	Thaumcraft/tile.blockSecure
item	2416	itemStackLimit	64
item	2416	hasSubtypes	true
item	2416	maxDamage	0
item	2416	isDamageable	false
item	2416	localizedName	tile.blockSecure
item	2416	unlocalizedName	tile.blockSecure
item	2416	hasContainerItem	false
item	2416	statName	Warded Stone Block
item	2416	isMap	false
item	2416	itemUseAction	none
item	2416	maxItemUseDuration	0
item	2416	potionEffect	null
item	2416	isPotionIngredient	false
item	2416	itemDisplayName	Warded Stone Block
item	2416	isItemTool	false
item	2416	enchantability	0
item	2416	isRepairable	false
item	2416	isItemBlock	true
item	2417	id	2417
item	2417	gid	Thaumcraft/tile.blockWoodenDevice
item	2417	itemStackLimit	64
item	2417	hasSubtypes	true
item	2417	maxDamage	0
item	2417	isDamageable	false
item	2417	localizedName	tile.blockWoodenDevice.0
item	2417	unlocalizedName	tile.blockWoodenDevice
item	2417	hasContainerItem	false
item	2417	statName	tile.blockWoodenDevice.name
item	2417	isMap	false
item	2417	itemUseAction	none
item	2417	maxItemUseDuration	0
item	2417	potionEffect	null
item	2417	isPotionIngredient	false
item	2417	itemDisplayName	Arcane Bellows
item	2417	isItemTool	false
item	2417	enchantability	0
item	2417	isRepairable	false
item	2417	isItemBlock	true
item	2418	id	2418
item	2418	gid	Thaumcraft/tile.blockLifter
item	2418	itemStackLimit	64
item	2418	hasSubtypes	false
item	2418	maxDamage	0
item	2418	isDamageable	false
item	2418	localizedName	tile.blockLifter
item	2418	unlocalizedName	tile.blockLifter
item	2418	hasContainerItem	false
item	2418	statName	Arcane Levitator
item	2418	isMap	false
item	2418	itemUseAction	none
item	2418	maxItemUseDuration	0
item	2418	potionEffect	null
item	2418	isPotionIngredient	false
item	2418	itemDisplayName	Arcane Levitator
item	2418	isItemTool	false
item	2418	enchantability	0
item	2418	isRepairable	false
item	2418	isItemBlock	true
item	2419	id	2419
item	2419	gid	Thaumcraft/tile.blockNitor
item	2419	itemStackLimit	64
item	2419	hasSubtypes	false
item	2419	maxDamage	0
item	2419	isDamageable	false
item	2419	localizedName	tile.blockNitor
item	2419	unlocalizedName	tile.blockNitor
item	2419	hasContainerItem	false
item	2419	statName	tile.blockNitor.name
item	2419	isMap	false
item	2419	itemUseAction	none
item	2419	maxItemUseDuration	0
item	2419	potionEffect	null
item	2419	isPotionIngredient	false
item	2419	itemDisplayName	
item	2419	isItemTool	false
item	2419	enchantability	0
item	2419	isRepairable	false
item	2419	isItemBlock	true
item	2420	id	2420
item	2420	gid	Thaumcraft/tile.blockCrystal
item	2420	itemStackLimit	64
item	2420	hasSubtypes	true
item	2420	maxDamage	0
item	2420	isDamageable	false
item	2420	localizedName	tile.blockCrystal.0
item	2420	unlocalizedName	tile.blockCrystal
item	2420	hasContainerItem	false
item	2420	statName	tile.blockCrystal.name
item	2420	isMap	false
item	2420	itemUseAction	none
item	2420	maxItemUseDuration	0
item	2420	potionEffect	null
item	2420	isPotionIngredient	false
item	2420	itemDisplayName	Air Crystal Cluster
item	2420	isItemTool	false
item	2420	enchantability	0
item	2420	isRepairable	false
item	2420	isItemBlock	true
item	2421	id	2421
item	2421	gid	Thaumcraft/tile.blockCosmeticOpaque
item	2421	itemStackLimit	64
item	2421	hasSubtypes	true
item	2421	maxDamage	0
item	2421	isDamageable	false
item	2421	localizedName	tile.blockCosmeticOpaque.0
item	2421	unlocalizedName	tile.blockCosmeticOpaque
item	2421	hasContainerItem	false
item	2421	statName	tile.blockCosmeticOpaque.name
item	2421	isMap	false
item	2421	itemUseAction	none
item	2421	maxItemUseDuration	0
item	2421	potionEffect	null
item	2421	isPotionIngredient	false
item	2421	itemDisplayName	Amber Block
item	2421	isItemTool	false
item	2421	enchantability	0
item	2421	isRepairable	false
item	2421	isItemBlock	true
item	2422	id	2422
item	2422	gid	Thaumcraft/tile.blockCosmeticSolid
item	2422	itemStackLimit	64
item	2422	hasSubtypes	true
item	2422	maxDamage	0
item	2422	isDamageable	false
item	2422	localizedName	tile.blockCosmeticSolid.0
item	2422	unlocalizedName	tile.blockCosmeticSolid
item	2422	hasContainerItem	false
item	2422	statName	tile.blockCosmeticSolid.name
item	2422	isMap	false
item	2422	itemUseAction	none
item	2422	maxItemUseDuration	0
item	2422	potionEffect	null
item	2422	isPotionIngredient	false
item	2422	itemDisplayName	Obsidian Totem
item	2422	isItemTool	false
item	2422	enchantability	0
item	2422	isRepairable	false
item	2422	isItemBlock	true
item	2423	id	2423
item	2423	gid	Thaumcraft/tile.blockMirror
item	2423	itemStackLimit	64
item	2423	hasSubtypes	true
item	2423	maxDamage	0
item	2423	isDamageable	false
item	2423	localizedName	tile.blockMirror
item	2423	unlocalizedName	tile.blockMirror
item	2423	hasContainerItem	false
item	2423	statName	Magic Mirror
item	2423	isMap	false
item	2423	itemUseAction	none
item	2423	maxItemUseDuration	0
item	2423	potionEffect	null
item	2423	isPotionIngredient	false
item	2423	itemDisplayName	Magic Mirror
item	2423	isItemTool	false
item	2423	enchantability	0
item	2423	isRepairable	false
item	2423	isItemBlock	true
item	25256	id	25256
item	25256	gid	Thaumcraft/item.WandCastingApprentice
item	25256	itemStackLimit	1
item	25256	hasSubtypes	false
item	25256	maxDamage	0
item	25256	isDamageable	false
item	25256	localizedName	item.WandCastingApprentice
item	25256	unlocalizedName	item.WandCastingApprentice
item	25256	hasContainerItem	false
item	25256	statName	Wand of the Apprentice
item	25256	isMap	false
item	25256	itemUseAction	none
item	25256	maxItemUseDuration	0
item	25256	potionEffect	null
item	25256	isPotionIngredient	false
item	25256	itemDisplayName	Wand of the Apprentice
item	25256	isItemTool	false
item	25256	enchantability	0
item	25256	isRepairable	false
item	25256	isItemBlock	false
item	25257	id	25257
item	25257	gid	Thaumcraft/item.WandCastingAdept
item	25257	itemStackLimit	1
item	25257	hasSubtypes	false
item	25257	maxDamage	0
item	25257	isDamageable	false
item	25257	localizedName	item.WandCastingAdept
item	25257	unlocalizedName	item.WandCastingAdept
item	25257	hasContainerItem	false
item	25257	statName	Wand of the Adept
item	25257	isMap	false
item	25257	itemUseAction	none
item	25257	maxItemUseDuration	0
item	25257	potionEffect	null
item	25257	isPotionIngredient	false
item	25257	itemDisplayName	Wand of the Adept
item	25257	isItemTool	false
item	25257	enchantability	0
item	25257	isRepairable	false
item	25257	isItemBlock	false
item	25258	id	25258
item	25258	gid	Thaumcraft/item.WandCastingMage
item	25258	itemStackLimit	1
item	25258	hasSubtypes	false
item	25258	maxDamage	0
item	25258	isDamageable	false
item	25258	localizedName	item.WandCastingMage
item	25258	unlocalizedName	item.WandCastingMage
item	25258	hasContainerItem	false
item	25258	statName	Wand of the Thaumaturge
item	25258	isMap	false
item	25258	itemUseAction	none
item	25258	maxItemUseDuration	0
item	25258	potionEffect	null
item	25258	isPotionIngredient	false
item	25258	itemDisplayName	Wand of the Thaumaturge
item	25258	isItemTool	false
item	25258	enchantability	0
item	25258	isRepairable	false
item	25258	isItemBlock	false
item	25259	id	25259
item	25259	gid	Thaumcraft/item.WandFire
item	25259	itemStackLimit	1
item	25259	hasSubtypes	false
item	25259	maxDamage	2000
item	25259	isDamageable	true
item	25259	localizedName	item.WandFire
item	25259	unlocalizedName	item.WandFire
item	25259	hasContainerItem	false
item	25259	statName	Wand of Fire
item	25259	isMap	false
item	25259	itemUseAction	bow
item	25259	maxItemUseDuration	50
item	25259	potionEffect	null
item	25259	isPotionIngredient	false
item	25259	itemDisplayName	Wand of Fire
item	25259	isItemTool	true
item	25259	enchantability	5
item	25259	isRepairable	false
item	25259	isItemBlock	false
item	25260	id	25260
item	25260	gid	Thaumcraft/item.WandLightning
item	25260	itemStackLimit	1
item	25260	hasSubtypes	false
item	25260	maxDamage	2000
item	25260	isDamageable	true
item	25260	localizedName	item.WandLightning
item	25260	unlocalizedName	item.WandLightning
item	25260	hasContainerItem	false
item	25260	statName	Wand of Lightning
item	25260	isMap	false
item	25260	itemUseAction	bow
item	25260	maxItemUseDuration	50
item	25260	potionEffect	null
item	25260	isPotionIngredient	false
item	25260	itemDisplayName	Wand of Lightning
item	25260	isItemTool	true
item	25260	enchantability	5
item	25260	isRepairable	false
item	25260	isItemBlock	false
item	25261	id	25261
item	25261	gid	Thaumcraft/item.ItemEssence
item	25261	itemStackLimit	64
item	25261	hasSubtypes	true
item	25261	maxDamage	0
item	25261	isDamageable	false
item	25261	localizedName	item.ItemEssence
item	25261	unlocalizedName	item.ItemEssence
item	25261	hasContainerItem	false
item	25261	statName	item.ItemEssence.name
item	25261	isMap	false
item	25261	itemUseAction	none
item	25261	maxItemUseDuration	0
item	25261	potionEffect	null
item	25261	isPotionIngredient	false
item	25261	itemDisplayName	Glass Phial
item	25261	isItemTool	false
item	25261	enchantability	0
item	25261	isRepairable	false
item	25261	isItemBlock	false
item	25262	id	25262
item	25262	gid	Thaumcraft/item.ItemWispEssence
item	25262	itemStackLimit	64
item	25262	hasSubtypes	true
item	25262	maxDamage	0
item	25262	isDamageable	false
item	25262	localizedName	item.ItemWispEssence
item	25262	unlocalizedName	item.ItemWispEssence
item	25262	hasContainerItem	false
item	25262	statName	Wispy Essence
item	25262	isMap	false
item	25262	itemUseAction	none
item	25262	maxItemUseDuration	0
item	25262	potionEffect	null
item	25262	isPotionIngredient	false
item	25262	itemDisplayName	Wispy Essence
item	25262	isItemTool	false
item	25262	enchantability	0
item	25262	isRepairable	false
item	25262	isItemBlock	false
item	25263	id	25263
item	25263	gid	Thaumcraft/item.ItemResource
item	25263	itemStackLimit	64
item	25263	hasSubtypes	true
item	25263	maxDamage	0
item	25263	isDamageable	false
item	25263	localizedName	item.ItemResource.0
item	25263	unlocalizedName	item.ItemResource
item	25263	hasContainerItem	false
item	25263	statName	item.ItemResource.name
item	25263	isMap	false
item	25263	itemUseAction	none
item	25263	maxItemUseDuration	0
item	25263	potionEffect	null
item	25263	isPotionIngredient	false
item	25263	itemDisplayName	Alumentum
item	25263	isItemTool	false
item	25263	enchantability	0
item	25263	isRepairable	false
item	25263	isItemBlock	false
item	25264	id	25264
item	25264	gid	Thaumcraft/item.ItemShard
item	25264	itemStackLimit	64
item	25264	hasSubtypes	true
item	25264	maxDamage	0
item	25264	isDamageable	false
item	25264	localizedName	item.ItemShard.0
item	25264	unlocalizedName	item.ItemShard
item	25264	hasContainerItem	false
item	25264	statName	item.ItemShard.name
item	25264	isMap	false
item	25264	itemUseAction	none
item	25264	maxItemUseDuration	0
item	25264	potionEffect	null
item	25264	isPotionIngredient	false
item	25264	itemDisplayName	Air Shard
item	25264	isItemTool	false
item	25264	enchantability	0
item	25264	isRepairable	false
item	25264	isItemBlock	false
item	25265	id	25265
item	25265	gid	Thaumcraft/item.ItemResearchNotes
item	25265	itemStackLimit	1
item	25265	hasSubtypes	true
item	25265	maxDamage	0
item	25265	isDamageable	false
item	25265	localizedName	item.ItemResearchNotes
item	25265	unlocalizedName	item.ItemResearchNotes
item	25265	hasContainerItem	false
item	25265	statName	item.ItemResearchNotes.name
item	25265	isMap	false
item	25265	itemUseAction	none
item	25265	maxItemUseDuration	0
item	25265	potionEffect	null
item	25265	isPotionIngredient	false
item	25265	itemDisplayName	ResearchNotes
item	25265	isItemTool	false
item	25265	enchantability	0
item	25265	isRepairable	false
item	25265	isItemBlock	false
item	25266	id	25266
item	25266	gid	Thaumcraft/item.ItemInkwell
item	25266	itemStackLimit	1
item	25266	hasSubtypes	false
item	25266	maxDamage	50
item	25266	isDamageable	true
item	25266	localizedName	item.ItemInkwell
item	25266	unlocalizedName	item.ItemInkwell
item	25266	hasContainerItem	false
item	25266	statName	Scribing Tools
item	25266	isMap	false
item	25266	itemUseAction	none
item	25266	maxItemUseDuration	0
item	25266	potionEffect	null
item	25266	isPotionIngredient	false
item	25266	itemDisplayName	Scribing Tools
item	25266	isItemTool	true
item	25266	enchantability	0
item	25266	isRepairable	true
item	25266	isItemBlock	false
item	25267	id	25267
item	25267	gid	Thaumcraft/item.ItemThaumonomicon
item	25267	itemStackLimit	1
item	25267	hasSubtypes	true
item	25267	maxDamage	0
item	25267	isDamageable	false
item	25267	localizedName	item.ItemThaumonomicon
item	25267	unlocalizedName	item.ItemThaumonomicon
item	25267	hasContainerItem	false
item	25267	statName	Thaumonomicon
item	25267	isMap	false
item	25267	itemUseAction	none
item	25267	maxItemUseDuration	0
item	25267	potionEffect	null
item	25267	isPotionIngredient	false
item	25267	itemDisplayName	Thaumonomicon
item	25267	isItemTool	false
item	25267	enchantability	0
item	25267	isRepairable	false
item	25267	isItemBlock	false
item	25268	id	25268
item	25268	gid	Thaumcraft/item.ItemPortableHole
item	25268	itemStackLimit	1
item	25268	hasSubtypes	false
item	25268	maxDamage	321
item	25268	isDamageable	true
item	25268	localizedName	item.ItemPortableHole
item	25268	unlocalizedName	item.ItemPortableHole
item	25268	hasContainerItem	false
item	25268	statName	Portable Hole
item	25268	isMap	false
item	25268	itemUseAction	none
item	25268	maxItemUseDuration	0
item	25268	potionEffect	null
item	25268	isPotionIngredient	false
item	25268	itemDisplayName	Portable Hole
item	25268	isItemTool	true
item	25268	enchantability	0
item	25268	isRepairable	false
item	25268	isItemBlock	false
item	25269	id	25269
item	25269	gid	Thaumcraft/item.ItemThaumometer
item	25269	itemStackLimit	1
item	25269	hasSubtypes	false
item	25269	maxDamage	0
item	25269	isDamageable	false
item	25269	localizedName	item.ItemThaumometer
item	25269	unlocalizedName	item.ItemThaumometer
item	25269	hasContainerItem	false
item	25269	statName	Thaumometer
item	25269	isMap	false
item	25269	itemUseAction	none
item	25269	maxItemUseDuration	0
item	25269	potionEffect	null
item	25269	isPotionIngredient	false
item	25269	itemDisplayName	Thaumometer
item	25269	isItemTool	false
item	25269	enchantability	0
item	25269	isRepairable	false
item	25269	isItemBlock	false
item	25271	id	25271
item	25271	gid	Thaumcraft/item.ItemGolemPlacer
item	25271	itemStackLimit	16
item	25271	hasSubtypes	true
item	25271	maxDamage	0
item	25271	isDamageable	false
item	25271	localizedName	item.ItemGolemPlacer
item	25271	unlocalizedName	item.ItemGolemPlacer
item	25271	hasContainerItem	false
item	25271	statName	item.ItemGolemPlacer.name
item	25271	isMap	false
item	25271	itemUseAction	none
item	25271	maxItemUseDuration	0
item	25271	potionEffect	null
item	25271	isPotionIngredient	false
item	25271	itemDisplayName	Wood Golem Worker
item	25271	isItemTool	false
item	25271	enchantability	0
item	25271	isRepairable	false
item	25271	isItemBlock	false
item	25272	id	25272
item	25272	gid	Thaumcraft/item.ItemGoggles
item	25272	itemStackLimit	1
item	25272	hasSubtypes	false
item	25272	maxDamage	350
item	25272	isDamageable	true
item	25272	localizedName	item.ItemGoggles
item	25272	unlocalizedName	item.ItemGoggles
item	25272	hasContainerItem	false
item	25272	statName	Goggles of Revealing
item	25272	isMap	false
item	25272	itemUseAction	none
item	25272	maxItemUseDuration	0
item	25272	potionEffect	null
item	25272	isPotionIngredient	false
item	25272	itemDisplayName	Goggles of Revealing
item	25272	isItemTool	true
item	25272	enchantability	25
item	25272	isRepairable	true
item	25272	isItemBlock	false
item	25273	id	25273
item	25273	gid	Thaumcraft/item.ItemHelmetThaumium
item	25273	itemStackLimit	1
item	25273	hasSubtypes	false
item	25273	maxDamage	275
item	25273	isDamageable	true
item	25273	localizedName	item.ItemHelmetThaumium
item	25273	unlocalizedName	item.ItemHelmetThaumium
item	25273	hasContainerItem	false
item	25273	statName	Thaumium Helm
item	25273	isMap	false
item	25273	itemUseAction	none
item	25273	maxItemUseDuration	0
item	25273	potionEffect	null
item	25273	isPotionIngredient	false
item	25273	itemDisplayName	Thaumium Helm
item	25273	isItemTool	true
item	25273	enchantability	25
item	25273	isRepairable	true
item	25273	isItemBlock	false
item	25274	id	25274
item	25274	gid	Thaumcraft/item.ItemChestplateThaumium
item	25274	itemStackLimit	1
item	25274	hasSubtypes	false
item	25274	maxDamage	400
item	25274	isDamageable	true
item	25274	localizedName	item.ItemChestplateThaumium
item	25274	unlocalizedName	item.ItemChestplateThaumium
item	25274	hasContainerItem	false
item	25274	statName	Thaumium Chestplate
item	25274	isMap	false
item	25274	itemUseAction	none
item	25274	maxItemUseDuration	0
item	25274	potionEffect	null
item	25274	isPotionIngredient	false
item	25274	itemDisplayName	Thaumium Chestplate
item	25274	isItemTool	true
item	25274	enchantability	25
item	25274	isRepairable	true
item	25274	isItemBlock	false
item	25275	id	25275
item	25275	gid	Thaumcraft/item.ItemLeggingsThaumium
item	25275	itemStackLimit	1
item	25275	hasSubtypes	false
item	25275	maxDamage	375
item	25275	isDamageable	true
item	25275	localizedName	item.ItemLeggingsThaumium
item	25275	unlocalizedName	item.ItemLeggingsThaumium
item	25275	hasContainerItem	false
item	25275	statName	Thaumium Leggings
item	25275	isMap	false
item	25275	itemUseAction	none
item	25275	maxItemUseDuration	0
item	25275	potionEffect	null
item	25275	isPotionIngredient	false
item	25275	itemDisplayName	Thaumium Leggings
item	25275	isItemTool	true
item	25275	enchantability	25
item	25275	isRepairable	true
item	25275	isItemBlock	false
item	25276	id	25276
item	25276	gid	Thaumcraft/item.ItemBootsThaumium
item	25276	itemStackLimit	1
item	25276	hasSubtypes	false
item	25276	maxDamage	325
item	25276	isDamageable	true
item	25276	localizedName	item.ItemBootsThaumium
item	25276	unlocalizedName	item.ItemBootsThaumium
item	25276	hasContainerItem	false
item	25276	statName	Thaumium Boots
item	25276	isMap	false
item	25276	itemUseAction	none
item	25276	maxItemUseDuration	0
item	25276	potionEffect	null
item	25276	isPotionIngredient	false
item	25276	itemDisplayName	Thaumium Boots
item	25276	isItemTool	true
item	25276	enchantability	25
item	25276	isRepairable	true
item	25276	isItemBlock	false
item	25277	id	25277
item	25277	gid	Thaumcraft/item.ItemShovelThaumium
item	25277	itemStackLimit	1
item	25277	hasSubtypes	false
item	25277	maxDamage	400
item	25277	isDamageable	true
item	25277	localizedName	item.ItemShovelThaumium
item	25277	unlocalizedName	item.ItemShovelThaumium
item	25277	hasContainerItem	false
item	25277	statName	Thaumium Shovel
item	25277	isMap	false
item	25277	itemUseAction	none
item	25277	maxItemUseDuration	0
item	25277	potionEffect	null
item	25277	isPotionIngredient	false
item	25277	itemDisplayName	Thaumium Shovel
item	25277	isItemTool	true
item	25277	enchantability	22
item	25277	isRepairable	true
item	25277	isItemBlock	false
item	25278	id	25278
item	25278	gid	Thaumcraft/item.ItemPickThaumium
item	25278	itemStackLimit	1
item	25278	hasSubtypes	false
item	25278	maxDamage	400
item	25278	isDamageable	true
item	25278	localizedName	item.ItemPickThaumium
item	25278	unlocalizedName	item.ItemPickThaumium
item	25278	hasContainerItem	false
item	25278	statName	Thaumium Pickaxe
item	25278	isMap	false
item	25278	itemUseAction	none
item	25278	maxItemUseDuration	0
item	25278	potionEffect	null
item	25278	isPotionIngredient	false
item	25278	itemDisplayName	Thaumium Pickaxe
item	25278	isItemTool	true
item	25278	enchantability	22
item	25278	isRepairable	true
item	25278	isItemBlock	false
item	25279	id	25279
item	25279	gid	Thaumcraft/item.ItemAxeThaumium
item	25279	itemStackLimit	1
item	25279	hasSubtypes	false
item	25279	maxDamage	400
item	25279	isDamageable	true
item	25279	localizedName	item.ItemAxeThaumium
item	25279	unlocalizedName	item.ItemAxeThaumium
item	25279	hasContainerItem	false
item	25279	statName	Thaumium Axe
item	25279	isMap	false
item	25279	itemUseAction	none
item	25279	maxItemUseDuration	0
item	25279	potionEffect	null
item	25279	isPotionIngredient	false
item	25279	itemDisplayName	Thaumium Axe
item	25279	isItemTool	true
item	25279	enchantability	22
item	25279	isRepairable	true
item	25279	isItemBlock	false
item	25280	id	25280
item	25280	gid	Thaumcraft/item.ItemSwordThaumium
item	25280	itemStackLimit	1
item	25280	hasSubtypes	false
item	25280	maxDamage	400
item	25280	isDamageable	true
item	25280	localizedName	item.ItemSwordThaumium
item	25280	unlocalizedName	item.ItemSwordThaumium
item	25280	hasContainerItem	false
item	25280	statName	Thaumium Sword
item	25280	isMap	false
item	25280	itemUseAction	block
item	25280	maxItemUseDuration	72000
item	25280	potionEffect	null
item	25280	isPotionIngredient	false
item	25280	itemDisplayName	Thaumium Sword
item	25280	isItemTool	true
item	25280	enchantability	22
item	25280	isRepairable	true
item	25280	isItemBlock	false
item	25281	id	25281
item	25281	gid	Thaumcraft/item.ItemHoeThaumium
item	25281	itemStackLimit	1
item	25281	hasSubtypes	false
item	25281	maxDamage	400
item	25281	isDamageable	true
item	25281	localizedName	item.ItemHoeThaumium
item	25281	unlocalizedName	item.ItemHoeThaumium
item	25281	hasContainerItem	false
item	25281	statName	Thaumium Hoe
item	25281	isMap	false
item	25281	itemUseAction	none
item	25281	maxItemUseDuration	0
item	25281	potionEffect	null
item	25281	isPotionIngredient	false
item	25281	itemDisplayName	Thaumium Hoe
item	25281	isItemTool	true
item	25281	enchantability	5
item	25281	isRepairable	true
item	25281	isItemBlock	false
item	25282	id	25282
item	25282	gid	Thaumcraft/item.ItemGolemCore
item	25282	itemStackLimit	64
item	25282	hasSubtypes	true
item	25282	maxDamage	0
item	25282	isDamageable	false
item	25282	localizedName	item.ItemGolemCore
item	25282	unlocalizedName	item.ItemGolemCore
item	25282	hasContainerItem	false
item	25282	statName	Golem Animation Core
item	25282	isMap	false
item	25282	itemUseAction	none
item	25282	maxItemUseDuration	0
item	25282	potionEffect	null
item	25282	isPotionIngredient	false
item	25282	itemDisplayName	Golem Animation Core
item	25282	isItemTool	false
item	25282	enchantability	0
item	25282	isRepairable	false
item	25282	isItemBlock	false
item	25283	id	25283
item	25283	gid	Thaumcraft/item.WandTrade
item	25283	itemStackLimit	1
item	25283	hasSubtypes	false
item	25283	maxDamage	1500
item	25283	isDamageable	true
item	25283	localizedName	item.WandTrade
item	25283	unlocalizedName	item.WandTrade
item	25283	hasContainerItem	false
item	25283	statName	Wand of Equal Trade
item	25283	isMap	false
item	25283	itemUseAction	none
item	25283	maxItemUseDuration	0
item	25283	potionEffect	null
item	25283	isPotionIngredient	false
item	25283	itemDisplayName	Wand of Equal Trade
item	25283	isItemTool	true
item	25283	enchantability	5
item	25283	isRepairable	false
item	25283	isItemBlock	false
item	25284	id	25284
item	25284	gid	Thaumcraft/item.WandExcavation
item	25284	itemStackLimit	1
item	25284	hasSubtypes	false
item	25284	maxDamage	2000
item	25284	isDamageable	true
item	25284	localizedName	item.WandExcavation
item	25284	unlocalizedName	item.WandExcavation
item	25284	hasContainerItem	false
item	25284	statName	Wand of Excavation
item	25284	isMap	false
item	25284	itemUseAction	bow
item	25284	maxItemUseDuration	50
item	25284	potionEffect	null
item	25284	isPotionIngredient	false
item	25284	itemDisplayName	Wand of Excavation
item	25284	isItemTool	true
item	25284	enchantability	5
item	25284	isRepairable	false
item	25284	isItemBlock	false
item	25285	id	25285
item	25285	gid	Thaumcraft/item.ItemArcaneDoor
item	25285	itemStackLimit	1
item	25285	hasSubtypes	false
item	25285	maxDamage	0
item	25285	isDamageable	false
item	25285	localizedName	item.ItemArcaneDoor
item	25285	unlocalizedName	item.ItemArcaneDoor
item	25285	hasContainerItem	false
item	25285	statName	Arcane Door
item	25285	isMap	false
item	25285	itemUseAction	none
item	25285	maxItemUseDuration	0
item	25285	potionEffect	null
item	25285	isPotionIngredient	false
item	25285	itemDisplayName	Arcane Door
item	25285	isItemTool	false
item	25285	enchantability	0
item	25285	isRepairable	false
item	25285	isItemBlock	false
item	25286	id	25286
item	25286	gid	Thaumcraft/item.ItemNugget
item	25286	itemStackLimit	64
item	25286	hasSubtypes	true
item	25286	maxDamage	0
item	25286	isDamageable	false
item	25286	localizedName	item.ItemNugget.0
item	25286	unlocalizedName	item.ItemNugget
item	25286	hasContainerItem	false
item	25286	statName	item.ItemNugget.name
item	25286	isMap	false
item	25286	itemUseAction	none
item	25286	maxItemUseDuration	0
item	25286	potionEffect	null
item	25286	isPotionIngredient	false
item	25286	itemDisplayName	Iron Nugget
item	25286	isItemTool	false
item	25286	enchantability	0
item	25286	isRepairable	false
item	25286	isItemBlock	false
item	25287	id	25287
item	25287	gid	Thaumcraft/item.BootsTraveller
item	25287	itemStackLimit	1
item	25287	hasSubtypes	false
item	25287	maxDamage	350
item	25287	isDamageable	true
item	25287	localizedName	item.BootsTraveller
item	25287	unlocalizedName	item.BootsTraveller
item	25287	hasContainerItem	false
item	25287	statName	Boots of the Traveller
item	25287	isMap	false
item	25287	itemUseAction	none
item	25287	maxItemUseDuration	0
item	25287	potionEffect	null
item	25287	isPotionIngredient	false
item	25287	itemDisplayName	Boots of the Traveller
item	25287	isItemTool	true
item	25287	enchantability	25
item	25287	isRepairable	true
item	25287	isItemBlock	false
item	25288	id	25288
item	25288	gid	Thaumcraft/item.ItemNuggetChicken
item	25288	itemStackLimit	64
item	25288	hasSubtypes	false
item	25288	maxDamage	0
item	25288	isDamageable	false
item	25288	localizedName	item.ItemNuggetChicken
item	25288	unlocalizedName	item.ItemNuggetChicken
item	25288	hasContainerItem	false
item	25288	statName	Chicken Nugget
item	25288	isMap	false
item	25288	itemUseAction	eat
item	25288	maxItemUseDuration	10
item	25288	potionEffect	null
item	25288	isPotionIngredient	false
item	25288	itemDisplayName	Chicken Nugget
item	25288	isItemTool	false
item	25288	enchantability	0
item	25288	isRepairable	false
item	25288	isItemBlock	false
item	25289	id	25289
item	25289	gid	Thaumcraft/item.ItemNuggetBeef
item	25289	itemStackLimit	64
item	25289	hasSubtypes	false
item	25289	maxDamage	0
item	25289	isDamageable	false
item	25289	localizedName	item.ItemNuggetBeef
item	25289	unlocalizedName	item.ItemNuggetBeef
item	25289	hasContainerItem	false
item	25289	statName	Beef Nugget
item	25289	isMap	false
item	25289	itemUseAction	eat
item	25289	maxItemUseDuration	10
item	25289	potionEffect	null
item	25289	isPotionIngredient	false
item	25289	itemDisplayName	Beef Nugget
item	25289	isItemTool	false
item	25289	enchantability	0
item	25289	isRepairable	false
item	25289	isItemBlock	false
item	25290	id	25290
item	25290	gid	Thaumcraft/item.ItemNuggetPork
item	25290	itemStackLimit	64
item	25290	hasSubtypes	false
item	25290	maxDamage	0
item	25290	isDamageable	false
item	25290	localizedName	item.ItemNuggetPork
item	25290	unlocalizedName	item.ItemNuggetPork
item	25290	hasContainerItem	false
item	25290	statName	Pork Nugget
item	25290	isMap	false
item	25290	itemUseAction	eat
item	25290	maxItemUseDuration	10
item	25290	potionEffect	null
item	25290	isPotionIngredient	false
item	25290	itemDisplayName	Pork Nugget
item	25290	isItemTool	false
item	25290	enchantability	0
item	25290	isRepairable	false
item	25290	isItemBlock	false
item	25291	id	25291
item	25291	gid	Thaumcraft/item.BlockJarFilledItem
item	25291	itemStackLimit	8
item	25291	hasSubtypes	false
item	25291	maxDamage	0
item	25291	isDamageable	false
item	25291	localizedName	item.BlockJarFilledItem
item	25291	unlocalizedName	item.BlockJarFilledItem
item	25291	hasContainerItem	false
item	25291	statName	Jar of Essentia
item	25291	isMap	false
item	25291	itemUseAction	none
item	25291	maxItemUseDuration	0
item	25291	potionEffect	null
item	25291	isPotionIngredient	false
item	25291	itemDisplayName	Jar of Essentia
item	25291	isItemTool	false
item	25291	enchantability	0
item	25291	isRepairable	false
item	25291	isItemBlock	false
item	25292	id	25292
item	25292	gid	Thaumcraft/item.ItemGolemDecoration
item	25292	itemStackLimit	64
item	25292	hasSubtypes	true
item	25292	maxDamage	0
item	25292	isDamageable	false
item	25292	localizedName	Top Hat
item	25292	unlocalizedName	item.ItemGolemDecoration
item	25292	hasContainerItem	false
item	25292	statName	Accessory
item	25292	isMap	false
item	25292	itemUseAction	none
item	25292	maxItemUseDuration	0
item	25292	potionEffect	null
item	25292	isPotionIngredient	false
item	25292	itemDisplayName	Accessory: Top Hat
item	25292	isItemTool	false
item	25292	enchantability	0
item	25292	isRepairable	false
item	25292	isItemBlock	false
item	25293	id	25293
item	25293	gid	Thaumcraft/item.Hellrod
item	25293	itemStackLimit	1
item	25293	hasSubtypes	false
item	25293	maxDamage	1
item	25293	isDamageable	true
item	25293	localizedName	item.Hellrod
item	25293	unlocalizedName	item.Hellrod
item	25293	hasContainerItem	false
item	25293	statName	Rod of the Nine Hells
item	25293	isMap	false
item	25293	itemUseAction	none
item	25293	maxItemUseDuration	0
item	25293	potionEffect	null
item	25293	isPotionIngredient	false
item	25293	itemDisplayName	Rod of the Nine Hells
item	25293	isItemTool	true
item	25293	enchantability	5
item	25293	isRepairable	false
item	25293	isItemBlock	false
item	25294	id	25294
item	25294	gid	Thaumcraft/item.WandFrost
item	25294	itemStackLimit	1
item	25294	hasSubtypes	false
item	25294	maxDamage	2000
item	25294	isDamageable	true
item	25294	localizedName	item.WandFrost
item	25294	unlocalizedName	item.WandFrost
item	25294	hasContainerItem	false
item	25294	statName	Wand of Frost
item	25294	isMap	false
item	25294	itemUseAction	none
item	25294	maxItemUseDuration	0
item	25294	potionEffect	null
item	25294	isPotionIngredient	false
item	25294	itemDisplayName	Wand of Frost
item	25294	isItemTool	true
item	25294	enchantability	5
item	25294	isRepairable	false
item	25294	isItemBlock	false
item	25295	id	25295
item	25295	gid	Thaumcraft/item.TripleMeatTreat
item	25295	itemStackLimit	64
item	25295	hasSubtypes	false
item	25295	maxDamage	0
item	25295	isDamageable	false
item	25295	localizedName	item.TripleMeatTreat
item	25295	unlocalizedName	item.TripleMeatTreat
item	25295	hasContainerItem	false
item	25295	statName	Triple Meat Treat
item	25295	isMap	false
item	25295	itemUseAction	eat
item	25295	maxItemUseDuration	32
item	25295	potionEffect	null
item	25295	isPotionIngredient	false
item	25295	itemDisplayName	Triple Meat Treat
item	25295	isItemTool	false
item	25295	enchantability	0
item	25295	isRepairable	false
item	25295	isItemBlock	false
item	25296	id	25296
item	25296	gid	Thaumcraft/item.ItemSwordElemental
item	25296	itemStackLimit	1
item	25296	hasSubtypes	false
item	25296	maxDamage	1500
item	25296	isDamageable	true
item	25296	localizedName	item.ItemSwordElemental
item	25296	unlocalizedName	item.ItemSwordElemental
item	25296	hasContainerItem	false
item	25296	statName	Sword of the Zephyr
item	25296	isMap	false
item	25296	itemUseAction	block
item	25296	maxItemUseDuration	72000
item	25296	potionEffect	null
item	25296	isPotionIngredient	false
item	25296	itemDisplayName	Sword of the Zephyr
item	25296	isItemTool	true
item	25296	enchantability	18
item	25296	isRepairable	true
item	25296	isItemBlock	false
item	25297	id	25297
item	25297	gid	Thaumcraft/item.ItemShovelElemental
item	25297	itemStackLimit	1
item	25297	hasSubtypes	false
item	25297	maxDamage	1500
item	25297	isDamageable	true
item	25297	localizedName	item.ItemShovelElemental
item	25297	unlocalizedName	item.ItemShovelElemental
item	25297	hasContainerItem	false
item	25297	statName	Shovel of the Earthmover
item	25297	isMap	false
item	25297	itemUseAction	none
item	25297	maxItemUseDuration	0
item	25297	potionEffect	null
item	25297	isPotionIngredient	false
item	25297	itemDisplayName	Shovel of the Earthmover
item	25297	isItemTool	true
item	25297	enchantability	18
item	25297	isRepairable	true
item	25297	isItemBlock	false
item	25298	id	25298
item	25298	gid	Thaumcraft/item.ItemPickaxeElemental
item	25298	itemStackLimit	1
item	25298	hasSubtypes	false
item	25298	maxDamage	1500
item	25298	isDamageable	true
item	25298	localizedName	item.ItemPickaxeElemental
item	25298	unlocalizedName	item.ItemPickaxeElemental
item	25298	hasContainerItem	false
item	25298	statName	Pickaxe of the Core
item	25298	isMap	false
item	25298	itemUseAction	none
item	25298	maxItemUseDuration	0
item	25298	potionEffect	null
item	25298	isPotionIngredient	false
item	25298	itemDisplayName	Pickaxe of the Core
item	25298	isItemTool	true
item	25298	enchantability	18
item	25298	isRepairable	true
item	25298	isItemBlock	false
item	25299	id	25299
item	25299	gid	Thaumcraft/item.ItemAxeElemental
item	25299	itemStackLimit	1
item	25299	hasSubtypes	false
item	25299	maxDamage	1500
item	25299	isDamageable	true
item	25299	localizedName	item.ItemAxeElemental
item	25299	unlocalizedName	item.ItemAxeElemental
item	25299	hasContainerItem	false
item	25299	statName	Axe of the Stream
item	25299	isMap	false
item	25299	itemUseAction	bow
item	25299	maxItemUseDuration	0
item	25299	potionEffect	null
item	25299	isPotionIngredient	false
item	25299	itemDisplayName	Axe of the Stream
item	25299	isItemTool	true
item	25299	enchantability	18
item	25299	isRepairable	true
item	25299	isItemBlock	false
item	25300	id	25300
item	25300	gid	Thaumcraft/item.ItemHoeElemental
item	25300	itemStackLimit	1
item	25300	hasSubtypes	false
item	25300	maxDamage	1500
item	25300	isDamageable	true
item	25300	localizedName	item.ItemHoeElemental
item	25300	unlocalizedName	item.ItemHoeElemental
item	25300	hasContainerItem	false
item	25300	statName	Hoe of Growth
item	25300	isMap	false
item	25300	itemUseAction	none
item	25300	maxItemUseDuration	0
item	25300	potionEffect	null
item	25300	isPotionIngredient	false
item	25300	itemDisplayName	Hoe of Growth
item	25300	isItemTool	true
item	25300	enchantability	5
item	25300	isRepairable	true
item	25300	isItemBlock	false
item	25301	id	25301
item	25301	gid	Thaumcraft/item.ItemChestplateRobe
item	25301	itemStackLimit	1
item	25301	hasSubtypes	false
item	25301	maxDamage	400
item	25301	isDamageable	true
item	25301	localizedName	item.ItemChestplateRobe
item	25301	unlocalizedName	item.ItemChestplateRobe
item	25301	hasContainerItem	false
item	25301	statName	Thaumaturge's Robe
item	25301	isMap	false
item	25301	itemUseAction	none
item	25301	maxItemUseDuration	0
item	25301	potionEffect	null
item	25301	isPotionIngredient	false
item	25301	itemDisplayName	Thaumaturge's Robe
item	25301	isItemTool	true
item	25301	enchantability	25
item	25301	isRepairable	true
item	25301	isItemBlock	false
item	25302	id	25302
item	25302	gid	Thaumcraft/item.ItemLeggingsRobe
item	25302	itemStackLimit	1
item	25302	hasSubtypes	false
item	25302	maxDamage	375
item	25302	isDamageable	true
item	25302	localizedName	item.ItemLeggingsRobe
item	25302	unlocalizedName	item.ItemLeggingsRobe
item	25302	hasContainerItem	false
item	25302	statName	Thaumaturge's Leggings
item	25302	isMap	false
item	25302	itemUseAction	none
item	25302	maxItemUseDuration	0
item	25302	potionEffect	null
item	25302	isPotionIngredient	false
item	25302	itemDisplayName	Thaumaturge's Leggings
item	25302	isItemTool	true
item	25302	enchantability	25
item	25302	isRepairable	true
item	25302	isItemBlock	false
item	25303	id	25303
item	25303	gid	Thaumcraft/item.ItemBootsRobe
item	25303	itemStackLimit	1
item	25303	hasSubtypes	false
item	25303	maxDamage	325
item	25303	isDamageable	true
item	25303	localizedName	item.ItemBootsRobe
item	25303	unlocalizedName	item.ItemBootsRobe
item	25303	hasContainerItem	false
item	25303	statName	Thaumaturge's Boots
item	25303	isMap	false
item	25303	itemUseAction	none
item	25303	maxItemUseDuration	0
item	25303	potionEffect	null
item	25303	isPotionIngredient	false
item	25303	itemDisplayName	Thaumaturge's Boots
item	25303	isItemTool	true
item	25303	enchantability	25
item	25303	isRepairable	true
item	25303	isItemBlock	false
item	25304	id	25304
item	25304	gid	Thaumcraft/item.ArcaneDoorKey
item	25304	itemStackLimit	64
item	25304	hasSubtypes	true
item	25304	maxDamage	0
item	25304	isDamageable	false
item	25304	localizedName	item.ArcaneDoorKey.0
item	25304	unlocalizedName	item.ArcaneDoorKey
item	25304	hasContainerItem	false
item	25304	statName	item.ArcaneDoorKey.name
item	25304	isMap	false
item	25304	itemUseAction	none
item	25304	maxItemUseDuration	0
item	25304	potionEffect	null
item	25304	isPotionIngredient	false
item	25304	itemDisplayName	Iron Arcane Key
item	25304	isItemTool	false
item	25304	enchantability	0
item	25304	isRepairable	false
item	25304	isItemBlock	false
item	25305	id	25305
item	25305	gid	Thaumcraft/item.HandMirror
item	25305	itemStackLimit	1
item	25305	hasSubtypes	false
item	25305	maxDamage	0
item	25305	isDamageable	false
item	25305	localizedName	item.HandMirror
item	25305	unlocalizedName	item.HandMirror
item	25305	hasContainerItem	false
item	25305	statName	Magic Hand Mirror
item	25305	isMap	false
item	25305	itemUseAction	none
item	25305	maxItemUseDuration	0
item	25305	potionEffect	null
item	25305	isPotionIngredient	false
item	25305	itemDisplayName	Magic Hand Mirror
item	25305	isItemTool	false
item	25305	enchantability	0
item	25305	isRepairable	false
item	25305	isItemBlock	false
enchantment	150	id	150
enchantment	150	weight	4
enchantment	150	minLevel	1
enchantment	150	maxLevel	3
enchantment	150	name	enchantment.potency
enchantment	150	translatedName	Potency I
enchantment	151	id	151
enchantment	151	weight	5
enchantment	151	minLevel	1
enchantment	151	maxLevel	3
enchantment	151	name	enchantment.frugal
enchantment	151	translatedName	Frugal I
enchantment	152	id	152
enchantment	152	weight	2
enchantment	152	minLevel	1
enchantment	152	maxLevel	1
enchantment	152	name	enchantment.charging
enchantment	152	translatedName	Charging I
enchantment	153	id	153
enchantment	153	weight	3
enchantment	153	minLevel	1
enchantment	153	maxLevel	3
enchantment	153	name	enchantment.wandfortune
enchantment	153	translatedName	Treasure I
enchantment	154	id	154
enchantment	154	weight	3
enchantment	154	minLevel	1
enchantment	154	maxLevel	3
enchantment	154	name	enchantment.haste
enchantment	154	translatedName	Haste I
enchantment	155	id	155
enchantment	155	weight	2
enchantment	155	minLevel	1
enchantment	155	maxLevel	2
enchantment	155	name	enchantment.repair
enchantment	155	translatedName	Repair I
entity	3	name	entSpecialItem
entity	3	class	thaumcraft.common.entities.EntitySpecialItem
entity	4	name	entFollowItem
entity	4	class	thaumcraft.common.entities.EntityFollowingItem
entity	5	name	entGolemClay
entity	5	class	thaumcraft.common.entities.golems.EntityGolemClay
entity	6	name	entGolemClayAdv
entity	6	class	thaumcraft.common.entities.golems.EntityGolemClayAdvanced
entity	7	name	entGolemWood
entity	7	class	thaumcraft.common.entities.golems.EntityGolemWood
entity	8	name	entGolemTallow
entity	8	class	thaumcraft.common.entities.golems.EntityGolemTallow
entity	23	name	entGolemStraw
entity	23	class	thaumcraft.common.entities.golems.EntityGolemStraw
entity	25	name	entGolemStone
entity	25	class	thaumcraft.common.entities.golems.EntityGolemStone
entity	24	name	entGolemIron
entity	24	class	thaumcraft.common.entities.golems.EntityGolemIronGuardian
entity	27	name	entBrainyZombie
entity	27	class	thaumcraft.common.entities.monster.EntityBrainyZombie
entity	26	name	entGolemStoneAdv
entity	26	class	thaumcraft.common.entities.golems.EntityGolemStoneAdvanced
entity	29	name	entAlumentum
entity	29	class	thaumcraft.common.entities.projectile.EntityAlumentum
entity	28	name	entGiantBrainyZombie
entity	28	class	thaumcraft.common.entities.monster.EntityGiantBrainyZombie
entity	31	name	entFirebat
entity	31	class	thaumcraft.common.entities.monster.EntityFireBat
entity	30	name	entWisp
entity	30	class	thaumcraft.common.entities.monster.EntityWisp
entity	34	name	entGolemTallowAdv
entity	34	class	thaumcraft.common.entities.golems.EntityGolemTallowAdvanced
entity	32	name	entFrostShard
entity	32	class	thaumcraft.common.entities.projectile.EntityFrostShard
entity	33	name	entDart
entity	33	class	thaumcraft.common.entities.projectile.EntityDart
recipes/smelting	Thaumcraft/tile.blockMagicalLog	input	2404
recipes/smelting	Thaumcraft/tile.blockMagicalLog	output	263:1
recipes/smelting	Thaumcraft/item.ItemNugget:31	input	25286:31
recipes/smelting	Thaumcraft/item.ItemNugget:31	output	266:0
recipes/smelting	Thaumcraft/item.ItemNugget:16	input	25286:16
recipes/smelting	Thaumcraft/item.ItemNugget:16	output	265:0
recipes/smelting	Thaumcraft/tile.blockCustomOre:7	input	2402:7
recipes/smelting	Thaumcraft/tile.blockCustomOre:7	output	25263:6
recipes/smelting	Thaumcraft/tile.blockCustomOre:0	input	2402:0
recipes/smelting	Thaumcraft/tile.blockCustomOre:0	output	25263:3
oredict	25286:2	name	nuggetTin
oredict	25286:4	name	nuggetLead
oredict	25286:3	name	nuggetSilver
oredict	25286:0	name	nuggetIron
oredict	25286:1	name	nuggetCopper
recipes/crafting/shaped	W=3;Thaumcraft/item.ItemNugget:0;Thaumcraft/item.ItemNugget:0;Thaumcraft/item.ItemNugget:0;Thaumcraft/item.ItemNugget:0;Thaumcraft/item.ItemNugget:0;Thaumcraft/item.ItemNugget:0;Thaumcraft/item.ItemNugget:0;Thaumcraft/item.ItemNugget:0;Thaumcraft/item.ItemNugget:0	output	265:0
recipes/crafting/shaped	W=1;Minecraft/item.ingotIron:0	output	25286:0
recipes/crafting/shaped	W=3;Thaumcraft/item.ItemNugget:5;Thaumcraft/item.ItemNugget:5;Thaumcraft/item.ItemNugget:5;Thaumcraft/item.ItemNugget:5;Thaumcraft/item.ItemNugget:5;Thaumcraft/item.ItemNugget:5;Thaumcraft/item.ItemNugget:5;Thaumcraft/item.ItemNugget:5;Thaumcraft/item.ItemNugget:5	output	25263:3
recipes/crafting/shaped	W=3;null;Minecraft/tile.wood:32767;null;Minecraft/tile.wood:32767;Minecraft/tile.cloth:0;Minecraft/tile.wood:32767;null;Minecraft/tile.wood:32767;null	output	2408:0
recipes/crafting/shaped	W=3;null;Minecraft/tile.wood:32767;null;Minecraft/tile.wood:32767;Minecraft/tile.cloth:1;Minecraft/tile.wood:32767;null;Minecraft/tile.wood:32767;null	output	2408:1
recipes/crafting/shaped	W=3;null;Minecraft/tile.wood:32767;null;Minecraft/tile.wood:32767;Minecraft/tile.cloth:2;Minecraft/tile.wood:32767;null;Minecraft/tile.wood:32767;null	output	2408:2
recipes/crafting/shaped	W=3;null;Minecraft/tile.wood:32767;null;Minecraft/tile.wood:32767;Minecraft/tile.cloth:3;Minecraft/tile.wood:32767;null;Minecraft/tile.wood:32767;null	output	2408:3
recipes/crafting/shaped	W=3;null;Minecraft/tile.wood:32767;null;Minecraft/tile.wood:32767;Minecraft/tile.cloth:4;Minecraft/tile.wood:32767;null;Minecraft/tile.wood:32767;null	output	2408:4
recipes/crafting/shaped	W=3;null;Minecraft/tile.wood:32767;null;Minecraft/tile.wood:32767;Minecraft/tile.cloth:5;Minecraft/tile.wood:32767;null;Minecraft/tile.wood:32767;null	output	2408:5
recipes/crafting/shaped	W=3;null;Minecraft/tile.wood:32767;null;Minecraft/tile.wood:32767;Minecraft/tile.cloth:6;Minecraft/tile.wood:32767;null;Minecraft/tile.wood:32767;null	output	2408:6
recipes/crafting/shaped	W=3;null;Minecraft/tile.wood:32767;null;Minecraft/tile.wood:32767;Minecraft/tile.cloth:7;Minecraft/tile.wood:32767;null;Minecraft/tile.wood:32767;null	output	2408:7
recipes/crafting/shaped	W=3;null;Minecraft/tile.wood:32767;null;Minecraft/tile.wood:32767;Minecraft/tile.cloth:8;Minecraft/tile.wood:32767;null;Minecraft/tile.wood:32767;null	output	2408:8
recipes/crafting/shaped	W=3;null;Minecraft/tile.wood:32767;null;Minecraft/tile.wood:32767;Minecraft/tile.cloth:9;Minecraft/tile.wood:32767;null;Minecraft/tile.wood:32767;null	output	2408:9
recipes/crafting/shaped	W=3;null;Minecraft/tile.wood:32767;null;Minecraft/tile.wood:32767;Minecraft/tile.cloth:10;Minecraft/tile.wood:32767;null;Minecraft/tile.wood:32767;null	output	2408:10
recipes/crafting/shaped	W=3;null;Minecraft/tile.wood:32767;null;Minecraft/tile.wood:32767;Minecraft/tile.cloth:11;Minecraft/tile.wood:32767;null;Minecraft/tile.wood:32767;null	output	2408:11
recipes/crafting/shaped	W=3;null;Minecraft/tile.wood:32767;null;Minecraft/tile.wood:32767;Minecraft/tile.cloth:12;Minecraft/tile.wood:32767;null;Minecraft/tile.wood:32767;null	output	2408:12
recipes/crafting/shaped	W=3;null;Minecraft/tile.wood:32767;null;Minecraft/tile.wood:32767;Minecraft/tile.cloth:13;Minecraft/tile.wood:32767;null;Minecraft/tile.wood:32767;null	output	2408:13
recipes/crafting/shaped	W=3;null;Minecraft/tile.wood:32767;null;Minecraft/tile.wood:32767;Minecraft/tile.cloth:14;Minecraft/tile.wood:32767;null;Minecraft/tile.wood:32767;null	output	2408:14
recipes/crafting/shaped	W=3;null;Minecraft/tile.wood:32767;null;Minecraft/tile.wood:32767;Minecraft/tile.cloth:15;Minecraft/tile.wood:32767;null;Minecraft/tile.wood:32767;null	output	2408:15
recipes/crafting/shaped	W=2;Thaumcraft/item.ItemResource:6;Thaumcraft/item.ItemResource:6;Thaumcraft/item.ItemResource:6;Thaumcraft/item.ItemResource:6	output	2421:0
recipes/crafting/shaped	W=2;Thaumcraft/tile.blockCosmeticOpaque:0;Thaumcraft/tile.blockCosmeticOpaque:0;Thaumcraft/tile.blockCosmeticOpaque:0;Thaumcraft/tile.blockCosmeticOpaque:0	output	2421:1
recipes/crafting/shaped	W=2;Minecraft/tile.obsidian:32767;Minecraft/tile.obsidian:32767;Minecraft/tile.obsidian:32767;Minecraft/tile.obsidian:32767	output	2422:1
recipes/crafting/shaped	W=1;Thaumcraft/tile.blockCosmeticOpaque:0	output	25263:6
recipes/crafting/shaped	W=1;Thaumcraft/tile.blockCosmeticOpaque:1	output	25263:6
recipes/crafting/shaped	W=3;Thaumcraft/item.ItemResource:9;Thaumcraft/item.ItemResource:9;Thaumcraft/item.ItemResource:9;Thaumcraft/item.ItemResource:9;Thaumcraft/item.ItemResource:9;Thaumcraft/item.ItemResource:9;Thaumcraft/item.ItemResource:9;Thaumcraft/item.ItemResource:9;Thaumcraft/item.ItemResource:9	output	25265:0
recipes/crafting/shaped	W=3;null;Minecraft/item.clay:0;null;Minecraft/tile.glass:32767;null;Minecraft/tile.glass:32767;null;Minecraft/tile.glass:32767;null	output	25261:0
recipes/crafting/shaped	W=3;Minecraft/tile.woodSlab:32767;Minecraft/tile.woodSlab:32767;Minecraft/tile.woodSlab:32767;Minecraft/tile.wood:32767;null;Minecraft/tile.wood:32767	output	2409:0
recipes/crafting/shaped	W=3;null;null;Thaumcraft/item.ItemShard:32767;null;Minecraft/item.stick:0;null;Minecraft/item.goldNugget:0;null;null	output	25256:50
recipes/crafting/shaped	W=3;Thaumcraft/item.ItemResource:2;Thaumcraft/item.ItemResource:2;Thaumcraft/item.ItemResource:2;Thaumcraft/item.ItemResource:2;null;Thaumcraft/item.ItemResource:2	output	25273:0
recipes/crafting/shaped	W=3;Thaumcraft/item.ItemResource:2;null;Thaumcraft/item.ItemResource:2;Thaumcraft/item.ItemResource:2;Thaumcraft/item.ItemResource:2;Thaumcraft/item.ItemResource:2;Thaumcraft/item.ItemResource:2;Thaumcraft/item.ItemResource:2;Thaumcraft/item.ItemResource:2	output	25274:0
recipes/crafting/shaped	W=3;Thaumcraft/item.ItemResource:2;Thaumcraft/item.ItemResource:2;Thaumcraft/item.ItemResource:2;Thaumcraft/item.ItemResource:2;null;Thaumcraft/item.ItemResource:2;Thaumcraft/item.ItemResource:2;null;Thaumcraft/item.ItemResource:2	output	25275:0
recipes/crafting/shaped	W=3;Thaumcraft/item.ItemResource:2;null;Thaumcraft/item.ItemResource:2;Thaumcraft/item.ItemResource:2;null;Thaumcraft/item.ItemResource:2	output	25276:0
recipes/crafting/shaped	W=1;Thaumcraft/item.ItemResource:2;Minecraft/item.stick:0;Minecraft/item.stick:0	output	25277:0
recipes/crafting/shaped	W=3;Thaumcraft/item.ItemResource:2;Thaumcraft/item.ItemResource:2;Thaumcraft/item.ItemResource:2;null;Minecraft/item.stick:0;null;null;Minecraft/item.stick:0;null	output	25278:0
recipes/crafting/shaped	W=2;Thaumcraft/item.ItemResource:2;Thaumcraft/item.ItemResource:2;Minecraft/item.stick:0;Thaumcraft/item.ItemResource:2;Minecraft/item.stick:0;null	output	25279:0
recipes/crafting/shaped	W=2;Thaumcraft/item.ItemResource:2;Thaumcraft/item.ItemResource:2;Minecraft/item.stick:0;null;Minecraft/item.stick:0;null	output	25281:0
recipes/crafting/shaped	W=1;Thaumcraft/item.ItemResource:2;Thaumcraft/item.ItemResource:2;Minecraft/item.stick:0	output	25280:0
recipes/crafting/shapeless	Minecraft/item.dyePowder:0;Minecraft/item.feather:0;Thaumcraft/item.ItemEssence:0	ingredient.0	25261:0
recipes/crafting/shapeless	Minecraft/item.dyePowder:0;Minecraft/item.feather:0;Thaumcraft/item.ItemEssence:0	ingredient.1	288:0
recipes/crafting/shapeless	Minecraft/item.dyePowder:0;Minecraft/item.feather:0;Thaumcraft/item.ItemEssence:0	ingredient.2	351:0
recipes/crafting/shapeless	Minecraft/item.dyePowder:0;Minecraft/item.feather:0;Thaumcraft/item.ItemEssence:0	output	25266:0
recipes/crafting/shapeless	Minecraft/item.dyePowder:0;Minecraft/item.feather:0;Minecraft/item.glassBottle:0	ingredient.0	374:0
recipes/crafting/shapeless	Minecraft/item.dyePowder:0;Minecraft/item.feather:0;Minecraft/item.glassBottle:0	ingredient.1	288:0
recipes/crafting/shapeless	Minecraft/item.dyePowder:0;Minecraft/item.feather:0;Minecraft/item.glassBottle:0	ingredient.2	351:0
recipes/crafting/shapeless	Minecraft/item.dyePowder:0;Minecraft/item.feather:0;Minecraft/item.glassBottle:0	output	25266:0
recipes/crafting/shapeless	Minecraft/item.dyePowder:0;Thaumcraft/item.ItemInkwell:32767	ingredient.0	25266:*
recipes/crafting/shapeless	Minecraft/item.dyePowder:0;Thaumcraft/item.ItemInkwell:32767	ingredient.1	351:0
recipes/crafting/shapeless	Minecraft/item.dyePowder:0;Thaumcraft/item.ItemInkwell:32767	output	25266:0
recipes/crafting/shapeless	Minecraft/item.sugar:0;Thaumcraft/item.ItemNuggetBeef:0;Thaumcraft/item.ItemNuggetChicken:0;Thaumcraft/item.ItemNuggetPork:0	ingredient.0	25288:0
recipes/crafting/shapeless	Minecraft/item.sugar:0;Thaumcraft/item.ItemNuggetBeef:0;Thaumcraft/item.ItemNuggetChicken:0;Thaumcraft/item.ItemNuggetPork:0	ingredient.1	25289:0
recipes/crafting/shapeless	Minecraft/item.sugar:0;Thaumcraft/item.ItemNuggetBeef:0;Thaumcraft/item.ItemNuggetChicken:0;Thaumcraft/item.ItemNuggetPork:0	ingredient.2	25290:0
recipes/crafting/shapeless	Minecraft/item.sugar:0;Thaumcraft/item.ItemNuggetBeef:0;Thaumcraft/item.ItemNuggetChicken:0;Thaumcraft/item.ItemNuggetPork:0	ingredient.3	353:0
recipes/crafting/shapeless	Minecraft/item.sugar:0;Thaumcraft/item.ItemNuggetBeef:0;Thaumcraft/item.ItemNuggetChicken:0;Thaumcraft/item.ItemNuggetPork:0	output	25295:0
