block	2230	id	2230
block	2230	resistence	0.5
block	2230	enableStats	true
block	2230	needsRandomTick	true
block	2230	bounds	0.000000-1.000000,0.000000-1.000000,0.000000-1.000000
block	2230	stepSound	step.cloth
block	2230	particleGravity	1.0
block	2230	material	cake
block	2230	isLiquid	false
block	2230	isSolid	true
block	2230	canBlockGrass	true
block	2230	blocksMovement	true
block	2230	canBurn	false
block	2230	isReplaceable	false
block	2230	isOpaque	true
block	2230	isToolNotRequired	true
block	2230	slipperiness	0.6
block	2230	unlocalizedName	tile.null
block	2230	isNormalCube	false
block	2230	renderAsNormalBlock	false
block	2230	renderType	0
block	2230	localizedName	tile.null.name
block	2230	hardness	0.5
block	2230	hasTileEntity	false
block	2230	opaqueCube	false
block	2230	canCollideCheck	true
block	2230	isCollidable	true
block	2230	quantityDropped	0
block	2230	damageDropped	0
block	2230	canProvidePower	false
block	2230	mobilityFlag	1
block	2230	hasComparatorInputOverride	false
block	2231	id	2231
block	2231	resistence	0.5
block	2231	enableStats	true
block	2231	needsRandomTick	true
block	2231	bounds	0.000000-1.000000,0.000000-1.000000,0.000000-1.000000
block	2231	stepSound	step.cloth
block	2231	particleGravity	1.0
block	2231	material	cake
block	2231	isLiquid	false
block	2231	isSolid	true
block	2231	canBlockGrass	true
block	2231	blocksMovement	true
block	2231	canBurn	false
block	2231	isReplaceable	false
block	2231	isOpaque	true
block	2231	isToolNotRequired	true
block	2231	slipperiness	0.6
block	2231	unlocalizedName	tile.null
block	2231	isNormalCube	false
block	2231	renderAsNormalBlock	false
block	2231	renderType	0
block	2231	localizedName	tile.null.name
block	2231	hardness	0.5
block	2231	hasTileEntity	false
block	2231	opaqueCube	false
block	2231	canCollideCheck	true
block	2231	isCollidable	true
block	2231	quantityDropped	0
block	2231	damageDropped	0
block	2231	canProvidePower	false
block	2231	mobilityFlag	1
block	2231	hasComparatorInputOverride	false
block	2232	id	2232
block	2232	resistence	0.5
block	2232	enableStats	true
block	2232	needsRandomTick	true
block	2232	bounds	0.000000-1.000000,0.000000-1.000000,0.000000-1.000000
block	2232	stepSound	step.cloth
block	2232	particleGravity	1.0
block	2232	material	cake
block	2232	isLiquid	false
block	2232	isSolid	true
block	2232	canBlockGrass	true
block	2232	blocksMovement	true
block	2232	canBurn	false
block	2232	isReplaceable	false
block	2232	isOpaque	true
block	2232	isToolNotRequired	true
block	2232	slipperiness	0.6
block	2232	unlocalizedName	tile.null
block	2232	isNormalCube	false
block	2232	renderAsNormalBlock	false
block	2232	renderType	0
block	2232	localizedName	tile.null.name
block	2232	hardness	0.5
block	2232	hasTileEntity	false
block	2232	opaqueCube	false
block	2232	canCollideCheck	true
block	2232	isCollidable	true
block	2232	quantityDropped	0
block	2232	damageDropped	0
block	2232	canProvidePower	false
block	2232	mobilityFlag	1
block	2232	hasComparatorInputOverride	false
block	2237	id	2237
block	2237	resistence	0.5
block	2237	enableStats	true
block	2237	needsRandomTick	true
block	2237	bounds	0.000000-1.000000,0.000000-1.000000,0.000000-1.000000
block	2237	stepSound	step.cloth
block	2237	particleGravity	1.0
block	2237	material	cake
block	2237	isLiquid	false
block	2237	isSolid	true
block	2237	canBlockGrass	true
block	2237	blocksMovement	true
block	2237	canBurn	false
block	2237	isReplaceable	false
block	2237	isOpaque	true
block	2237	isToolNotRequired	true
block	2237	slipperiness	0.6
block	2237	unlocalizedName	tile.null
block	2237	isNormalCube	false
block	2237	renderAsNormalBlock	false
block	2237	renderType	0
block	2237	localizedName	tile.null.name
block	2237	hardness	0.5
block	2237	hasTileEntity	false
block	2237	opaqueCube	false
block	2237	canCollideCheck	true
block	2237	isCollidable	true
block	2237	quantityDropped	0
block	2237	damageDropped	0
block	2237	canProvidePower	false
block	2237	mobilityFlag	1
block	2237	hasComparatorInputOverride	false
item	2230	id	2230
item	2230	gid	UsefulFood/id2230
item	2230	itemStackLimit	64
item	2230	hasSubtypes	false
item	2230	maxDamage	0
item	2230	isDamageable	false
item	2230	localizedName	tile.null
item	2230	unlocalizedName	tile.null
item	2230	hasContainerItem	false
item	2230	statName	tile.null.name
item	2230	isMap	false
item	2230	itemUseAction	none
item	2230	maxItemUseDuration	0
item	2230	potionEffect	null
item	2230	isPotionIngredient	false
item	2230	itemDisplayName	
item	2230	isItemTool	false
item	2230	enchantability	0
item	2230	isRepairable	false
item	2230	isItemBlock	true
item	2231	id	2231
item	2231	gid	UsefulFood/id2231
item	2231	itemStackLimit	64
item	2231	hasSubtypes	false
item	2231	maxDamage	0
item	2231	isDamageable	false
item	2231	localizedName	tile.null
item	2231	unlocalizedName	tile.null
item	2231	hasContainerItem	false
item	2231	statName	tile.null.name
item	2231	isMap	false
item	2231	itemUseAction	none
item	2231	maxItemUseDuration	0
item	2231	potionEffect	null
item	2231	isPotionIngredient	false
item	2231	itemDisplayName	
item	2231	isItemTool	false
item	2231	enchantability	0
item	2231	isRepairable	false
item	2231	isItemBlock	true
item	2232	id	2232
item	2232	gid	UsefulFood/id2232
item	2232	itemStackLimit	64
item	2232	hasSubtypes	false
item	2232	maxDamage	0
item	2232	isDamageable	false
item	2232	localizedName	tile.null
item	2232	unlocalizedName	tile.null
item	2232	hasContainerItem	false
item	2232	statName	tile.null.name
item	2232	isMap	false
item	2232	itemUseAction	none
item	2232	maxItemUseDuration	0
item	2232	potionEffect	null
item	2232	isPotionIngredient	false
item	2232	itemDisplayName	
item	2232	isItemTool	false
item	2232	enchantability	0
item	2232	isRepairable	false
item	2232	isItemBlock	true
item	2237	id	2237
item	2237	gid	UsefulFood/id2237
item	2237	itemStackLimit	64
item	2237	hasSubtypes	false
item	2237	maxDamage	0
item	2237	isDamageable	false
item	2237	localizedName	tile.null
item	2237	unlocalizedName	tile.null
item	2237	hasContainerItem	false
item	2237	statName	tile.null.name
item	2237	isMap	false
item	2237	itemUseAction	none
item	2237	maxItemUseDuration	0
item	2237	potionEffect	null
item	2237	isPotionIngredient	false
item	2237	itemDisplayName	
item	2237	isItemTool	false
item	2237	enchantability	0
item	2237	isRepairable	false
item	2237	isItemBlock	true
item	5306	id	5306
item	5306	gid	UsefulFood/item.MagicFruitSalad
item	5306	itemStackLimit	1
item	5306	hasSubtypes	false
item	5306	maxDamage	0
item	5306	isDamageable	false
item	5306	localizedName	item.MagicFruitSalad
item	5306	unlocalizedName	item.MagicFruitSalad
item	5306	hasContainerItem	false
item	5306	statName	item.MagicFruitSalad.name
item	5306	isMap	false
item	5306	itemUseAction	eat
item	5306	maxItemUseDuration	32
item	5306	potionEffect	null
item	5306	isPotionIngredient	false
item	5306	itemDisplayName	
item	5306	isItemTool	false
item	5306	enchantability	0
item	5306	isRepairable	false
item	5306	isItemBlock	false
item	5307	id	5307
item	5307	gid	UsefulFood/item.FriedEgg
item	5307	itemStackLimit	64
item	5307	hasSubtypes	false
item	5307	maxDamage	0
item	5307	isDamageable	false
item	5307	localizedName	item.FriedEgg
item	5307	unlocalizedName	item.FriedEgg
item	5307	hasContainerItem	false
item	5307	statName	item.FriedEgg.name
item	5307	isMap	false
item	5307	itemUseAction	eat
item	5307	maxItemUseDuration	32
item	5307	potionEffect	null
item	5307	isPotionIngredient	false
item	5307	itemDisplayName	
item	5307	isItemTool	false
item	5307	enchantability	0
item	5307	isRepairable	false
item	5307	isItemBlock	false
item	5308	id	5308
item	5308	gid	UsefulFood/item.PumpkinSoup
item	5308	itemStackLimit	1
item	5308	hasSubtypes	false
item	5308	maxDamage	0
item	5308	isDamageable	false
item	5308	localizedName	item.PumpkinSoup
item	5308	unlocalizedName	item.PumpkinSoup
item	5308	hasContainerItem	false
item	5308	statName	item.PumpkinSoup.name
item	5308	isMap	false
item	5308	itemUseAction	drink
item	5308	maxItemUseDuration	32
item	5308	potionEffect	null
item	5308	isPotionIngredient	false
item	5308	itemDisplayName	
item	5308	isItemTool	false
item	5308	enchantability	0
item	5308	isRepairable	false
item	5308	isItemBlock	false
item	5309	id	5309
item	5309	gid	UsefulFood/item.Salad
item	5309	itemStackLimit	1
item	5309	hasSubtypes	false
item	5309	maxDamage	0
item	5309	isDamageable	false
item	5309	localizedName	item.Salad
item	5309	unlocalizedName	item.Salad
item	5309	hasContainerItem	false
item	5309	statName	item.Salad.name
item	5309	isMap	false
item	5309	itemUseAction	eat
item	5309	maxItemUseDuration	32
item	5309	potionEffect	null
item	5309	isPotionIngredient	false
item	5309	itemDisplayName	
item	5309	isItemTool	false
item	5309	enchantability	0
item	5309	isRepairable	false
item	5309	isItemBlock	false
item	5310	id	5310
item	5310	gid	UsefulFood/item.MilkBottle
item	5310	itemStackLimit	16
item	5310	hasSubtypes	false
item	5310	maxDamage	0
item	5310	isDamageable	false
item	5310	localizedName	item.MilkBottle
item	5310	unlocalizedName	item.MilkBottle
item	5310	hasContainerItem	true
item	5310	statName	item.MilkBottle.name
item	5310	isMap	false
item	5310	itemUseAction	drink
item	5310	maxItemUseDuration	32
item	5310	potionEffect	null
item	5310	isPotionIngredient	false
item	5310	itemDisplayName	
item	5310	isItemTool	false
item	5310	enchantability	0
item	5310	isRepairable	false
item	5310	isItemBlock	false
item	5311	id	5311
item	5311	gid	UsefulFood/item.FruitSalad
item	5311	itemStackLimit	1
item	5311	hasSubtypes	false
item	5311	maxDamage	0
item	5311	isDamageable	false
item	5311	localizedName	item.FruitSalad
item	5311	unlocalizedName	item.FruitSalad
item	5311	hasContainerItem	false
item	5311	statName	item.FruitSalad.name
item	5311	isMap	false
item	5311	itemUseAction	eat
item	5311	maxItemUseDuration	32
item	5311	potionEffect	null
item	5311	isPotionIngredient	false
item	5311	itemDisplayName	
item	5311	isItemTool	false
item	5311	enchantability	0
item	5311	isRepairable	false
item	5311	isItemBlock	false
item	5312	id	5312
item	5312	gid	UsefulFood/item.RoastedSeeds
item	5312	itemStackLimit	64
item	5312	hasSubtypes	false
item	5312	maxDamage	0
item	5312	isDamageable	false
item	5312	localizedName	item.RoastedSeeds
item	5312	unlocalizedName	item.RoastedSeeds
item	5312	hasContainerItem	false
item	5312	statName	item.RoastedSeeds.name
item	5312	isMap	false
item	5312	itemUseAction	eat
item	5312	maxItemUseDuration	32
item	5312	potionEffect	null
item	5312	isPotionIngredient	false
item	5312	itemDisplayName	
item	5312	isItemTool	false
item	5312	enchantability	0
item	5312	isRepairable	false
item	5312	isItemBlock	false
item	5313	id	5313
item	5313	gid	UsefulFood/item.SugarCube
item	5313	itemStackLimit	64
item	5313	hasSubtypes	false
item	5313	maxDamage	0
item	5313	isDamageable	false
item	5313	localizedName	item.SugarCube
item	5313	unlocalizedName	item.SugarCube
item	5313	hasContainerItem	false
item	5313	statName	item.SugarCube.name
item	5313	isMap	false
item	5313	itemUseAction	eat
item	5313	maxItemUseDuration	32
item	5313	potionEffect	null
item	5313	isPotionIngredient	false
item	5313	itemDisplayName	
item	5313	isItemTool	false
item	5313	enchantability	0
item	5313	isRepairable	false
item	5313	isItemBlock	false
item	5314	id	5314
item	5314	gid	UsefulFood/item.ChocolateMilkBottle
item	5314	itemStackLimit	16
item	5314	hasSubtypes	false
item	5314	maxDamage	0
item	5314	isDamageable	false
item	5314	localizedName	item.ChocolateMilkBottle
item	5314	unlocalizedName	item.ChocolateMilkBottle
item	5314	hasContainerItem	false
item	5314	statName	item.ChocolateMilkBottle.name
item	5314	isMap	false
item	5314	itemUseAction	drink
item	5314	maxItemUseDuration	32
item	5314	potionEffect	null
item	5314	isPotionIngredient	false
item	5314	itemDisplayName	
item	5314	isItemTool	false
item	5314	enchantability	0
item	5314	isRepairable	false
item	5314	isItemBlock	false
item	5315	id	5315
item	5315	gid	UsefulFood/item.Cheese
item	5315	itemStackLimit	64
item	5315	hasSubtypes	false
item	5315	maxDamage	0
item	5315	isDamageable	false
item	5315	localizedName	item.Cheese
item	5315	unlocalizedName	item.Cheese
item	5315	hasContainerItem	false
item	5315	statName	item.Cheese.name
item	5315	isMap	false
item	5315	itemUseAction	eat
item	5315	maxItemUseDuration	32
item	5315	potionEffect	null
item	5315	isPotionIngredient	false
item	5315	itemDisplayName	
item	5315	isItemTool	false
item	5315	enchantability	0
item	5315	isRepairable	false
item	5315	isItemBlock	false
item	5317	id	5317
item	5317	gid	UsefulFood/item.ChocolateBar
item	5317	itemStackLimit	64
item	5317	hasSubtypes	false
item	5317	maxDamage	0
item	5317	isDamageable	false
item	5317	localizedName	item.ChocolateBar
item	5317	unlocalizedName	item.ChocolateBar
item	5317	hasContainerItem	false
item	5317	statName	item.ChocolateBar.name
item	5317	isMap	false
item	5317	itemUseAction	eat
item	5317	maxItemUseDuration	32
item	5317	potionEffect	null
item	5317	isPotionIngredient	false
item	5317	itemDisplayName	
item	5317	isItemTool	false
item	5317	enchantability	0
item	5317	isRepairable	false
item	5317	isItemBlock	false
item	5318	id	5318
item	5318	gid	UsefulFood/item.Caramel
item	5318	itemStackLimit	64
item	5318	hasSubtypes	false
item	5318	maxDamage	0
item	5318	isDamageable	false
item	5318	localizedName	item.Caramel
item	5318	unlocalizedName	item.Caramel
item	5318	hasContainerItem	false
item	5318	statName	item.Caramel.name
item	5318	isMap	false
item	5318	itemUseAction	eat
item	5318	maxItemUseDuration	32
item	5318	potionEffect	null
item	5318	isPotionIngredient	false
item	5318	itemDisplayName	
item	5318	isItemTool	false
item	5318	enchantability	0
item	5318	isRepairable	false
item	5318	isItemBlock	false
item	5319	id	5319
item	5319	gid	UsefulFood/item.CaramelApple
item	5319	itemStackLimit	1
item	5319	hasSubtypes	false
item	5319	maxDamage	0
item	5319	isDamageable	false
item	5319	localizedName	item.CaramelApple
item	5319	unlocalizedName	item.CaramelApple
item	5319	hasContainerItem	false
item	5319	statName	item.CaramelApple.name
item	5319	isMap	false
item	5319	itemUseAction	eat
item	5319	maxItemUseDuration	32
item	5319	potionEffect	null
item	5319	isPotionIngredient	false
item	5319	itemDisplayName	
item	5319	isItemTool	false
item	5319	enchantability	0
item	5319	isRepairable	false
item	5319	isItemBlock	false
item	5320	id	5320
item	5320	gid	UsefulFood/item.Oatmeal
item	5320	itemStackLimit	1
item	5320	hasSubtypes	false
item	5320	maxDamage	0
item	5320	isDamageable	false
item	5320	localizedName	item.Oatmeal
item	5320	unlocalizedName	item.Oatmeal
item	5320	hasContainerItem	false
item	5320	statName	item.Oatmeal.name
item	5320	isMap	false
item	5320	itemUseAction	eat
item	5320	maxItemUseDuration	32
item	5320	potionEffect	null
item	5320	isPotionIngredient	false
item	5320	itemDisplayName	
item	5320	isItemTool	false
item	5320	enchantability	0
item	5320	isRepairable	false
item	5320	isItemBlock	false
item	5321	id	5321
item	5321	gid	UsefulFood/item.Jelly
item	5321	itemStackLimit	1
item	5321	hasSubtypes	false
item	5321	maxDamage	0
item	5321	isDamageable	false
item	5321	localizedName	item.Jelly
item	5321	unlocalizedName	item.Jelly
item	5321	hasContainerItem	false
item	5321	statName	item.Jelly.name
item	5321	isMap	false
item	5321	itemUseAction	eat
item	5321	maxItemUseDuration	32
item	5321	potionEffect	null
item	5321	isPotionIngredient	false
item	5321	itemDisplayName	
item	5321	isItemTool	false
item	5321	enchantability	0
item	5321	isRepairable	false
item	5321	isItemBlock	false
item	5322	id	5322
item	5322	gid	UsefulFood/item.RawMarshmallow
item	5322	itemStackLimit	1
item	5322	hasSubtypes	false
item	5322	maxDamage	0
item	5322	isDamageable	false
item	5322	localizedName	item.RawMarshmallow
item	5322	unlocalizedName	item.RawMarshmallow
item	5322	hasContainerItem	false
item	5322	statName	item.RawMarshmallow.name
item	5322	isMap	false
item	5322	itemUseAction	eat
item	5322	maxItemUseDuration	32
item	5322	potionEffect	null
item	5322	isPotionIngredient	false
item	5322	itemDisplayName	
item	5322	isItemTool	false
item	5322	enchantability	0
item	5322	isRepairable	false
item	5322	isItemBlock	false
item	5323	id	5323
item	5323	gid	UsefulFood/item.CookedMarshmallow
item	5323	itemStackLimit	1
item	5323	hasSubtypes	false
item	5323	maxDamage	0
item	5323	isDamageable	false
item	5323	localizedName	item.CookedMarshmallow
item	5323	unlocalizedName	item.CookedMarshmallow
item	5323	hasContainerItem	false
item	5323	statName	item.CookedMarshmallow.name
item	5323	isMap	false
item	5323	itemUseAction	eat
item	5323	maxItemUseDuration	32
item	5323	potionEffect	null
item	5323	isPotionIngredient	false
item	5323	itemDisplayName	
item	5323	isItemTool	false
item	5323	enchantability	0
item	5323	isRepairable	false
item	5323	isItemBlock	false
item	5324	id	5324
item	5324	gid	UsefulFood/item.VanillaIceCream
item	5324	itemStackLimit	1
item	5324	hasSubtypes	false
item	5324	maxDamage	0
item	5324	isDamageable	false
item	5324	localizedName	item.VanillaIceCream
item	5324	unlocalizedName	item.VanillaIceCream
item	5324	hasContainerItem	false
item	5324	statName	item.VanillaIceCream.name
item	5324	isMap	false
item	5324	itemUseAction	eat
item	5324	maxItemUseDuration	32
item	5324	potionEffect	null
item	5324	isPotionIngredient	false
item	5324	itemDisplayName	
item	5324	isItemTool	false
item	5324	enchantability	0
item	5324	isRepairable	false
item	5324	isItemBlock	false
item	5325	id	5325
item	5325	gid	UsefulFood/item.Breadslice
item	5325	itemStackLimit	64
item	5325	hasSubtypes	false
item	5325	maxDamage	0
item	5325	isDamageable	false
item	5325	localizedName	item.Breadslice
item	5325	unlocalizedName	item.Breadslice
item	5325	hasContainerItem	false
item	5325	statName	item.Breadslice.name
item	5325	isMap	false
item	5325	itemUseAction	eat
item	5325	maxItemUseDuration	32
item	5325	potionEffect	null
item	5325	isPotionIngredient	false
item	5325	itemDisplayName	
item	5325	isItemTool	false
item	5325	enchantability	0
item	5325	isRepairable	false
item	5325	isItemBlock	false
item	5326	id	5326
item	5326	gid	UsefulFood/item.PorkChopSandwich
item	5326	itemStackLimit	64
item	5326	hasSubtypes	false
item	5326	maxDamage	0
item	5326	isDamageable	false
item	5326	localizedName	item.PorkChopSandwich
item	5326	unlocalizedName	item.PorkChopSandwich
item	5326	hasContainerItem	false
item	5326	statName	item.PorkChopSandwich.name
item	5326	isMap	false
item	5326	itemUseAction	eat
item	5326	maxItemUseDuration	32
item	5326	potionEffect	null
item	5326	isPotionIngredient	false
item	5326	itemDisplayName	
item	5326	isItemTool	false
item	5326	enchantability	0
item	5326	isRepairable	false
item	5326	isItemBlock	false
item	5327	id	5327
item	5327	gid	UsefulFood/item.SteakSandwich
item	5327	itemStackLimit	64
item	5327	hasSubtypes	false
item	5327	maxDamage	0
item	5327	isDamageable	false
item	5327	localizedName	item.SteakSandwich
item	5327	unlocalizedName	item.SteakSandwich
item	5327	hasContainerItem	false
item	5327	statName	item.SteakSandwich.name
item	5327	isMap	false
item	5327	itemUseAction	eat
item	5327	maxItemUseDuration	32
item	5327	potionEffect	null
item	5327	isPotionIngredient	false
item	5327	itemDisplayName	
item	5327	isItemTool	false
item	5327	enchantability	0
item	5327	isRepairable	false
item	5327	isItemBlock	false
item	5328	id	5328
item	5328	gid	UsefulFood/item.FishSandwich
item	5328	itemStackLimit	64
item	5328	hasSubtypes	false
item	5328	maxDamage	0
item	5328	isDamageable	false
item	5328	localizedName	item.FishSandwich
item	5328	unlocalizedName	item.FishSandwich
item	5328	hasContainerItem	false
item	5328	statName	item.FishSandwich.name
item	5328	isMap	false
item	5328	itemUseAction	eat
item	5328	maxItemUseDuration	32
item	5328	potionEffect	null
item	5328	isPotionIngredient	false
item	5328	itemDisplayName	
item	5328	isItemTool	false
item	5328	enchantability	0
item	5328	isRepairable	false
item	5328	isItemBlock	false
item	5329	id	5329
item	5329	gid	UsefulFood/item.ChickenSandwich
item	5329	itemStackLimit	64
item	5329	hasSubtypes	false
item	5329	maxDamage	0
item	5329	isDamageable	false
item	5329	localizedName	item.ChickenSandwich
item	5329	unlocalizedName	item.ChickenSandwich
item	5329	hasContainerItem	false
item	5329	statName	item.ChickenSandwich.name
item	5329	isMap	false
item	5329	itemUseAction	eat
item	5329	maxItemUseDuration	32
item	5329	potionEffect	null
item	5329	isPotionIngredient	false
item	5329	itemDisplayName	
item	5329	isItemTool	false
item	5329	enchantability	0
item	5329	isRepairable	false
item	5329	isItemBlock	false
item	5330	id	5330
item	5330	gid	UsefulFood/item.EggSandwich
item	5330	itemStackLimit	64
item	5330	hasSubtypes	false
item	5330	maxDamage	0
item	5330	isDamageable	false
item	5330	localizedName	item.EggSandwich
item	5330	unlocalizedName	item.EggSandwich
item	5330	hasContainerItem	false
item	5330	statName	item.EggSandwich.name
item	5330	isMap	false
item	5330	itemUseAction	eat
item	5330	maxItemUseDuration	32
item	5330	potionEffect	null
item	5330	isPotionIngredient	false
item	5330	itemDisplayName	
item	5330	isItemTool	false
item	5330	enchantability	0
item	5330	isRepairable	false
item	5330	isItemBlock	false
item	5331	id	5331
item	5331	gid	UsefulFood/item.AppleCake
item	5331	itemStackLimit	1
item	5331	hasSubtypes	false
item	5331	maxDamage	0
item	5331	isDamageable	false
item	5331	localizedName	item.AppleCake
item	5331	unlocalizedName	item.AppleCake
item	5331	hasContainerItem	false
item	5331	statName	item.AppleCake.name
item	5331	isMap	false
item	5331	itemUseAction	none
item	5331	maxItemUseDuration	0
item	5331	potionEffect	null
item	5331	isPotionIngredient	false
item	5331	itemDisplayName	
item	5331	isItemTool	false
item	5331	enchantability	0
item	5331	isRepairable	false
item	5331	isItemBlock	false
item	5332	id	5332
item	5332	gid	UsefulFood/item.ChocolateCake
item	5332	itemStackLimit	1
item	5332	hasSubtypes	false
item	5332	maxDamage	0
item	5332	isDamageable	false
item	5332	localizedName	item.ChocolateCake
item	5332	unlocalizedName	item.ChocolateCake
item	5332	hasContainerItem	false
item	5332	statName	item.ChocolateCake.name
item	5332	isMap	false
item	5332	itemUseAction	none
item	5332	maxItemUseDuration	0
item	5332	potionEffect	null
item	5332	isPotionIngredient	false
item	5332	itemDisplayName	
item	5332	isItemTool	false
item	5332	enchantability	0
item	5332	isRepairable	false
item	5332	isItemBlock	false
item	5333	id	5333
item	5333	gid	UsefulFood/item.Biscuit
item	5333	itemStackLimit	64
item	5333	hasSubtypes	false
item	5333	maxDamage	0
item	5333	isDamageable	false
item	5333	localizedName	item.Biscuit
item	5333	unlocalizedName	item.Biscuit
item	5333	hasContainerItem	false
item	5333	statName	item.Biscuit.name
item	5333	isMap	false
item	5333	itemUseAction	eat
item	5333	maxItemUseDuration	32
item	5333	potionEffect	null
item	5333	isPotionIngredient	false
item	5333	itemDisplayName	
item	5333	isItemTool	false
item	5333	enchantability	0
item	5333	isRepairable	false
item	5333	isItemBlock	false
item	5334	id	5334
item	5334	gid	UsefulFood/item.Trailmix
item	5334	itemStackLimit	1
item	5334	hasSubtypes	false
item	5334	maxDamage	0
item	5334	isDamageable	false
item	5334	localizedName	item.Trailmix
item	5334	unlocalizedName	item.Trailmix
item	5334	hasContainerItem	false
item	5334	statName	item.Trailmix.name
item	5334	isMap	false
item	5334	itemUseAction	eat
item	5334	maxItemUseDuration	32
item	5334	potionEffect	null
item	5334	isPotionIngredient	false
item	5334	itemDisplayName	
item	5334	isItemTool	false
item	5334	enchantability	0
item	5334	isRepairable	false
item	5334	isItemBlock	false
item	5335	id	5335
item	5335	gid	UsefulFood/item.MagicCake
item	5335	itemStackLimit	1
item	5335	hasSubtypes	false
item	5335	maxDamage	0
item	5335	isDamageable	false
item	5335	localizedName	item.MagicCake
item	5335	unlocalizedName	item.MagicCake
item	5335	hasContainerItem	false
item	5335	statName	item.MagicCake.name
item	5335	isMap	false
item	5335	itemUseAction	none
item	5335	maxItemUseDuration	0
item	5335	potionEffect	null
item	5335	isPotionIngredient	false
item	5335	itemDisplayName	
item	5335	isItemTool	false
item	5335	enchantability	0
item	5335	isRepairable	false
item	5335	isItemBlock	false
item	5336	id	5336
item	5336	gid	UsefulFood/item.CookedMutton
item	5336	itemStackLimit	64
item	5336	hasSubtypes	false
item	5336	maxDamage	0
item	5336	isDamageable	false
item	5336	localizedName	item.CookedMutton
item	5336	unlocalizedName	item.CookedMutton
item	5336	hasContainerItem	false
item	5336	statName	item.CookedMutton.name
item	5336	isMap	false
item	5336	itemUseAction	eat
item	5336	maxItemUseDuration	32
item	5336	potionEffect	null
item	5336	isPotionIngredient	false
item	5336	itemDisplayName	
item	5336	isItemTool	false
item	5336	enchantability	0
item	5336	isRepairable	false
item	5336	isItemBlock	false
item	5337	id	5337
item	5337	gid	UsefulFood/item.RawMutton
item	5337	itemStackLimit	64
item	5337	hasSubtypes	false
item	5337	maxDamage	0
item	5337	isDamageable	false
item	5337	localizedName	item.RawMutton
item	5337	unlocalizedName	item.RawMutton
item	5337	hasContainerItem	false
item	5337	statName	item.RawMutton.name
item	5337	isMap	false
item	5337	itemUseAction	eat
item	5337	maxItemUseDuration	32
item	5337	potionEffect	null
item	5337	isPotionIngredient	false
item	5337	itemDisplayName	
item	5337	isItemTool	false
item	5337	enchantability	0
item	5337	isRepairable	false
item	5337	isItemBlock	false
item	5338	id	5338
item	5338	gid	UsefulFood/item.MuttonSandwich
item	5338	itemStackLimit	64
item	5338	hasSubtypes	false
item	5338	maxDamage	0
item	5338	isDamageable	false
item	5338	localizedName	item.MuttonSandwich
item	5338	unlocalizedName	item.MuttonSandwich
item	5338	hasContainerItem	false
item	5338	statName	item.MuttonSandwich.name
item	5338	isMap	false
item	5338	itemUseAction	eat
item	5338	maxItemUseDuration	32
item	5338	potionEffect	null
item	5338	isPotionIngredient	false
item	5338	itemDisplayName	
item	5338	isItemTool	false
item	5338	enchantability	0
item	5338	isRepairable	false
item	5338	isItemBlock	false
item	5339	id	5339
item	5339	gid	UsefulFood/item.Hungrz
item	5339	itemStackLimit	64
item	5339	hasSubtypes	false
item	5339	maxDamage	0
item	5339	isDamageable	false
item	5339	localizedName	item.Hungrz
item	5339	unlocalizedName	item.Hungrz
item	5339	hasContainerItem	false
item	5339	statName	item.Hungrz.name
item	5339	isMap	false
item	5339	itemUseAction	none
item	5339	maxItemUseDuration	0
item	5339	potionEffect	null
item	5339	isPotionIngredient	false
item	5339	itemDisplayName	
item	5339	isItemTool	false
item	5339	enchantability	0
item	5339	isRepairable	false
item	5339	isItemBlock	false
item	5357	id	5357
item	5357	gid	UsefulFood/item.MagicAppleJuice
item	5357	itemStackLimit	16
item	5357	hasSubtypes	false
item	5357	maxDamage	0
item	5357	isDamageable	false
item	5357	localizedName	item.MagicAppleJuice
item	5357	unlocalizedName	item.MagicAppleJuice
item	5357	hasContainerItem	false
item	5357	statName	item.MagicAppleJuice.name
item	5357	isMap	false
item	5357	itemUseAction	drink
item	5357	maxItemUseDuration	32
item	5357	potionEffect	null
item	5357	isPotionIngredient	false
item	5357	itemDisplayName	
item	5357	isItemTool	false
item	5357	enchantability	0
item	5357	isRepairable	false
item	5357	isItemBlock	false
item	5359	id	5359
item	5359	gid	UsefulFood/item.MelonJuice
item	5359	itemStackLimit	16
item	5359	hasSubtypes	false
item	5359	maxDamage	0
item	5359	isDamageable	false
item	5359	localizedName	item.MelonJuice
item	5359	unlocalizedName	item.MelonJuice
item	5359	hasContainerItem	false
item	5359	statName	item.MelonJuice.name
item	5359	isMap	false
item	5359	itemUseAction	drink
item	5359	maxItemUseDuration	32
item	5359	potionEffect	null
item	5359	isPotionIngredient	false
item	5359	itemDisplayName	
item	5359	isItemTool	false
item	5359	enchantability	0
item	5359	isRepairable	false
item	5359	isItemBlock	false
item	5361	id	5361
item	5361	gid	UsefulFood/item.AppleJuice
item	5361	itemStackLimit	16
item	5361	hasSubtypes	false
item	5361	maxDamage	0
item	5361	isDamageable	false
item	5361	localizedName	item.AppleJuice
item	5361	unlocalizedName	item.AppleJuice
item	5361	hasContainerItem	false
item	5361	statName	item.AppleJuice.name
item	5361	isMap	false
item	5361	itemUseAction	drink
item	5361	maxItemUseDuration	32
item	5361	potionEffect	null
item	5361	isPotionIngredient	false
item	5361	itemDisplayName	
item	5361	isItemTool	false
item	5361	enchantability	0
item	5361	isRepairable	false
item	5361	isItemBlock	false
item	5372	id	5372
item	5372	gid	UsefulFood/item.Sushi
item	5372	itemStackLimit	64
item	5372	hasSubtypes	false
item	5372	maxDamage	0
item	5372	isDamageable	false
item	5372	localizedName	item.Sushi
item	5372	unlocalizedName	item.Sushi
item	5372	hasContainerItem	false
item	5372	statName	item.Sushi.name
item	5372	isMap	false
item	5372	itemUseAction	eat
item	5372	maxItemUseDuration	32
item	5372	potionEffect	null
item	5372	isPotionIngredient	false
item	5372	itemDisplayName	
item	5372	isItemTool	false
item	5372	enchantability	0
item	5372	isRepairable	false
item	5372	isItemBlock	false
item	5373	id	5373
item	5373	gid	UsefulFood/item.SquidTentacle
item	5373	itemStackLimit	64
item	5373	hasSubtypes	false
item	5373	maxDamage	0
item	5373	isDamageable	false
item	5373	localizedName	item.SquidTentacle
item	5373	unlocalizedName	item.SquidTentacle
item	5373	hasContainerItem	false
item	5373	statName	item.SquidTentacle.name
item	5373	isMap	false
item	5373	itemUseAction	eat
item	5373	maxItemUseDuration	32
item	5373	potionEffect	null
item	5373	isPotionIngredient	false
item	5373	itemDisplayName	
item	5373	isItemTool	false
item	5373	enchantability	0
item	5373	isRepairable	false
item	5373	isItemBlock	false
item	5374	id	5374
item	5374	gid	UsefulFood/item.CookedSquidTentacle
item	5374	itemStackLimit	64
item	5374	hasSubtypes	false
item	5374	maxDamage	0
item	5374	isDamageable	false
item	5374	localizedName	item.CookedSquidTentacle
item	5374	unlocalizedName	item.CookedSquidTentacle
item	5374	hasContainerItem	false
item	5374	statName	item.CookedSquidTentacle.name
item	5374	isMap	false
item	5374	itemUseAction	eat
item	5374	maxItemUseDuration	32
item	5374	potionEffect	null
item	5374	isPotionIngredient	false
item	5374	itemDisplayName	
item	5374	isItemTool	false
item	5374	enchantability	0
item	5374	isRepairable	false
item	5374	isItemBlock	false
item	5375	id	5375
item	5375	gid	UsefulFood/item.SquidSandwich
item	5375	itemStackLimit	64
item	5375	hasSubtypes	false
item	5375	maxDamage	0
item	5375	isDamageable	false
item	5375	localizedName	item.SquidSandwich
item	5375	unlocalizedName	item.SquidSandwich
item	5375	hasContainerItem	false
item	5375	statName	item.SquidSandwich.name
item	5375	isMap	false
item	5375	itemUseAction	eat
item	5375	maxItemUseDuration	32
item	5375	potionEffect	null
item	5375	isPotionIngredient	false
item	5375	itemDisplayName	
item	5375	isItemTool	false
item	5375	enchantability	0
item	5375	isRepairable	false
item	5375	isItemBlock	false
item	5376	id	5376
item	5376	gid	UsefulFood/item.CarrotSoup
item	5376	itemStackLimit	1
item	5376	hasSubtypes	false
item	5376	maxDamage	0
item	5376	isDamageable	false
item	5376	localizedName	item.CarrotSoup
item	5376	unlocalizedName	item.CarrotSoup
item	5376	hasContainerItem	false
item	5376	statName	item.CarrotSoup.name
item	5376	isMap	false
item	5376	itemUseAction	drink
item	5376	maxItemUseDuration	32
item	5376	potionEffect	null
item	5376	isPotionIngredient	false
item	5376	itemDisplayName	
item	5376	isItemTool	false
item	5376	enchantability	0
item	5376	isRepairable	false
item	5376	isItemBlock	false
item	5377	id	5377
item	5377	gid	UsefulFood/item.CarrotJuice
item	5377	itemStackLimit	16
item	5377	hasSubtypes	false
item	5377	maxDamage	0
item	5377	isDamageable	false
item	5377	localizedName	item.CarrotJuice
item	5377	unlocalizedName	item.CarrotJuice
item	5377	hasContainerItem	false
item	5377	statName	item.CarrotJuice.name
item	5377	isMap	false
item	5377	itemUseAction	drink
item	5377	maxItemUseDuration	32
item	5377	potionEffect	null
item	5377	isPotionIngredient	false
item	5377	itemDisplayName	
item	5377	isItemTool	false
item	5377	enchantability	0
item	5377	isRepairable	false
item	5377	isItemBlock	false
item	5378	id	5378
item	5378	gid	UsefulFood/item.PumpkinBread
item	5378	itemStackLimit	64
item	5378	hasSubtypes	false
item	5378	maxDamage	0
item	5378	isDamageable	false
item	5378	localizedName	item.PumpkinBread
item	5378	unlocalizedName	item.PumpkinBread
item	5378	hasContainerItem	false
item	5378	statName	item.PumpkinBread.name
item	5378	isMap	false
item	5378	itemUseAction	eat
item	5378	maxItemUseDuration	32
item	5378	potionEffect	null
item	5378	isPotionIngredient	false
item	5378	itemDisplayName	
item	5378	isItemTool	false
item	5378	enchantability	0
item	5378	isRepairable	false
item	5378	isItemBlock	false
item	5379	id	5379
item	5379	gid	UsefulFood/item.FishnChips
item	5379	itemStackLimit	64
item	5379	hasSubtypes	false
item	5379	maxDamage	0
item	5379	isDamageable	false
item	5379	localizedName	item.FishnChips
item	5379	unlocalizedName	item.FishnChips
item	5379	hasContainerItem	false
item	5379	statName	item.FishnChips.name
item	5379	isMap	false
item	5379	itemUseAction	eat
item	5379	maxItemUseDuration	32
item	5379	potionEffect	null
item	5379	isPotionIngredient	false
item	5379	itemDisplayName	
item	5379	isItemTool	false
item	5379	enchantability	0
item	5379	isRepairable	false
item	5379	isItemBlock	false
item	5380	id	5380
item	5380	gid	UsefulFood/item.SugarBiscuit
item	5380	itemStackLimit	64
item	5380	hasSubtypes	false
item	5380	maxDamage	0
item	5380	isDamageable	false
item	5380	localizedName	item.SugarBiscuit
item	5380	unlocalizedName	item.SugarBiscuit
item	5380	hasContainerItem	false
item	5380	statName	item.SugarBiscuit.name
item	5380	isMap	false
item	5380	itemUseAction	eat
item	5380	maxItemUseDuration	32
item	5380	potionEffect	null
item	5380	isPotionIngredient	false
item	5380	itemDisplayName	
item	5380	isItemTool	false
item	5380	enchantability	0
item	5380	isRepairable	false
item	5380	isItemBlock	false
item	5381	id	5381
item	5381	gid	UsefulFood/item.AppleBiscuit
item	5381	itemStackLimit	64
item	5381	hasSubtypes	false
item	5381	maxDamage	0
item	5381	isDamageable	false
item	5381	localizedName	item.AppleBiscuit
item	5381	unlocalizedName	item.AppleBiscuit
item	5381	hasContainerItem	false
item	5381	statName	item.AppleBiscuit.name
item	5381	isMap	false
item	5381	itemUseAction	eat
item	5381	maxItemUseDuration	32
item	5381	potionEffect	null
item	5381	isPotionIngredient	false
item	5381	itemDisplayName	
item	5381	isItemTool	false
item	5381	enchantability	0
item	5381	isRepairable	false
item	5381	isItemBlock	false
item	5382	id	5382
item	5382	gid	UsefulFood/item.ChocolateBiscuit
item	5382	itemStackLimit	64
item	5382	hasSubtypes	false
item	5382	maxDamage	0
item	5382	isDamageable	false
item	5382	localizedName	item.ChocolateBiscuit
item	5382	unlocalizedName	item.ChocolateBiscuit
item	5382	hasContainerItem	false
item	5382	statName	item.ChocolateBiscuit.name
item	5382	isMap	false
item	5382	itemUseAction	eat
item	5382	maxItemUseDuration	32
item	5382	potionEffect	null
item	5382	isPotionIngredient	false
item	5382	itemDisplayName	
item	5382	isItemTool	false
item	5382	enchantability	0
item	5382	isRepairable	false
item	5382	isItemBlock	false
item	5383	id	5383
item	5383	gid	UsefulFood/item.CarrotPie
item	5383	itemStackLimit	64
item	5383	hasSubtypes	false
item	5383	maxDamage	0
item	5383	isDamageable	false
item	5383	localizedName	item.CarrotPie
item	5383	unlocalizedName	item.CarrotPie
item	5383	hasContainerItem	false
item	5383	statName	item.CarrotPie.name
item	5383	isMap	false
item	5383	itemUseAction	eat
item	5383	maxItemUseDuration	32
item	5383	potionEffect	null
item	5383	isPotionIngredient	false
item	5383	itemDisplayName	
item	5383	isItemTool	false
item	5383	enchantability	0
item	5383	isRepairable	false
item	5383	isItemBlock	false
item	5384	id	5384
item	5384	gid	UsefulFood/item.HotChocolateMilkBottle
item	5384	itemStackLimit	16
item	5384	hasSubtypes	false
item	5384	maxDamage	0
item	5384	isDamageable	false
item	5384	localizedName	item.HotChocolateMilkBottle
item	5384	unlocalizedName	item.HotChocolateMilkBottle
item	5384	hasContainerItem	true
item	5384	statName	item.HotChocolateMilkBottle.name
item	5384	isMap	false
item	5384	itemUseAction	drink
item	5384	maxItemUseDuration	32
item	5384	potionEffect	null
item	5384	isPotionIngredient	false
item	5384	itemDisplayName	
item	5384	isItemTool	false
item	5384	enchantability	0
item	5384	isRepairable	false
item	5384	isItemBlock	false
item	5385	id	5385
item	5385	gid	UsefulFood/item.ChocolateIceCream
item	5385	itemStackLimit	1
item	5385	hasSubtypes	false
item	5385	maxDamage	0
item	5385	isDamageable	false
item	5385	localizedName	item.ChocolateIceCream
item	5385	unlocalizedName	item.ChocolateIceCream
item	5385	hasContainerItem	false
item	5385	statName	item.ChocolateIceCream.name
item	5385	isMap	false
item	5385	itemUseAction	eat
item	5385	maxItemUseDuration	32
item	5385	potionEffect	null
item	5385	isPotionIngredient	false
item	5385	itemDisplayName	
item	5385	isItemTool	false
item	5385	enchantability	0
item	5385	isRepairable	false
item	5385	isItemBlock	false
item	5403	id	5403
item	5403	gid	UsefulFood/item.SquidSushi
item	5403	itemStackLimit	64
item	5403	hasSubtypes	false
item	5403	maxDamage	0
item	5403	isDamageable	false
item	5403	localizedName	item.SquidSushi
item	5403	unlocalizedName	item.SquidSushi
item	5403	hasContainerItem	false
item	5403	statName	item.SquidSushi.name
item	5403	isMap	false
item	5403	itemUseAction	eat
item	5403	maxItemUseDuration	32
item	5403	potionEffect	null
item	5403	isPotionIngredient	false
item	5403	itemDisplayName	
item	5403	isItemTool	false
item	5403	enchantability	0
item	5403	isRepairable	false
item	5403	isItemBlock	false
item	5404	id	5404
item	5404	gid	UsefulFood/item.CactusJuice
item	5404	itemStackLimit	16
item	5404	hasSubtypes	false
item	5404	maxDamage	0
item	5404	isDamageable	false
item	5404	localizedName	item.CactusJuice
item	5404	unlocalizedName	item.CactusJuice
item	5404	hasContainerItem	false
item	5404	statName	item.CactusJuice.name
item	5404	isMap	false
item	5404	itemUseAction	drink
item	5404	maxItemUseDuration	32
item	5404	potionEffect	null
item	5404	isPotionIngredient	false
item	5404	itemDisplayName	
item	5404	isItemTool	false
item	5404	enchantability	0
item	5404	isRepairable	false
item	5404	isItemBlock	false
item	5405	id	5405
item	5405	gid	UsefulFood/item.Spaghetti
item	5405	itemStackLimit	1
item	5405	hasSubtypes	false
item	5405	maxDamage	0
item	5405	isDamageable	false
item	5405	localizedName	item.Spaghetti
item	5405	unlocalizedName	item.Spaghetti
item	5405	hasContainerItem	false
item	5405	statName	item.Spaghetti.name
item	5405	isMap	false
item	5405	itemUseAction	eat
item	5405	maxItemUseDuration	32
item	5405	potionEffect	null
item	5405	isPotionIngredient	false
item	5405	itemDisplayName	
item	5405	isItemTool	false
item	5405	enchantability	0
item	5405	isRepairable	false
item	5405	isItemBlock	false
item	5406	id	5406
item	5406	gid	UsefulFood/item.AppleIceCream
item	5406	itemStackLimit	1
item	5406	hasSubtypes	false
item	5406	maxDamage	0
item	5406	isDamageable	false
item	5406	localizedName	item.AppleIceCream
item	5406	unlocalizedName	item.AppleIceCream
item	5406	hasContainerItem	false
item	5406	statName	item.AppleIceCream.name
item	5406	isMap	false
item	5406	itemUseAction	eat
item	5406	maxItemUseDuration	32
item	5406	potionEffect	null
item	5406	isPotionIngredient	false
item	5406	itemDisplayName	
item	5406	isItemTool	false
item	5406	enchantability	0
item	5406	isRepairable	false
item	5406	isItemBlock	false
item	5408	id	5408
item	5408	gid	UsefulFood/item.MelonIceCream
item	5408	itemStackLimit	1
item	5408	hasSubtypes	false
item	5408	maxDamage	0
item	5408	isDamageable	false
item	5408	localizedName	item.MelonIceCream
item	5408	unlocalizedName	item.MelonIceCream
item	5408	hasContainerItem	false
item	5408	statName	item.MelonIceCream.name
item	5408	isMap	false
item	5408	itemUseAction	eat
item	5408	maxItemUseDuration	32
item	5408	potionEffect	null
item	5408	isPotionIngredient	false
item	5408	itemDisplayName	
item	5408	isItemTool	false
item	5408	enchantability	0
item	5408	isRepairable	false
item	5408	isItemBlock	false
item	5415	id	5415
item	5415	gid	UsefulFood/item.MagicIceCream
item	5415	itemStackLimit	1
item	5415	hasSubtypes	false
item	5415	maxDamage	0
item	5415	isDamageable	false
item	5415	localizedName	item.MagicIceCream
item	5415	unlocalizedName	item.MagicIceCream
item	5415	hasContainerItem	false
item	5415	statName	item.MagicIceCream.name
item	5415	isMap	false
item	5415	itemUseAction	eat
item	5415	maxItemUseDuration	32
item	5415	potionEffect	null
item	5415	isPotionIngredient	false
item	5415	itemDisplayName	
item	5415	isItemTool	false
item	5415	enchantability	0
item	5415	isRepairable	false
item	5415	isItemBlock	false
item	5421	id	5421
item	5421	gid	UsefulFood/item.ChocolateApple
item	5421	itemStackLimit	1
item	5421	hasSubtypes	false
item	5421	maxDamage	0
item	5421	isDamageable	false
item	5421	localizedName	item.ChocolateApple
item	5421	unlocalizedName	item.ChocolateApple
item	5421	hasContainerItem	false
item	5421	statName	item.ChocolateApple.name
item	5421	isMap	false
item	5421	itemUseAction	eat
item	5421	maxItemUseDuration	32
item	5421	potionEffect	null
item	5421	isPotionIngredient	false
item	5421	itemDisplayName	
item	5421	isItemTool	false
item	5421	enchantability	0
item	5421	isRepairable	false
item	5421	isItemBlock	false
item	5422	id	5422
item	5422	gid	UsefulFood/item.CaramelBiscuit
item	5422	itemStackLimit	64
item	5422	hasSubtypes	false
item	5422	maxDamage	0
item	5422	isDamageable	false
item	5422	localizedName	item.CaramelBiscuit
item	5422	unlocalizedName	item.CaramelBiscuit
item	5422	hasContainerItem	false
item	5422	statName	item.CaramelBiscuit.name
item	5422	isMap	false
item	5422	itemUseAction	eat
item	5422	maxItemUseDuration	32
item	5422	potionEffect	null
item	5422	isPotionIngredient	false
item	5422	itemDisplayName	
item	5422	isItemTool	false
item	5422	enchantability	0
item	5422	isRepairable	false
item	5422	isItemBlock	false
item	5423	id	5423
item	5423	gid	UsefulFood/item.FishSoup
item	5423	itemStackLimit	1
item	5423	hasSubtypes	false
item	5423	maxDamage	0
item	5423	isDamageable	false
item	5423	localizedName	item.FishSoup
item	5423	unlocalizedName	item.FishSoup
item	5423	hasContainerItem	false
item	5423	statName	item.FishSoup.name
item	5423	isMap	false
item	5423	itemUseAction	drink
item	5423	maxItemUseDuration	32
item	5423	potionEffect	null
item	5423	isPotionIngredient	false
item	5423	itemDisplayName	
item	5423	isItemTool	false
item	5423	enchantability	0
item	5423	isRepairable	false
item	5423	isItemBlock	false
item	5424	id	5424
item	5424	gid	UsefulFood/item.Tea
item	5424	itemStackLimit	16
item	5424	hasSubtypes	false
item	5424	maxDamage	0
item	5424	isDamageable	false
item	5424	localizedName	item.Tea
item	5424	unlocalizedName	item.Tea
item	5424	hasContainerItem	false
item	5424	statName	item.Tea.name
item	5424	isMap	false
item	5424	itemUseAction	drink
item	5424	maxItemUseDuration	32
item	5424	potionEffect	null
item	5424	isPotionIngredient	false
item	5424	itemDisplayName	
item	5424	isItemTool	false
item	5424	enchantability	0
item	5424	isRepairable	false
item	5424	isItemBlock	false
item	5425	id	5425
item	5425	gid	UsefulFood/item.HotMilkBottle
item	5425	itemStackLimit	16
item	5425	hasSubtypes	false
item	5425	maxDamage	0
item	5425	isDamageable	false
item	5425	localizedName	item.HotMilkBottle
item	5425	unlocalizedName	item.HotMilkBottle
item	5425	hasContainerItem	true
item	5425	statName	item.HotMilkBottle.name
item	5425	isMap	false
item	5425	itemUseAction	drink
item	5425	maxItemUseDuration	32
item	5425	potionEffect	null
item	5425	isPotionIngredient	false
item	5425	itemDisplayName	
item	5425	isItemTool	false
item	5425	enchantability	0
item	5425	isRepairable	false
item	5425	isItemBlock	false
item	5426	id	5426
item	5426	gid	UsefulFood/item.CaramelCake
item	5426	itemStackLimit	1
item	5426	hasSubtypes	false
item	5426	maxDamage	0
item	5426	isDamageable	false
item	5426	localizedName	item.CaramelCake
item	5426	unlocalizedName	item.CaramelCake
item	5426	hasContainerItem	false
item	5426	statName	item.CaramelCake.name
item	5426	isMap	false
item	5426	itemUseAction	none
item	5426	maxItemUseDuration	0
item	5426	potionEffect	null
item	5426	isPotionIngredient	false
item	5426	itemDisplayName	
item	5426	isItemTool	false
item	5426	enchantability	0
item	5426	isRepairable	false
item	5426	isItemBlock	false
recipes/smelting	Minecraft/item.egg	input	344
recipes/smelting	Minecraft/item.egg	output	5307:0
recipes/smelting	UsefulFood/item.SquidTentacle	input	5373
recipes/smelting	UsefulFood/item.SquidTentacle	output	5374:0
recipes/smelting	UsefulFood/item.MilkBottle	input	5310
recipes/smelting	UsefulFood/item.MilkBottle	output	5425:0
recipes/smelting	UsefulFood/item.SugarCube	input	5313
recipes/smelting	UsefulFood/item.SugarCube	output	5318:0
recipes/smelting	UsefulFood/item.ChocolateMilkBottle	input	5314
recipes/smelting	UsefulFood/item.ChocolateMilkBottle	output	5384:0
recipes/smelting	UsefulFood/item.RawMarshmallow	input	5322
recipes/smelting	UsefulFood/item.RawMarshmallow	output	5323:0
recipes/smelting	Minecraft/item.seeds	input	295
recipes/smelting	Minecraft/item.seeds	output	5312:0
recipes/smelting	UsefulFood/item.RawMutton	input	5337
recipes/smelting	UsefulFood/item.RawMutton	output	5336:0
recipes/smelting	Minecraft/item.seeds_pumpkin	input	361
recipes/smelting	Minecraft/item.seeds_pumpkin	output	5312:0
recipes/smelting	Minecraft/item.seeds_melon	input	362
recipes/smelting	Minecraft/item.seeds_melon	output	5312:0
oredict	56:0	name	oreDiamond
oredict	21:0	name	oreLapis
oredict	15:0	name	oreIron
oredict	129:0	name	oreEmerald
oredict	14:0	name	oreGold
oredict	73:0	name	oreRedstone
recipes/crafting/shaped	W=1;UsefulFood/item.Breadslice:0;Minecraft/item.porkchopCooked:0;UsefulFood/item.Breadslice:0	output	5326:0
recipes/crafting/shaped	W=1;UsefulFood/item.Breadslice:0;Minecraft/item.beefCooked:0;UsefulFood/item.Breadslice:0	output	5327:0
recipes/crafting/shaped	W=1;UsefulFood/item.Breadslice:0;Minecraft/item.fishCooked:0;UsefulFood/item.Breadslice:0	output	5328:0
recipes/crafting/shaped	W=1;UsefulFood/item.Breadslice:0;Minecraft/item.chickenCooked:0;UsefulFood/item.Breadslice:0	output	5329:0
recipes/crafting/shaped	W=1;UsefulFood/item.Breadslice:0;UsefulFood/item.FriedEgg:0;UsefulFood/item.Breadslice:0	output	5330:0
recipes/crafting/shaped	W=3;UsefulFood/item.MilkBottle:0;UsefulFood/item.MilkBottle:0;UsefulFood/item.MilkBottle:0;Minecraft/item.apple:0;Minecraft/item.egg:0;Minecraft/item.apple:0;Minecraft/item.wheat:0;Minecraft/item.wheat:0;Minecraft/item.wheat:0	output	5331:0
recipes/crafting/shaped	W=3;UsefulFood/item.MilkBottle:0;UsefulFood/item.MilkBottle:0;UsefulFood/item.MilkBottle:0;Minecraft/item.dyePowder:3;Minecraft/item.egg:0;Minecraft/item.dyePowder:3;Minecraft/item.wheat:0;Minecraft/item.wheat:0;Minecraft/item.wheat:0	output	5332:0
recipes/crafting/shaped	W=3;UsefulFood/item.MilkBottle:0;UsefulFood/item.MilkBottle:0;UsefulFood/item.MilkBottle:0;Minecraft/item.appleGold:1;Minecraft/item.egg:0;Minecraft/item.appleGold:1;Minecraft/item.wheat:0;Minecraft/item.wheat:0;Minecraft/item.wheat:0	output	5335:0
recipes/crafting/shaped	W=1;UsefulFood/item.Breadslice:0;UsefulFood/item.CookedMutton:0;UsefulFood/item.Breadslice:0	output	5338:0
recipes/crafting/shaped	W=1;UsefulFood/item.Breadslice:0;UsefulFood/item.CookedSquidTentacle:0;UsefulFood/item.Breadslice:0	output	5375:0
recipes/crafting/shaped	W=3;UsefulFood/item.MilkBottle:0;UsefulFood/item.MilkBottle:0;UsefulFood/item.MilkBottle:0;UsefulFood/item.Caramel:0;Minecraft/item.egg:0;UsefulFood/item.Caramel:0;Minecraft/item.wheat:0;Minecraft/item.wheat:0;Minecraft/item.wheat:0	output	5426:0
recipes/crafting/shaped	W=3;Minecraft/item.milk:0;Minecraft/item.milk:0;Minecraft/item.milk:0;UsefulFood/item.Caramel:0;Minecraft/item.egg:0;UsefulFood/item.Caramel:0;Minecraft/item.wheat:0;Minecraft/item.wheat:0;Minecraft/item.wheat:0	output	5426:0
recipes/crafting/shaped	W=3;Minecraft/item.milk:0;Minecraft/item.milk:0;Minecraft/item.milk:0;Minecraft/item.apple:0;Minecraft/item.egg:0;Minecraft/item.apple:0;Minecraft/item.wheat:0;Minecraft/item.wheat:0;Minecraft/item.wheat:0	output	5331:0
recipes/crafting/shaped	W=3;Minecraft/item.milk:0;Minecraft/item.milk:0;Minecraft/item.milk:0;Minecraft/item.dyePowder:3;Minecraft/item.egg:0;Minecraft/item.dyePowder:3;Minecraft/item.wheat:0;Minecraft/item.wheat:0;Minecraft/item.wheat:0	output	5332:0
recipes/crafting/shaped	W=3;Minecraft/item.milk:0;Minecraft/item.milk:0;Minecraft/item.milk:0;Minecraft/item.appleGold:1;Minecraft/item.egg:0;Minecraft/item.appleGold:1;Minecraft/item.wheat:0;Minecraft/item.wheat:0;Minecraft/item.wheat:0	output	5335:0
recipes/crafting/shaped	W=1;UsefulFood/item.ChocolateBar:0;UsefulFood/item.Biscuit:0	output	5382:0
recipes/crafting/shapeless	Minecraft/item.glassBottle:0;Minecraft/item.glassBottle:0;Minecraft/item.milk:0	ingredient.0	374:0
recipes/crafting/shapeless	Minecraft/item.glassBottle:0;Minecraft/item.glassBottle:0;Minecraft/item.milk:0	ingredient.1	374:0
recipes/crafting/shapeless	Minecraft/item.glassBottle:0;Minecraft/item.glassBottle:0;Minecraft/item.milk:0	ingredient.2	335:0
recipes/crafting/shapeless	Minecraft/item.glassBottle:0;Minecraft/item.glassBottle:0;Minecraft/item.milk:0	output	5310:0
recipes/crafting/shapeless	Minecraft/item.appleGold:0;Minecraft/item.bowl:0;Minecraft/item.speckledMelon:0	ingredient.0	281:0
recipes/crafting/shapeless	Minecraft/item.appleGold:0;Minecraft/item.bowl:0;Minecraft/item.speckledMelon:0	ingredient.1	382:0
recipes/crafting/shapeless	Minecraft/item.appleGold:0;Minecraft/item.bowl:0;Minecraft/item.speckledMelon:0	ingredient.2	322:0
recipes/crafting/shapeless	Minecraft/item.appleGold:0;Minecraft/item.bowl:0;Minecraft/item.speckledMelon:0	output	5306:0
recipes/crafting/shapeless	Minecraft/item.sugar:0;Minecraft/item.sugar:0;Minecraft/item.sugar:0;Minecraft/item.sugar:0	ingredient.0	353:0
recipes/crafting/shapeless	Minecraft/item.sugar:0;Minecraft/item.sugar:0;Minecraft/item.sugar:0;Minecraft/item.sugar:0	ingredient.1	353:0
recipes/crafting/shapeless	Minecraft/item.sugar:0;Minecraft/item.sugar:0;Minecraft/item.sugar:0;Minecraft/item.sugar:0	ingredient.2	353:0
recipes/crafting/shapeless	Minecraft/item.sugar:0;Minecraft/item.sugar:0;Minecraft/item.sugar:0;Minecraft/item.sugar:0	ingredient.3	353:0
recipes/crafting/shapeless	Minecraft/item.sugar:0;Minecraft/item.sugar:0;Minecraft/item.sugar:0;Minecraft/item.sugar:0	output	5313:0
recipes/crafting/shapeless	Minecraft/item.apple:0;Minecraft/item.stick:0;UsefulFood/item.Caramel:0	ingredient.0	280:0
recipes/crafting/shapeless	Minecraft/item.apple:0;Minecraft/item.stick:0;UsefulFood/item.Caramel:0	ingredient.1	5318:0
recipes/crafting/shapeless	Minecraft/item.apple:0;Minecraft/item.stick:0;UsefulFood/item.Caramel:0	ingredient.2	260:0
recipes/crafting/shapeless	Minecraft/item.apple:0;Minecraft/item.stick:0;UsefulFood/item.Caramel:0	output	5319:0
recipes/crafting/shapeless	Minecraft/item.bowl:0;Minecraft/tile.pumpkin:0	ingredient.0	281:0
recipes/crafting/shapeless	Minecraft/item.bowl:0;Minecraft/tile.pumpkin:0	ingredient.1	86:0
recipes/crafting/shapeless	Minecraft/item.bowl:0;Minecraft/tile.pumpkin:0	output	5308:0
recipes/crafting/shapeless	Minecraft/item.bowl:0;Minecraft/item.seeds:0;Minecraft/tile.flower:0;Minecraft/tile.rose:0	ingredient.0	38:0
recipes/crafting/shapeless	Minecraft/item.bowl:0;Minecraft/item.seeds:0;Minecraft/tile.flower:0;Minecraft/tile.rose:0	ingredient.1	37:0
recipes/crafting/shapeless	Minecraft/item.bowl:0;Minecraft/item.seeds:0;Minecraft/tile.flower:0;Minecraft/tile.rose:0	ingredient.2	281:0
recipes/crafting/shapeless	Minecraft/item.bowl:0;Minecraft/item.seeds:0;Minecraft/tile.flower:0;Minecraft/tile.rose:0	ingredient.3	295:0
recipes/crafting/shapeless	Minecraft/item.bowl:0;Minecraft/item.seeds:0;Minecraft/tile.flower:0;Minecraft/tile.rose:0	output	5309:0
recipes/crafting/shapeless	Minecraft/item.apple:0;Minecraft/item.bowl:0;Minecraft/item.melon:0	ingredient.0	281:0
recipes/crafting/shapeless	Minecraft/item.apple:0;Minecraft/item.bowl:0;Minecraft/item.melon:0	ingredient.1	360:0
recipes/crafting/shapeless	Minecraft/item.apple:0;Minecraft/item.bowl:0;Minecraft/item.melon:0	ingredient.2	260:0
recipes/crafting/shapeless	Minecraft/item.apple:0;Minecraft/item.bowl:0;Minecraft/item.melon:0	output	5311:0
recipes/crafting/shapeless	Minecraft/item.bowl:0;Minecraft/item.seeds:0;Minecraft/item.seeds:0;Minecraft/item.seeds:0;Minecraft/item.seeds:0;Minecraft/item.seeds:0;Minecraft/item.seeds:0	ingredient.0	281:0
recipes/crafting/shapeless	Minecraft/item.bowl:0;Minecraft/item.seeds:0;Minecraft/item.seeds:0;Minecraft/item.seeds:0;Minecraft/item.seeds:0;Minecraft/item.seeds:0;Minecraft/item.seeds:0	ingredient.1	295:0
recipes/crafting/shapeless	Minecraft/item.bowl:0;Minecraft/item.seeds:0;Minecraft/item.seeds:0;Minecraft/item.seeds:0;Minecraft/item.seeds:0;Minecraft/item.seeds:0;Minecraft/item.seeds:0	ingredient.2	295:0
recipes/crafting/shapeless	Minecraft/item.bowl:0;Minecraft/item.seeds:0;Minecraft/item.seeds:0;Minecraft/item.seeds:0;Minecraft/item.seeds:0;Minecraft/item.seeds:0;Minecraft/item.seeds:0	ingredient.3	295:0
recipes/crafting/shapeless	Minecraft/item.bowl:0;Minecraft/item.seeds:0;Minecraft/item.seeds:0;Minecraft/item.seeds:0;Minecraft/item.seeds:0;Minecraft/item.seeds:0;Minecraft/item.seeds:0	ingredient.4	295:0
recipes/crafting/shapeless	Minecraft/item.bowl:0;Minecraft/item.seeds:0;Minecraft/item.seeds:0;Minecraft/item.seeds:0;Minecraft/item.seeds:0;Minecraft/item.seeds:0;Minecraft/item.seeds:0	ingredient.5	295:0
recipes/crafting/shapeless	Minecraft/item.bowl:0;Minecraft/item.seeds:0;Minecraft/item.seeds:0;Minecraft/item.seeds:0;Minecraft/item.seeds:0;Minecraft/item.seeds:0;Minecraft/item.seeds:0	ingredient.6	295:0
recipes/crafting/shapeless	Minecraft/item.bowl:0;Minecraft/item.seeds:0;Minecraft/item.seeds:0;Minecraft/item.seeds:0;Minecraft/item.seeds:0;Minecraft/item.seeds:0;Minecraft/item.seeds:0	output	5320:0
recipes/crafting/shapeless	Minecraft/item.bowl:0;Minecraft/item.slimeball:0;Minecraft/item.sugar:0	ingredient.0	281:0
recipes/crafting/shapeless	Minecraft/item.bowl:0;Minecraft/item.slimeball:0;Minecraft/item.sugar:0	ingredient.1	341:0
recipes/crafting/shapeless	Minecraft/item.bowl:0;Minecraft/item.slimeball:0;Minecraft/item.sugar:0	ingredient.2	353:0
recipes/crafting/shapeless	Minecraft/item.bowl:0;Minecraft/item.slimeball:0;Minecraft/item.sugar:0	output	5321:0
recipes/crafting/shapeless	Minecraft/item.bucketWater:0;Minecraft/item.stick:0;Minecraft/item.sugar:0;Minecraft/item.sugar:0;Minecraft/item.sugar:0	ingredient.0	280:0
recipes/crafting/shapeless	Minecraft/item.bucketWater:0;Minecraft/item.stick:0;Minecraft/item.sugar:0;Minecraft/item.sugar:0;Minecraft/item.sugar:0	ingredient.1	326:0
recipes/crafting/shapeless	Minecraft/item.bucketWater:0;Minecraft/item.stick:0;Minecraft/item.sugar:0;Minecraft/item.sugar:0;Minecraft/item.sugar:0	ingredient.2	353:0
recipes/crafting/shapeless	Minecraft/item.bucketWater:0;Minecraft/item.stick:0;Minecraft/item.sugar:0;Minecraft/item.sugar:0;Minecraft/item.sugar:0	ingredient.3	353:0
recipes/crafting/shapeless	Minecraft/item.bucketWater:0;Minecraft/item.stick:0;Minecraft/item.sugar:0;Minecraft/item.sugar:0;Minecraft/item.sugar:0	ingredient.4	353:0
recipes/crafting/shapeless	Minecraft/item.bucketWater:0;Minecraft/item.stick:0;Minecraft/item.sugar:0;Minecraft/item.sugar:0;Minecraft/item.sugar:0	output	5322:0
recipes/crafting/shapeless	Minecraft/item.bowl:0;Minecraft/item.snowball:0;Minecraft/item.sugar:0	ingredient.0	281:0
recipes/crafting/shapeless	Minecraft/item.bowl:0;Minecraft/item.snowball:0;Minecraft/item.sugar:0	ingredient.1	332:0
recipes/crafting/shapeless	Minecraft/item.bowl:0;Minecraft/item.snowball:0;Minecraft/item.sugar:0	ingredient.2	353:0
recipes/crafting/shapeless	Minecraft/item.bowl:0;Minecraft/item.snowball:0;Minecraft/item.sugar:0	output	5324:0
recipes/crafting/shapeless	Minecraft/item.bread:0	ingredient.0	297:0
recipes/crafting/shapeless	Minecraft/item.bread:0	output	5325:0
recipes/crafting/shapeless	Minecraft/item.wheat:0;Minecraft/item.wheat:0	ingredient.0	296:0
recipes/crafting/shapeless	Minecraft/item.wheat:0;Minecraft/item.wheat:0	ingredient.1	296:0
recipes/crafting/shapeless	Minecraft/item.wheat:0;Minecraft/item.wheat:0	output	5333:0
recipes/crafting/shapeless	Minecraft/item.bowl:0;Minecraft/item.seeds:0;Minecraft/item.seeds_melon:0;Minecraft/item.seeds_pumpkin:0	ingredient.0	281:0
recipes/crafting/shapeless	Minecraft/item.bowl:0;Minecraft/item.seeds:0;Minecraft/item.seeds_melon:0;Minecraft/item.seeds_pumpkin:0	ingredient.1	361:0
recipes/crafting/shapeless	Minecraft/item.bowl:0;Minecraft/item.seeds:0;Minecraft/item.seeds_melon:0;Minecraft/item.seeds_pumpkin:0	ingredient.2	295:0
recipes/crafting/shapeless	Minecraft/item.bowl:0;Minecraft/item.seeds:0;Minecraft/item.seeds_melon:0;Minecraft/item.seeds_pumpkin:0	ingredient.3	362:0
recipes/crafting/shapeless	Minecraft/item.bowl:0;Minecraft/item.seeds:0;Minecraft/item.seeds_melon:0;Minecraft/item.seeds_pumpkin:0	output	5334:0
recipes/crafting/shapeless	Minecraft/item.dyePowder:3;Minecraft/item.sugar:0;UsefulFood/item.MilkBottle:0	ingredient.0	351:3
recipes/crafting/shapeless	Minecraft/item.dyePowder:3;Minecraft/item.sugar:0;UsefulFood/item.MilkBottle:0	ingredient.1	353:0
recipes/crafting/shapeless	Minecraft/item.dyePowder:3;Minecraft/item.sugar:0;UsefulFood/item.MilkBottle:0	ingredient.2	5310:0
recipes/crafting/shapeless	Minecraft/item.dyePowder:3;Minecraft/item.sugar:0;UsefulFood/item.MilkBottle:0	output	5317:0
recipes/crafting/shapeless	UsefulFood/item.ChocolateBar:0;UsefulFood/item.VanillaIceCream:0	ingredient.0	5317:0
recipes/crafting/shapeless	UsefulFood/item.ChocolateBar:0;UsefulFood/item.VanillaIceCream:0	ingredient.1	5324:0
recipes/crafting/shapeless	UsefulFood/item.ChocolateBar:0;UsefulFood/item.VanillaIceCream:0	output	5385:0
recipes/crafting/shapeless	Minecraft/item.fishRaw:0;Minecraft/tile.waterlily:0	ingredient.0	349:0
recipes/crafting/shapeless	Minecraft/item.fishRaw:0;Minecraft/tile.waterlily:0	ingredient.1	111:0
recipes/crafting/shapeless	Minecraft/item.fishRaw:0;Minecraft/tile.waterlily:0	output	5372:0
recipes/crafting/shapeless	Minecraft/item.glassBottle:0;Minecraft/item.melon:0;Minecraft/item.melon:0;Minecraft/item.melon:0	ingredient.0	360:0
recipes/crafting/shapeless	Minecraft/item.glassBottle:0;Minecraft/item.melon:0;Minecraft/item.melon:0;Minecraft/item.melon:0	ingredient.1	360:0
recipes/crafting/shapeless	Minecraft/item.glassBottle:0;Minecraft/item.melon:0;Minecraft/item.melon:0;Minecraft/item.melon:0	ingredient.2	360:0
recipes/crafting/shapeless	Minecraft/item.glassBottle:0;Minecraft/item.melon:0;Minecraft/item.melon:0;Minecraft/item.melon:0	ingredient.3	374:0
recipes/crafting/shapeless	Minecraft/item.glassBottle:0;Minecraft/item.melon:0;Minecraft/item.melon:0;Minecraft/item.melon:0	output	5359:0
recipes/crafting/shapeless	Minecraft/item.apple:0;Minecraft/item.apple:0;Minecraft/item.apple:0;Minecraft/item.glassBottle:0	ingredient.0	260:0
recipes/crafting/shapeless	Minecraft/item.apple:0;Minecraft/item.apple:0;Minecraft/item.apple:0;Minecraft/item.glassBottle:0	ingredient.1	260:0
recipes/crafting/shapeless	Minecraft/item.apple:0;Minecraft/item.apple:0;Minecraft/item.apple:0;Minecraft/item.glassBottle:0	ingredient.2	260:0
recipes/crafting/shapeless	Minecraft/item.apple:0;Minecraft/item.apple:0;Minecraft/item.apple:0;Minecraft/item.glassBottle:0	ingredient.3	374:0
recipes/crafting/shapeless	Minecraft/item.apple:0;Minecraft/item.apple:0;Minecraft/item.apple:0;Minecraft/item.glassBottle:0	output	5361:0
recipes/crafting/shapeless	Minecraft/item.carrots:0;Minecraft/item.carrots:0;Minecraft/item.carrots:0;Minecraft/item.glassBottle:0	ingredient.0	391:0
recipes/crafting/shapeless	Minecraft/item.carrots:0;Minecraft/item.carrots:0;Minecraft/item.carrots:0;Minecraft/item.glassBottle:0	ingredient.1	391:0
recipes/crafting/shapeless	Minecraft/item.carrots:0;Minecraft/item.carrots:0;Minecraft/item.carrots:0;Minecraft/item.glassBottle:0	ingredient.2	391:0
recipes/crafting/shapeless	Minecraft/item.carrots:0;Minecraft/item.carrots:0;Minecraft/item.carrots:0;Minecraft/item.glassBottle:0	ingredient.3	374:0
recipes/crafting/shapeless	Minecraft/item.carrots:0;Minecraft/item.carrots:0;Minecraft/item.carrots:0;Minecraft/item.glassBottle:0	output	5377:0
recipes/crafting/shapeless	Minecraft/item.appleGold:0;Minecraft/item.appleGold:0;Minecraft/item.appleGold:1;Minecraft/item.glassBottle:0	ingredient.0	322:1
recipes/crafting/shapeless	Minecraft/item.appleGold:0;Minecraft/item.appleGold:0;Minecraft/item.appleGold:1;Minecraft/item.glassBottle:0	ingredient.1	322:0
recipes/crafting/shapeless	Minecraft/item.appleGold:0;Minecraft/item.appleGold:0;Minecraft/item.appleGold:1;Minecraft/item.glassBottle:0	ingredient.2	322:0
recipes/crafting/shapeless	Minecraft/item.appleGold:0;Minecraft/item.appleGold:0;Minecraft/item.appleGold:1;Minecraft/item.glassBottle:0	ingredient.3	374:0
recipes/crafting/shapeless	Minecraft/item.appleGold:0;Minecraft/item.appleGold:0;Minecraft/item.appleGold:1;Minecraft/item.glassBottle:0	output	5357:0
recipes/crafting/shapeless	Minecraft/item.bowl:0;Minecraft/item.carrots:0;Minecraft/item.carrots:0	ingredient.0	391:0
recipes/crafting/shapeless	Minecraft/item.bowl:0;Minecraft/item.carrots:0;Minecraft/item.carrots:0	ingredient.1	391:0
recipes/crafting/shapeless	Minecraft/item.bowl:0;Minecraft/item.carrots:0;Minecraft/item.carrots:0	ingredient.2	281:0
recipes/crafting/shapeless	Minecraft/item.bowl:0;Minecraft/item.carrots:0;Minecraft/item.carrots:0	output	5376:0
recipes/crafting/shapeless	Minecraft/item.wheat:0;Minecraft/item.wheat:0;Minecraft/tile.pumpkin:0	ingredient.0	296:0
recipes/crafting/shapeless	Minecraft/item.wheat:0;Minecraft/item.wheat:0;Minecraft/tile.pumpkin:0	ingredient.1	296:0
recipes/crafting/shapeless	Minecraft/item.wheat:0;Minecraft/item.wheat:0;Minecraft/tile.pumpkin:0	ingredient.2	86:0
recipes/crafting/shapeless	Minecraft/item.wheat:0;Minecraft/item.wheat:0;Minecraft/tile.pumpkin:0	output	5378:0
recipes/crafting/shapeless	Minecraft/item.fishCooked:0;Minecraft/item.potatoBaked:0	ingredient.0	393:0
recipes/crafting/shapeless	Minecraft/item.fishCooked:0;Minecraft/item.potatoBaked:0	ingredient.1	350:0
recipes/crafting/shapeless	Minecraft/item.fishCooked:0;Minecraft/item.potatoBaked:0	output	5379:0
recipes/crafting/shapeless	Minecraft/item.carrots:0;Minecraft/item.egg:0;Minecraft/item.sugar:0;Minecraft/item.wheat:0	ingredient.0	391:0
recipes/crafting/shapeless	Minecraft/item.carrots:0;Minecraft/item.egg:0;Minecraft/item.sugar:0;Minecraft/item.wheat:0	ingredient.1	344:0
recipes/crafting/shapeless	Minecraft/item.carrots:0;Minecraft/item.egg:0;Minecraft/item.sugar:0;Minecraft/item.wheat:0	ingredient.2	353:0
recipes/crafting/shapeless	Minecraft/item.carrots:0;Minecraft/item.egg:0;Minecraft/item.sugar:0;Minecraft/item.wheat:0	ingredient.3	296:0
recipes/crafting/shapeless	Minecraft/item.carrots:0;Minecraft/item.egg:0;Minecraft/item.sugar:0;Minecraft/item.wheat:0	output	5383:0
recipes/crafting/shapeless	Minecraft/item.apple:0;UsefulFood/item.Biscuit:0	ingredient.0	260:0
recipes/crafting/shapeless	Minecraft/item.apple:0;UsefulFood/item.Biscuit:0	ingredient.1	5333:0
recipes/crafting/shapeless	Minecraft/item.apple:0;UsefulFood/item.Biscuit:0	output	5381:0
recipes/crafting/shapeless	Minecraft/item.sugar:0;UsefulFood/item.Biscuit:0	ingredient.0	353:0
recipes/crafting/shapeless	Minecraft/item.sugar:0;UsefulFood/item.Biscuit:0	ingredient.1	5333:0
recipes/crafting/shapeless	Minecraft/item.sugar:0;UsefulFood/item.Biscuit:0	output	5380:0
recipes/crafting/shapeless	Minecraft/tile.waterlily:0;UsefulFood/item.SquidTentacle:0	ingredient.0	5373:0
recipes/crafting/shapeless	Minecraft/tile.waterlily:0;UsefulFood/item.SquidTentacle:0	ingredient.1	111:0
recipes/crafting/shapeless	Minecraft/tile.waterlily:0;UsefulFood/item.SquidTentacle:0	output	5403:0
recipes/crafting/shapeless	Minecraft/item.glassBottle:0;Minecraft/tile.cactus:0;Minecraft/tile.cactus:0;Minecraft/tile.cactus:0	ingredient.0	374:0
recipes/crafting/shapeless	Minecraft/item.glassBottle:0;Minecraft/tile.cactus:0;Minecraft/tile.cactus:0;Minecraft/tile.cactus:0	ingredient.1	81:0
recipes/crafting/shapeless	Minecraft/item.glassBottle:0;Minecraft/tile.cactus:0;Minecraft/tile.cactus:0;Minecraft/tile.cactus:0	ingredient.2	81:0
recipes/crafting/shapeless	Minecraft/item.glassBottle:0;Minecraft/tile.cactus:0;Minecraft/tile.cactus:0;Minecraft/tile.cactus:0	ingredient.3	81:0
recipes/crafting/shapeless	Minecraft/item.glassBottle:0;Minecraft/tile.cactus:0;Minecraft/tile.cactus:0;Minecraft/tile.cactus:0	output	5404:0
recipes/crafting/shapeless	Minecraft/item.bowl:0;Minecraft/item.bucketWater:0;Minecraft/item.egg:0;Minecraft/item.wheat:0	ingredient.0	296:0
recipes/crafting/shapeless	Minecraft/item.bowl:0;Minecraft/item.bucketWater:0;Minecraft/item.egg:0;Minecraft/item.wheat:0	ingredient.1	326:0
recipes/crafting/shapeless	Minecraft/item.bowl:0;Minecraft/item.bucketWater:0;Minecraft/item.egg:0;Minecraft/item.wheat:0	ingredient.2	344:0
recipes/crafting/shapeless	Minecraft/item.bowl:0;Minecraft/item.bucketWater:0;Minecraft/item.egg:0;Minecraft/item.wheat:0	ingredient.3	281:0
recipes/crafting/shapeless	Minecraft/item.bowl:0;Minecraft/item.bucketWater:0;Minecraft/item.egg:0;Minecraft/item.wheat:0	output	5405:0
recipes/crafting/shapeless	Minecraft/item.apple:0;UsefulFood/item.VanillaIceCream:0	ingredient.0	5324:0
recipes/crafting/shapeless	Minecraft/item.apple:0;UsefulFood/item.VanillaIceCream:0	ingredient.1	260:0
recipes/crafting/shapeless	Minecraft/item.apple:0;UsefulFood/item.VanillaIceCream:0	output	5406:0
recipes/crafting/shapeless	Minecraft/item.appleGold:0;Minecraft/item.speckledMelon:0;Minecraft/item.speckledMelon:0;UsefulFood/item.VanillaIceCream:0	ingredient.0	322:0
recipes/crafting/shapeless	Minecraft/item.appleGold:0;Minecraft/item.speckledMelon:0;Minecraft/item.speckledMelon:0;UsefulFood/item.VanillaIceCream:0	ingredient.1	382:0
recipes/crafting/shapeless	Minecraft/item.appleGold:0;Minecraft/item.speckledMelon:0;Minecraft/item.speckledMelon:0;UsefulFood/item.VanillaIceCream:0	ingredient.2	382:0
recipes/crafting/shapeless	Minecraft/item.appleGold:0;Minecraft/item.speckledMelon:0;Minecraft/item.speckledMelon:0;UsefulFood/item.VanillaIceCream:0	ingredient.3	5324:0
recipes/crafting/shapeless	Minecraft/item.appleGold:0;Minecraft/item.speckledMelon:0;Minecraft/item.speckledMelon:0;UsefulFood/item.VanillaIceCream:0	output	5415:0
recipes/crafting/shapeless	Minecraft/item.apple:0;Minecraft/item.stick:0;UsefulFood/item.HotChocolateMilkBottle:0	ingredient.0	280:0
recipes/crafting/shapeless	Minecraft/item.apple:0;Minecraft/item.stick:0;UsefulFood/item.HotChocolateMilkBottle:0	ingredient.1	260:0
recipes/crafting/shapeless	Minecraft/item.apple:0;Minecraft/item.stick:0;UsefulFood/item.HotChocolateMilkBottle:0	ingredient.2	5384:0
recipes/crafting/shapeless	Minecraft/item.apple:0;Minecraft/item.stick:0;UsefulFood/item.HotChocolateMilkBottle:0	output	5421:0
recipes/crafting/shapeless	UsefulFood/item.Biscuit:0;UsefulFood/item.Caramel:0	ingredient.0	5333:0
recipes/crafting/shapeless	UsefulFood/item.Biscuit:0;UsefulFood/item.Caramel:0	ingredient.1	5318:0
recipes/crafting/shapeless	UsefulFood/item.Biscuit:0;UsefulFood/item.Caramel:0	output	5422:0
recipes/crafting/shapeless	Minecraft/item.bowl:0;Minecraft/item.bucketWater:0;Minecraft/item.carrots:0;Minecraft/item.fishCooked:0;Minecraft/item.potato:0	ingredient.0	281:0
recipes/crafting/shapeless	Minecraft/item.bowl:0;Minecraft/item.bucketWater:0;Minecraft/item.carrots:0;Minecraft/item.fishCooked:0;Minecraft/item.potato:0	ingredient.1	350:0
recipes/crafting/shapeless	Minecraft/item.bowl:0;Minecraft/item.bucketWater:0;Minecraft/item.carrots:0;Minecraft/item.fishCooked:0;Minecraft/item.potato:0	ingredient.2	391:0
recipes/crafting/shapeless	Minecraft/item.bowl:0;Minecraft/item.bucketWater:0;Minecraft/item.carrots:0;Minecraft/item.fishCooked:0;Minecraft/item.potato:0	ingredient.3	392:0
recipes/crafting/shapeless	Minecraft/item.bowl:0;Minecraft/item.bucketWater:0;Minecraft/item.carrots:0;Minecraft/item.fishCooked:0;Minecraft/item.potato:0	ingredient.4	326:0
recipes/crafting/shapeless	Minecraft/item.bowl:0;Minecraft/item.bucketWater:0;Minecraft/item.carrots:0;Minecraft/item.fishCooked:0;Minecraft/item.potato:0	output	5423:0
recipes/crafting/shapeless	Minecraft/item.glassBottle:0;Minecraft/tile.waterlily:0	ingredient.0	374:0
recipes/crafting/shapeless	Minecraft/item.glassBottle:0;Minecraft/tile.waterlily:0	ingredient.1	111:0
recipes/crafting/shapeless	Minecraft/item.glassBottle:0;Minecraft/tile.waterlily:0	output	5424:0
recipes/crafting/shapeless	Minecraft/item.dyePowder:3;Minecraft/item.milk:0;Minecraft/item.sugar:0	ingredient.0	351:3
recipes/crafting/shapeless	Minecraft/item.dyePowder:3;Minecraft/item.milk:0;Minecraft/item.sugar:0	ingredient.1	353:0
recipes/crafting/shapeless	Minecraft/item.dyePowder:3;Minecraft/item.milk:0;Minecraft/item.sugar:0	ingredient.2	335:0
recipes/crafting/shapeless	Minecraft/item.dyePowder:3;Minecraft/item.milk:0;Minecraft/item.sugar:0	output	5317:0
recipes/crafting/shapeless	UsefulFood/item.HotMilkBottle:0	ingredient.0	5425:0
recipes/crafting/shapeless	UsefulFood/item.HotMilkBottle:0	output	5315:0
recipes/crafting/shapeless	Minecraft/item.melon:0;Minecraft/item.melon:0;Minecraft/item.melon:0;UsefulFood/item.VanillaIceCream:0	ingredient.0	5324:0
recipes/crafting/shapeless	Minecraft/item.melon:0;Minecraft/item.melon:0;Minecraft/item.melon:0;UsefulFood/item.VanillaIceCream:0	ingredient.1	360:0
recipes/crafting/shapeless	Minecraft/item.melon:0;Minecraft/item.melon:0;Minecraft/item.melon:0;UsefulFood/item.VanillaIceCream:0	ingredient.2	360:0
recipes/crafting/shapeless	Minecraft/item.melon:0;Minecraft/item.melon:0;Minecraft/item.melon:0;UsefulFood/item.VanillaIceCream:0	ingredient.3	360:0
recipes/crafting/shapeless	Minecraft/item.melon:0;Minecraft/item.melon:0;Minecraft/item.melon:0;UsefulFood/item.VanillaIceCream:0	output	5408:0
recipes/crafting/shapeless	Minecraft/item.dyePowder:3;Minecraft/item.glassBottle:0;UsefulFood/item.HotMilkBottle:0	ingredient.0	351:3
recipes/crafting/shapeless	Minecraft/item.dyePowder:3;Minecraft/item.glassBottle:0;UsefulFood/item.HotMilkBottle:0	ingredient.1	374:0
recipes/crafting/shapeless	Minecraft/item.dyePowder:3;Minecraft/item.glassBottle:0;UsefulFood/item.HotMilkBottle:0	ingredient.2	5425:0
recipes/crafting/shapeless	Minecraft/item.dyePowder:3;Minecraft/item.glassBottle:0;UsefulFood/item.HotMilkBottle:0	output	5384:0
recipes/crafting/shapeless	Minecraft/item.dyePowder:3;Minecraft/item.glassBottle:0;UsefulFood/item.MilkBottle:0	ingredient.0	351:3
recipes/crafting/shapeless	Minecraft/item.dyePowder:3;Minecraft/item.glassBottle:0;UsefulFood/item.MilkBottle:0	ingredient.1	374:0
recipes/crafting/shapeless	Minecraft/item.dyePowder:3;Minecraft/item.glassBottle:0;UsefulFood/item.MilkBottle:0	ingredient.2	5310:0
recipes/crafting/shapeless	Minecraft/item.dyePowder:3;Minecraft/item.glassBottle:0;UsefulFood/item.MilkBottle:0	output	5314:0
